ticker,name,wash_group,factor,beta,idio_vol,listing,sector,sector_beta
VOO,Vanguard S&P 500 ETF,SP500,US_EQ,1.00,0.005,US,,0.0
IVV,iShares Core S&P 500 ETF,SP500,US_EQ,1.00,0.005,US,,0.0
SPY,SPDR S&P 500 ETF,SP500,US_EQ,1.00,0.005,US,,0.0
VTI,Vanguard Total Stock Market ETF,US_TOTAL_CRSP,US_EQ,1.02,0.012,US,,0.0
ITOT,iShares Core S&P Total US Stock ETF,US_TOTAL_SP,US_EQ,1.02,0.012,US,,0.0
SCHB,Schwab US Broad Market ETF,US_BROAD_DJ,US_EQ,1.02,0.013,US,,0.0
SCHX,Schwab US Large-Cap ETF,US_LARGE_DJ,US_EQ,1.00,0.009,US,,0.0
QQQ,Invesco QQQ Trust,NDX100,US_EQ,1.15,0.070,US,TECH,0.5
QQQM,Invesco Nasdaq 100 ETF,NDX100,US_EQ,1.15,0.070,US,TECH,0.5
VGT,Vanguard Information Technology ETF,US_IT_MSCI,US_EQ,1.20,0.03,US,TECH,1.0
XLK,Technology Select Sector SPDR,US_TECH_SPDR,US_EQ,1.18,0.03,US,TECH,1.0
VEA,Vanguard FTSE Developed Markets ETF,DEV_FTSE,INTL_EQ,1.00,0.010,US,,0.0
IEFA,iShares Core MSCI EAFE ETF,DEV_MSCI_IMI,INTL_EQ,1.00,0.010,US,,0.0
VWO,Vanguard FTSE Emerging Markets ETF,EM_FTSE,EM_EQ,1.00,0.020,US,,0.0
IEMG,iShares Core MSCI Emerging Markets ETF,EM_MSCI,EM_EQ,1.00,0.020,US,,0.0
BND,Vanguard Total Bond Market ETF,US_AGG_FLOAT,BOND,1.00,0.006,US,,0.0
AGG,iShares Core US Aggregate Bond ETF,US_AGG,BOND,1.00,0.006,US,,0.0
GLD,SPDR Gold Shares,GOLD_BULLION,GOLD,1.00,0.004,US,,0.0
IAU,iShares Gold Trust,GOLD_BULLION,GOLD,1.00,0.004,US,,0.0
AAPL,Apple,AAPL,US_EQ,1.20,0.18,US,TECH,1.0
MSFT,Microsoft,MSFT,US_EQ,1.10,0.16,US,TECH,1.0
NVDA,NVIDIA,NVDA,US_EQ,1.70,0.36,US,TECH,1.3
AMZN,Amazon,AMZN,US_EQ,1.25,0.23,US,CONS,1.0
JPM,JPMorgan Chase,JPM,US_EQ,1.10,0.17,US,FIN,1.0
XOM,Exxon Mobil,XOM,US_EQ,0.80,0.15,US,ENERGY,1.0
INTC,Intel,INTC,US_EQ,1.10,0.35,US,TECH,1.0
PFE,Pfizer,PFE,US_EQ,0.60,0.19,US,HEALTH,1.0
NKE,Nike,NKE,US_EQ,1.00,0.26,US,CONS,1.0
DIS,Walt Disney,DIS,US_EQ,1.10,0.23,US,COMM,1.0
XIU,iShares S&P/TSX 60 ETF,TSX60,CA_EQ,1.00,0.008,CA,,0.0
XIC,iShares Core S&P/TSX Capped Composite ETF,TSX_CAPPED,CA_EQ,1.00,0.006,CA,,0.0
ZCN,BMO S&P/TSX Capped Composite ETF,TSX_CAPPED,CA_EQ,1.00,0.006,CA,,0.0
VCN,Vanguard FTSE Canada All Cap ETF,CA_FTSE_ALLCAP,CA_EQ,1.00,0.009,CA,,0.0
VFV,Vanguard S&P 500 ETF (CAD),SP500,US_EQ,1.00,0.030,CA,,0.0
ZSP,BMO S&P 500 ETF (CAD),SP500,US_EQ,1.00,0.030,CA,,0.0
XUS,iShares Core S&P 500 ETF (CAD),SP500,US_EQ,1.00,0.030,CA,,0.0
VUN,Vanguard US Total Market ETF (CAD),US_TOTAL_CRSP,US_EQ,1.02,0.032,CA,,0.0
XUU,iShares Core S&P US Total Market ETF (CAD),US_TOTAL_SP,US_EQ,1.02,0.032,CA,,0.0
XEF,iShares Core MSCI EAFE IMI ETF,DEV_MSCI_IMI,INTL_EQ,1.00,0.012,CA,,0.0
VIU,Vanguard FTSE Developed All Cap ex North America ETF,DEV_FTSE_XNA,INTL_EQ,1.00,0.012,CA,,0.0
ZAG,BMO Aggregate Bond Index ETF,CA_UNIVERSE_FTSE,BOND,1.00,0.008,CA,,0.0
VAB,Vanguard Canadian Aggregate Bond ETF,CA_AGG_BB,BOND,1.00,0.008,CA,,0.0
XBB,iShares Core Canadian Universe Bond ETF,CA_UNIVERSE_FTSE,BOND,1.00,0.008,CA,,0.0
RY,Royal Bank of Canada,RY,CA_EQ,0.95,0.13,CA,CA_BANKS,1.0
TD,Toronto-Dominion Bank,TD,CA_EQ,0.95,0.16,CA,CA_BANKS,1.0
BNS,Bank of Nova Scotia,BNS,CA_EQ,0.95,0.16,CA,CA_BANKS,1.0
ENB,Enbridge,ENB,CA_EQ,0.75,0.15,CA,CA_ENERGY,0.6
CNQ,Canadian Natural Resources,CNQ,CA_EQ,1.10,0.22,CA,CA_ENERGY,1.0
SHOP,Shopify,SHOP,CA_EQ,1.60,0.48,CA,TECH,1.0
BCE,BCE,BCE,CA_EQ,0.60,0.20,CA,,0.0
XLV,Health Care Select Sector SPDR,US_HEALTH_SPDR,US_EQ,0.75,0.02,US,HEALTH,1.0
XLE,Energy Select Sector SPDR,US_ENERGY_SPDR,US_EQ,0.85,0.02,US,ENERGY,1.0
XLY,Consumer Discretionary Select Sector SPDR,US_CONSDISC_SPDR,US_EQ,1.15,0.02,US,CONS,1.0
XLF,Financial Select Sector SPDR,US_FIN_SPDR,US_EQ,1.05,0.02,US,FIN,1.0
XLC,Communication Services Select Sector SPDR,US_COMM_SPDR,US_EQ,1.0,0.02,US,COMM,1.0
ZEB,BMO Equal Weight Banks Index ETF,CA_BANKS_EW,CA_EQ,0.95,0.02,CA,CA_BANKS,1.0
XEG,iShares S&P/TSX Capped Energy Index ETF,CA_ENERGY_TSX,CA_EQ,1.05,0.02,CA,CA_ENERGY,1.0
