date,spy_target,tlt_target,spy_change,tlt_change,turnover
2023-01-04,0.6,0.4,0.6,0.4,1.0
2023-01-05,0.6,0.4,0.0,0.0,0.002841325828025265
2023-01-06,0.6,0.4,0.0,0.0,0.007524261170422708
2023-01-09,0.6,0.4,0.0,0.0,0.0021319697101537805
2023-01-10,0.6,0.4,0.0,0.0,0.0028226091577738255
2023-01-11,0.6,0.4,0.0,0.0,0.011337341679672097
2023-01-12,0.6,0.4,0.0,0.0,0.0017056952643166312
2023-01-13,0.6,0.4,0.0,0.0,0.0076231642715681724
2023-01-17,0.6,0.4,0.0,0.0,0.006370218899982294
2023-01-18,0.6,0.4,0.0,0.0,0.0022313922174624357
2023-01-19,0.6,0.4,0.0,0.0,0.019205069382663864
2023-01-20,0.6,0.4,0.0,0.0,0.0004928710039218687
2023-01-23,0.6,0.4,0.0,0.0,0.01664511828258386
2023-01-24,0.6,0.4,0.0,0.0,0.007976720843228313
2023-01-25,0.6,0.4,0.0,0.0,0.0073800098012056226
2023-01-26,0.6,0.4,0.0,0.0,0.0009829237591073015
2023-01-27,0.6,0.4,0.0,0.0,0.007472982279257523
2023-01-30,0.6,0.4,0.0,0.0,0.0023134969714284637
2023-01-31,0.6,0.4,0.0,0.0,0.004306758159161761
2023-02-01,0.6,0.4,0.0,0.0,0.0031815720654239654
2023-02-02,0.9413289083776907,0.058671091622309324,0.3413289083776907,-0.3413289083776907,0.6833191453404923
2023-02-03,0.9297494348149394,0.07025056518506057,-0.011579473562751241,0.011579473562751241,0.02460402462282276
2023-02-06,0.9075946461808164,0.09240535381918358,-0.022154788634123013,0.022154788634123013,0.04488103056973461
2023-02-07,0.8771309569549633,0.12286904304503665,-0.030463689225853074,0.030463689225853074,0.06114552441890228
2023-02-08,0.8122828890185477,0.18771711098145227,-0.06484806793641562,0.06484806793641562,0.13419778915937902
2023-02-09,0.8049489571638737,0.1950510428361263,-0.007333931854674014,0.007333931854674014,0.00984351837388478
2023-02-10,0.843453430433274,0.15654656956672597,0.03850447326940032,-0.03850447326940032,0.0767543751315882
2023-02-13,0.9114016247984585,0.08859837520154146,0.06794819436518451,-0.06794819436518451,0.13232584948383835
2023-02-14,0.9371425368986757,0.06285746310132434,0.025740912100217117,-0.025740912100217117,0.05095103485839074
2023-02-15,0.95,0.050000000000000044,0.012857463101324296,-0.012857463101324296,0.02549783589152041
2023-02-16,0.95,0.050000000000000044,0.0,0.0,0.0011912667632079654
2023-02-17,0.9401538041620902,0.059846195837909844,-0.009846195837909799,0.009846195837909799,0.019730846362120226
2023-02-21,0.9300545417381445,0.0699454582618555,-0.010099262423945654,0.010099262423945654,0.019040131208137516
2023-02-22,0.9336082788621733,0.06639172113782665,0.003553737124028844,-0.003553737124028844,0.0071902306682262995
2023-02-23,0.9321779542832717,0.06782204571672834,-0.0014303245789016872,0.0014303245789016872,0.0015528536094530782
2023-02-24,0.9055783340828082,0.09442166591719181,-0.02659962020046347,0.02659962020046347,0.05263938655622401
2023-02-27,0.8930724144068845,0.10692758559311555,-0.012505919675923738,0.012505919675923738,0.025412715258721727
2023-02-28,0.8888906776984057,0.11110932230159432,-0.004181736708478767,0.004181736708478767,0.008483895369162484
2023-03-01,0.9168051567881992,0.08319484321180082,0.027914479089793498,-0.027914479089793498,0.05746089499237715
2023-03-02,0.9346345759565577,0.06536542404344226,0.017829419168358562,-0.017829419168358562,0.03460055117568352
2023-03-03,0.95,0.050000000000000044,0.01536542404344221,-0.01536542404344221,0.028710614785005723
2023-03-06,0.95,0.050000000000000044,0.0,0.0,0.000765319674303773
2023-03-07,0.95,0.050000000000000044,0.0,0.0,0.000802199074201683
2023-03-08,0.95,0.050000000000000044,0.0,0.0,0.002068297846758105
2023-03-09,0.9443735976946651,0.05562640230533489,-0.005626402305334843,0.005626402305334843,0.01131430939574092
2023-03-10,0.8853968430204755,0.1146031569795245,-0.05897675467418961,0.05897675467418961,0.11571853141645233
2023-03-13,0.05,0.95,-0.8353968430204755,0.8353968430204755,1.6607784077081256
2023-03-14,0.05,0.95,0.0,0.0,0.0003505875651148155
2023-03-15,0.38127109179737523,0.6187289082026248,0.33127109179737524,-0.33127109179737513,0.6593628682865884
2023-03-16,0.05,0.95,-0.33127109179737524,0.33127109179737513,0.6505950188352674
2023-03-17,0.3370569051338106,0.6629430948661894,0.2870569051338106,-0.28705690513381055,0.5716879798203747
2023-03-20,0.05,0.95,-0.2870569051338106,0.28705690513381055,0.5622522450244094
2023-03-21,0.22694411569352868,0.7730558843064713,0.1769441156935287,-0.17694411569352864,0.3521251350771889
2023-03-22,0.8271044533311239,0.17289554666887608,0.6001603376375952,-0.6001603376375952,1.192670367500086
2023-03-23,0.10195537493331537,0.8980446250666846,-0.7251490783978085,0.7251490783978085,1.4415055369004535
2023-03-24,0.14345755067950364,0.8565424493204964,0.041502175746188266,-0.0415021757461882,0.08250945785539447
2023-03-27,0.177392886549852,0.822607113450148,0.03393533587034836,-0.03393533587034836,0.0672999429789509
2023-03-28,0.8109536925383166,0.18904630746168338,0.6335608059884646,-0.6335608059884646,1.2595768310406137
2023-03-29,0.7287586093217732,0.27124139067822683,-0.08219508321654345,0.08219508321654345,0.1631417529150433
2023-03-30,0.95,0.050000000000000044,0.2212413906782268,-0.2212413906782268,0.4360075617333879
2023-03-31,0.95,0.050000000000000044,0.0,0.0,0.00011847935735585097
2023-04-03,0.9130795293001015,0.0869204706998985,-0.036920470699898456,0.036920470699898456,0.07375790584718474
2023-04-04,0.915929162124143,0.08407083787585701,0.0028496328240414925,-0.0028496328240414925,0.005840393751533238
2023-04-05,0.7719359062207397,0.2280640937792603,-0.14399325590340328,0.14399325590340328,0.28635882534075185
2023-04-06,0.5322928915066584,0.46770710849334163,-0.23964301471408134,0.23964301471408134,0.47468468245945433
2023-04-10,0.5553657220973816,0.44463427790261845,0.02307283059072318,-0.02307283059072318,0.04549344638958658
2023-04-11,0.9005642634680002,0.09943573653199977,0.3451985413706187,-0.3451985413706187,0.6818703985840682
2023-04-12,0.8677531478271951,0.13224685217280485,-0.03281111564080508,0.03281111564080508,0.06530144607208377
2023-04-13,0.8097229805794248,0.19027701942057518,-0.058030167247770326,0.058030167247770326,0.11535818260635616
2023-04-14,0.95,0.050000000000000044,0.14027701942057513,-0.14027701942057513,0.2740992116603299
2023-04-17,0.95,0.050000000000000044,0.0,0.0,0.000638655940704981
2023-04-18,0.95,0.050000000000000044,0.0,0.0,0.0014668363387666389
2023-04-19,0.95,0.050000000000000044,0.0,0.0,0.00027635470217975133
2023-04-20,0.95,0.050000000000000044,0.0,0.0,7.514571773792333e-05
2023-04-21,0.95,0.050000000000000044,0.0,0.0,0.001336996755453651
2023-04-24,0.95,0.050000000000000044,0.0,0.0,0.000607406748137744
2023-04-25,0.95,0.050000000000000044,0.0,0.0,0.0008188031821854264
2023-04-26,0.7691493825321829,0.2308506174678171,-0.18085061746781705,0.18085061746781705,0.35875405995594295
2023-04-27,0.8408994313810577,0.15910056861894228,0.07175004884887481,-0.07175004884887481,0.14120623186111542
2023-04-28,0.95,0.050000000000000044,0.10910056861894224,-0.10910056861894224,0.21033838103092675
2023-05-01,0.95,0.050000000000000044,0.0,0.0,0.0007152172941720658
2023-05-02,0.8803917531888298,0.11960824681117022,-0.06960824681117017,0.06960824681117017,0.1418662463904654
2023-05-03,0.8163365337716437,0.18366346622835628,-0.06405521941718606,0.06405521941718606,0.12044206898138733
2023-05-04,0.7272796645083872,0.2727203354916128,-0.08905686926325651,0.08905686926325651,0.17436447442231823
2023-05-05,0.7438820533780688,0.2561179466219312,0.016602388869681572,-0.016602388869681572,0.03208704868623902
2023-05-08,0.8367051866259543,0.16329481337404572,0.09282313324788549,-0.09282313324788549,0.1774309875978683
2023-05-09,0.872912253488765,0.127087746511235,0.03620706686281072,-0.03620706686281072,0.06850344756996712
2023-05-10,0.88287103087793,0.11712896912207005,0.009958777389164952,-0.009958777389164952,0.020097560116092317
2023-05-11,0.8533322130362688,0.14666778696373117,-0.029538817841661125,0.029538817841661125,0.058042443608896765
2023-05-12,0.8718510987097359,0.12814890129026413,0.018518885673467045,-0.018518885673467045,0.0401203627256814
2023-05-15,0.89205046858017,0.10794953141982999,0.020199369870434136,-0.020199369870434136,0.03881799045242776
2023-05-16,0.9151316891930187,0.08486831080698132,0.023081220612848674,-0.023081220612848674,0.043508325491252525
2023-05-17,0.9360454398798534,0.06395456012014655,0.020913750686834764,-0.020913750686834764,0.042402572311408857
2023-05-18,0.95,0.050000000000000044,0.013954560120146509,-0.013954560120146509,0.026126543390499954
2023-05-19,0.95,0.050000000000000044,0.0,0.0,0.0016048653778064983
2023-05-22,0.95,0.050000000000000044,0.0,0.0,0.0005344988574256318
2023-05-23,0.95,0.050000000000000044,0.0,0.0,0.00037678394271790233
2023-05-24,0.95,0.050000000000000044,0.0,0.0,0.0013538740034490654
2023-05-25,0.95,0.050000000000000044,0.0,0.0,0.00021966099826511293
2023-05-26,0.95,0.050000000000000044,0.0,0.0,0.0010504398655898847
2023-05-30,0.95,0.050000000000000044,0.0,0.0,0.0004571259404692468
2023-05-31,0.95,0.050000000000000044,0.0,0.0,0.0009121690810802996
2023-06-01,0.9406542859110821,0.05934571408891787,-0.009345714088917823,0.009345714088917823,0.0173299372391787
2023-06-02,0.9387049271070539,0.06129507289294611,-0.001949358804028245,0.001949358804028245,0.004515772265695578
2023-06-05,0.95,0.050000000000000044,0.011295072892946068,-0.011295072892946068,0.019702256198720076
2023-06-06,0.95,0.050000000000000044,0.0,0.0,5.054890221123376e-06
2023-06-07,0.95,0.050000000000000044,0.0,0.0,0.00035223202714457225
2023-06-08,0.95,0.050000000000000044,0.0,0.0,0.0010860405303194584
2023-06-09,0.9262294285595692,0.07377057144043075,-0.02377057144043071,0.02377057144043071,0.04700793226478855
2023-06-12,0.9118496873071927,0.08815031269280726,-0.01437974125237651,0.01437974125237651,0.02919142662792945
2023-06-13,0.8989343941790904,0.10106560582090962,-0.012915293128102356,0.012915293128102356,0.026807439199752703
2023-06-14,0.8647247071060169,0.1352752928939831,-0.03420968707307348,0.03420968707307348,0.07139792231590582
2023-06-15,0.9117832053158409,0.0882167946841591,0.047058498209823996,-0.047058498209823996,0.09570729690122298
2023-06-16,0.9477918009924134,0.05220819900758655,0.03600859567657255,-0.03600859567657255,0.07157343371831666
2023-06-20,0.95,0.050000000000000044,0.0022081990075865088,-0.0022081990075865088,0.004368989983134557
2023-06-21,0.95,0.050000000000000044,0.0,0.0,0.0011556212669148885
2023-06-22,0.95,0.050000000000000044,0.0,0.0,0.0007200379136638388
2023-06-23,0.9386852323460241,0.06131476765397592,-0.011314767653975877,0.011314767653975877,0.02411493541657008
2023-06-26,0.95,0.050000000000000044,0.011314767653975877,-0.011314767653975877,0.024660593885564158
2023-06-27,0.95,0.050000000000000044,0.0,0.0,0.0004911442558004769
2023-06-28,0.95,0.050000000000000044,0.0,0.0,0.0012763537991427668
2023-06-29,0.95,0.050000000000000044,0.0,0.0,0.0003569896460458577
2023-06-30,0.95,0.050000000000000044,0.0,0.0,0.0020831145674184703
2023-07-03,0.95,0.050000000000000044,0.0,0.0,5.583761203339921e-07
2023-07-05,0.8785031705620762,0.12149682943792384,-0.07149682943792379,0.07149682943792379,0.14364098251322455
2023-07-06,0.8238940811291263,0.17610591887087368,-0.05460908943294984,0.05460908943294984,0.11093347802849139
2023-07-07,0.7562068286196872,0.24379317138031276,-0.06768725250943908,0.06768725250943908,0.13722267709357086
2023-07-10,0.7314145973121858,0.26858540268781417,-0.02479223130750141,0.02479223130750141,0.050877305553357455
2023-07-11,0.811875698952566,0.18812430104743405,0.08046110164038012,-0.08046110164038012,0.1604442797556629
2023-07-12,0.8485424162184838,0.1514575837815162,0.03666671726591786,-0.03666671726591786,0.07296058725226454
2023-07-13,0.8807932114164796,0.1192067885835204,0.032250795197995785,-0.032250795197995785,0.06528792748421822
2023-07-14,0.9175770149897484,0.08242298501025158,0.036783803573268825,-0.036783803573268825,0.07410416238007583
2023-07-17,0.9344777198979145,0.0655222801020855,0.016900704908166087,-0.016900704908166087,0.033004049534017144
2023-07-18,0.9383023495044134,0.06169765049558662,0.003824629606498875,-0.003824629606498875,0.0072856615746512005
2023-07-19,0.95,0.050000000000000044,0.011697650495586576,-0.011697650495586576,0.023062946181434944
2023-07-20,0.95,0.050000000000000044,0.0,0.0,0.0008596019161259058
2023-07-21,0.95,0.050000000000000044,0.0,0.0,0.0005268187394930623
2023-07-24,0.95,0.050000000000000044,0.0,0.0,2.8021360932266315e-05
2023-07-25,0.9475816121867938,0.05241838781320618,-0.0024183878132061354,0.0024183878132061354,0.005603570301508917
2023-07-26,0.95,0.050000000000000044,0.0024183878132061354,-0.0024183878132061354,0.004380494338070508
2023-07-27,0.95,0.050000000000000044,0.0,0.0,7.92931327668403e-05
2023-07-28,0.95,0.050000000000000044,0.0,0.0,0.0012271438139480756
2023-07-31,0.95,0.050000000000000044,0.0,0.0,0.0004379748668371722
2023-08-01,0.95,0.050000000000000044,0.0,0.0,4.748364770330166e-05
2023-08-02,0.909888543029179,0.09011145697082101,-0.04011145697082097,0.04011145697082097,0.08151238434718547
2023-08-03,0.8669154898074264,0.1330845101925736,-0.0429730532217526,0.0429730532217526,0.08541219398596668
2023-08-04,0.8438102456134888,0.15618975438651117,-0.023105244193937557,0.023105244193937557,0.0508988737604264
2023-08-07,0.8632369888732221,0.1367630111267779,0.01942674325973326,-0.01942674325973326,0.04472058057043421
2023-08-08,0.8761647302079381,0.12383526979206194,0.01292774133471597,-0.01292774133471597,0.021497696299699692
2023-08-09,0.9039398449388755,0.09606015506112453,0.02777511473093741,-0.02777511473093741,0.05902226955797388
2023-08-10,0.9323263257511555,0.06767367424884452,0.028386480812280013,-0.028386480812280013,0.058843509968329155
2023-08-11,0.95,0.050000000000000044,0.017673674248844473,-0.017673674248844473,0.033222976425787046
2023-08-14,0.95,0.050000000000000044,0.0,0.0,0.0001633547662258164
2023-08-15,0.95,0.050000000000000044,0.0,0.0,0.0007298222114307737
2023-08-16,0.95,0.050000000000000044,0.0,0.0,0.0005336970744553651
2023-08-17,0.95,0.050000000000000044,0.0,0.0,4.65115972319019e-05
2023-08-18,0.95,0.050000000000000044,0.0,0.0,0.00032134829727303166
2023-08-21,0.95,0.050000000000000044,0.0,0.0,0.00028958100083294885
2023-08-22,0.95,0.050000000000000044,0.0,0.0,0.0018741204146555737
2023-08-23,0.95,0.050000000000000044,0.0,0.0,0.0009884822315967129
2023-08-24,0.95,0.050000000000000044,0.0,0.0,0.0012806561462773147
2023-08-25,0.9335033221800177,0.06649667781998225,-0.01649667781998221,0.01649667781998221,0.032293775029556694
2023-08-28,0.9208626024928721,0.0791373975071279,-0.01264071968714564,0.01264071968714564,0.025747961521608798
2023-08-29,0.8880015624022727,0.11199843759772732,-0.032861040090599425,0.032861040090599425,0.06648878810379935
2023-08-30,0.885537858997713,0.11446214100228702,-0.002463703404559703,0.002463703404559703,0.005725466015764721
2023-08-31,0.8941871104740728,0.10581288952592716,0.008649251476359865,-0.008649251476359865,0.01625670643336115
2023-09-01,0.9294013197342066,0.07059868026579341,0.035214209260133744,-0.035214209260133744,0.07155194823330298
2023-09-05,0.9482484948223591,0.05175150517764093,0.01884717508815248,-0.01884717508815248,0.03540673611114625
2023-09-06,0.9393484611576971,0.0606515388423029,-0.008900033664661966,0.008900033664661966,0.018756763768093487
2023-09-07,0.95,0.050000000000000044,0.010651538842302855,-0.010651538842302855,0.02235579100684195
2023-09-08,0.95,0.050000000000000044,0.0,0.0,0.000556725680072756
2023-09-11,0.95,0.050000000000000044,0.0,0.0,0.00022036389993521088
2023-09-12,0.95,0.050000000000000044,0.0,0.0,0.00130164736090721
2023-09-13,0.95,0.050000000000000044,0.0,0.0,0.0010739533400991735
2023-09-14,0.95,0.050000000000000044,0.0,0.0,0.0001307957604144358
2023-09-15,0.95,0.050000000000000044,0.0,0.0,0.0014931457193297984
2023-09-18,0.95,0.050000000000000044,0.0,0.0,0.0005723866358356422
2023-09-19,0.95,0.050000000000000044,0.0,0.0,0.0004854823430126831
2023-09-20,0.95,0.050000000000000044,0.0,0.0,0.0005052863852685399
2023-09-21,0.95,0.050000000000000044,0.0,0.0,0.0011803905716065294
2023-09-22,0.95,0.050000000000000044,0.0,0.0,0.0008838892126405568
2023-09-25,0.9415099769374377,0.058490023062562346,-0.008490023062562302,0.008490023062562302,0.01600013062259783
2023-09-26,0.9239613488806143,0.07603865111938568,-0.017548628056823334,0.017548628056823334,0.03826282997454366
2023-09-27,0.9193346954675191,0.08066530453248089,-0.004626653413095205,0.004626653413095205,0.007655275651887311
2023-09-28,0.9029620144663985,0.09703798553360155,-0.01637268100112066,0.01637268100112066,0.03357230931078049
2023-09-29,0.9108693851880437,0.08913061481195628,0.007907370721645268,-0.007907370721645268,0.015336539095218246
2023-10-02,0.923899895621284,0.07610010437871595,0.013030510433240328,-0.013030510433240328,0.02647438258217988
2023-10-03,0.9352935942865112,0.06470640571348885,0.011393698665227103,-0.011393698665227103,0.02048554788450921
2023-10-04,0.918448119139344,0.08155188086065601,-0.016845475147167166,0.016845475147167166,0.0346883292737776
2023-10-05,0.9004514644649454,0.0995485355350546,-0.017996654674398593,0.017996654674398593,0.03497871400270332
2023-10-06,0.8826923675609682,0.11730763243903175,-0.017759096903977145,0.017759096903977145,0.03634509166210283
2023-10-09,0.8328194106159219,0.1671805893840781,-0.04987295694504634,0.04987295694504634,0.10466939131979625
2023-10-10,0.8370497125440067,0.16295028745599327,0.004230301928084823,-0.004230301928084823,0.013169680348349588
2023-10-11,0.8723082583021851,0.12769174169781494,0.03525854575817833,-0.03525854575817833,0.06872742849074753
2023-10-12,0.9042424224545884,0.09575757754541159,0.031934164152403355,-0.031934164152403355,0.06758547304604884
2023-10-13,0.9213617594901882,0.07863824050981183,0.017119337035599758,-0.017119337035599758,0.03056675830474287
2023-10-16,0.9262049918240768,0.07379500817592322,0.004843232333888614,-0.004843232333888614,0.01301156768098255
2023-10-17,0.9286286609508708,0.07137133904912918,0.002423669126794037,-0.002423669126794037,0.001239900605190955
2023-10-18,0.9272560538744781,0.07274394612552193,-0.0013726070763927511,0.0013726070763927511,0.004201198268431017
2023-10-19,0.9420382270184752,0.05796177298152483,0.014782173143997102,-0.014782173143997102,0.030183152660724785
2023-10-20,0.95,0.050000000000000044,0.007961772981524784,-0.007961772981524784,0.014635104120059007
2023-10-23,0.95,0.050000000000000044,0.0,0.0,0.001726473889754672
2023-10-24,0.95,0.050000000000000044,0.0,0.0,0.001307264785168162
2023-10-25,0.95,0.050000000000000044,0.0,0.0,0.0005314042663375623
2023-10-26,0.95,0.050000000000000044,0.0,0.0,0.0007626362616054011
2023-10-27,0.9330979666372397,0.06690203336276035,-0.016902033362760305,0.016902033362760305,0.031181424440362884
2023-10-30,0.9197219423391356,0.08027805766086438,-0.013376024298104028,0.013376024298104028,0.026716474189436637
2023-10-31,0.9193980421780672,0.0806019578219328,-0.00032390016106842445,0.00032390016106842445,0.003052811176547876
2023-11-01,0.9298972977203385,0.07010270227966153,0.010499255542271269,-0.010499255542271269,0.019353126640521495
2023-11-02,0.943786785796162,0.05621321420383796,0.013889488075823575,-0.013889488075823575,0.029199096798422614
2023-11-03,0.95,0.050000000000000044,0.0062132142038379135,-0.0062132142038379135,0.012804523262039395
2023-11-06,0.95,0.050000000000000044,0.0,0.0,0.00022079358137079563
2023-11-07,0.95,0.050000000000000044,0.0,0.0,0.0011380997705319543
2023-11-08,0.95,0.050000000000000044,0.0,0.0,0.0011270499768666828
2023-11-09,0.95,0.050000000000000044,0.0,0.0,0.0015462225495497528
2023-11-10,0.95,0.050000000000000044,0.0,0.0,0.0014567140996754116
2023-11-13,0.95,0.050000000000000044,0.0,0.0,0.0009363387161715545
2023-11-14,0.95,0.050000000000000044,0.0,0.0,0.00012550925958514092
2023-11-15,0.9489751096107942,0.05102489038920577,-0.0010248903892057237,0.0010248903892057237,0.0017453561731673797
2023-11-16,0.9338916139248513,0.06610838607514868,-0.015083495685942916,0.015083495685942916,0.031729123631098304
2023-11-17,0.936398137539155,0.06360186246084498,0.0025065236143037017,-0.0025065236143037017,0.006393747572292899
2023-11-20,0.9388004920582518,0.06119950794174822,0.002402354519096761,-0.002402354519096761,0.005214164541191307
2023-11-21,0.9421745901208632,0.05782540987913676,0.0033740980626114636,-0.0033740980626114636,0.006566929423329919
2023-11-22,0.9473900914887144,0.05260990851128555,0.005215501367851205,-0.005215501367851205,0.010620792750032193
2023-11-24,0.95,0.050000000000000044,0.002609908511285508,-0.002609908511285508,0.005187339689316596
2023-11-27,0.95,0.050000000000000044,0.0,0.0,0.0011771002157104013
2023-11-28,0.95,0.050000000000000044,0.0,0.0,0.0017595051758652475
2023-11-29,0.95,0.050000000000000044,0.0,0.0,9.31340072066883e-05
2023-11-30,0.95,0.050000000000000044,0.0,0.0,0.0012611316940614736
2023-12-01,0.95,0.050000000000000044,0.0,0.0,0.0014668171956147766
2023-12-04,0.95,0.050000000000000044,0.0,0.0,0.0012192314067375268
2023-12-05,0.95,0.050000000000000044,0.0,0.0,0.00012132654203904358
2023-12-06,0.95,0.050000000000000044,0.0,0.0,0.002058037899205452
2023-12-07,0.95,0.050000000000000044,0.0,0.0,0.00165323801206934
2023-12-08,0.95,0.050000000000000044,0.0,0.0,0.0012611169242484344
2023-12-11,0.95,0.050000000000000044,0.0,0.0,0.001181440781182562
2023-12-12,0.95,0.050000000000000044,0.0,0.0,0.0005684445902994356
2023-12-13,0.95,0.050000000000000044,0.0,0.0,0.00015124453948364008
2023-12-14,0.95,0.050000000000000044,0.0,0.0,0.0009059090796177532
2023-12-15,0.95,0.050000000000000044,0.0,0.0,0.0021569675454718162
2023-12-18,0.9315788284551068,0.06842117154489324,-0.0184211715448932,0.0184211715448932,0.03658003614857797
2023-12-19,0.9152045651002937,0.08479543489970631,-0.016374263354813068,0.016374263354813068,0.03447319514205534
2023-12-20,0.905545019829247,0.09445498017075304,-0.009659545271046732,0.009659545271046732,0.019425942707612928
2023-12-21,0.9004451321069494,0.09955486789305057,-0.005099887722297525,0.005099887722297525,0.006627715315922059
2023-12-22,0.9170191631261614,0.08298083687383861,0.016574031019211954,-0.016574031019211954,0.030335784327600313
2023-12-26,0.9393671849030499,0.060632815096950066,0.02234802177688855,-0.02234802177688855,0.0436994227435418
2023-12-27,0.95,0.050000000000000044,0.010632815096950021,-0.010632815096950021,0.0211091426423219
2023-12-28,0.95,0.050000000000000044,0.0,0.0,0.0015076686416891777
2023-12-29,0.95,0.050000000000000044,0.0,0.0,0.0007258604834328303
2024-01-02,0.95,0.050000000000000044,0.0,0.0,0.0005837224212873193
2024-01-03,0.95,0.050000000000000044,0.0,0.0,1.609120665027608e-05
2024-01-04,0.95,0.050000000000000044,0.0,0.0,0.0011809606522448432
2024-01-05,0.95,0.050000000000000044,0.0,0.0,0.0011418476983755255
2024-01-08,0.95,0.050000000000000044,0.0,0.0,0.0010380125463485337
2024-01-09,0.95,0.050000000000000044,0.0,0.0,0.0004131494622590798
2024-01-10,0.95,0.050000000000000044,0.0,0.0,0.0004623829117460371
2024-01-11,0.9428508069725395,0.057149193027460465,-0.007149193027460421,0.007149193027460421,0.015273119563816114
2024-01-12,0.93984931508023,0.06015068491977005,-0.0030014918923095824,0.0030014918923095824,0.0053503467477502495
2024-01-16,0.941974061870837,0.05802593812916301,0.002124746790607035,-0.002124746790607035,0.003949227530371274
2024-01-17,0.95,0.050000000000000044,0.008025938129162968,-0.008025938129162968,0.014520963367514086
2024-01-18,0.95,0.050000000000000044,0.0,0.0,0.0003798171377507667
2024-01-19,0.95,0.050000000000000044,0.0,0.0,0.0017142065344334517
2024-01-22,0.95,0.050000000000000044,0.0,0.0,0.0008699693999172156
2024-01-23,0.9356400720759099,0.06435992792409007,-0.014359927924090021,0.014359927924090021,0.028356150186705002
2024-01-24,0.9390768919356958,0.06092310806430423,0.0034368198597858335,-0.0034368198597858335,0.005570986916720269
2024-01-25,0.95,0.050000000000000044,0.010923108064304188,-0.010923108064304188,0.021051436617629843
2024-01-26,0.95,0.050000000000000044,0.0,0.0,0.00010352956814592418
2024-01-29,0.95,0.050000000000000044,0.0,0.0,6.138854033835295e-05
2024-01-30,0.95,0.050000000000000044,0.0,0.0,0.00033895658368398446
2024-01-31,0.95,0.050000000000000044,0.0,0.0,0.000935016103797752
2024-02-01,0.95,0.050000000000000044,0.0,0.0,0.0025209197676548736
2024-02-02,0.9291594838696355,0.07084051613036446,-0.020840516130364417,0.020840516130364417,0.041069111988949136
2024-02-05,0.9138234223773934,0.08617657762260655,-0.015336061492242092,0.015336061492242092,0.03493083446654602
2024-02-06,0.9133769959922868,0.08662300400771317,-0.00044642638510661303,0.00044642638510661303,0.0035131512617642136
2024-02-07,0.9132682526750306,0.08673174732496935,-0.00010874331725618802,0.00010874331725618802,0.0008658745401004531
2024-02-08,0.8860946381603213,0.1139053618396787,-0.027173614514709343,0.027173614514709343,0.05642029194374312
2024-02-09,0.9025658176746867,0.09743418232531331,0.016471179514365386,-0.016471179514365386,0.03167915403704072
2024-02-12,0.9110679853702673,0.08893201462973266,0.008502167695580654,-0.008502167695580654,0.015639359146413623
2024-02-13,0.9421825183164422,0.057817481683557825,0.031114532946174833,-0.031114532946174833,0.062490164327006326
2024-02-14,0.95,0.050000000000000044,0.007817481683557781,-0.007817481683557781,0.015263536096892558
2024-02-15,0.95,0.050000000000000044,0.0,0.0,0.00037650351358191336
2024-02-16,0.9426017496108965,0.05739825038910351,-0.007398250389103467,0.007398250389103467,0.014959593647675358
2024-02-20,0.9358806058175749,0.06411939418242507,-0.00672114379332156,0.00672114379332156,0.013530149310858101
2024-02-21,0.9321464544339054,0.06785354556609458,-0.003734151383669504,0.003734151383669504,0.006700168069990395
2024-02-22,0.9396878806662619,0.060312119333738146,0.00754142623235643,-0.00754142623235643,0.014069368636744545
2024-02-23,0.9421219409682153,0.05787805903178467,0.002434060301953478,-0.002434060301953478,0.003110359923925575
2024-02-26,0.9454254306713873,0.05457456932861271,0.003303489703171958,-0.003303489703171958,0.007989703163929565
2024-02-27,0.9474245271351557,0.05257547286484432,0.0019990964637683906,-0.0019990964637683906,0.004068586931064197
2024-02-28,0.9482830500236237,0.051716949976376325,0.0008585228884679941,-0.0008585228884679941,0.0008306368050502375
2024-02-29,0.9487569546255693,0.051243045374430696,0.00047390460194562944,-0.00047390460194562944,0.0017008901085846517
2024-03-01,0.95,0.050000000000000044,0.0012430453744306513,-0.0012430453744306513,0.002821450171328871
2024-03-04,0.95,0.050000000000000044,0.0,0.0,0.00029714563387688714
2024-03-05,0.95,0.050000000000000044,0.0,0.0,0.0002806185321757096
2024-03-06,0.95,0.050000000000000044,0.0,0.0,0.002322781704807833
2024-03-07,0.95,0.050000000000000044,0.0,0.0,7.569926590801634e-05
2024-03-08,0.95,0.050000000000000044,0.0,0.0,0.0010224673880421323
2024-03-11,0.95,0.050000000000000044,0.0,0.0,0.00040413778213400225
2024-03-12,0.95,0.050000000000000044,0.0,0.0,3.20996959353656e-05
2024-03-13,0.95,0.050000000000000044,0.0,0.0,0.0017986202762213035
2024-03-14,0.95,0.050000000000000044,0.0,0.0,0.0003122010031262265
2024-03-15,0.95,0.050000000000000044,0.0,0.0,0.0012745197599634342
2024-03-18,0.95,0.050000000000000044,0.0,0.0,0.0006257715853558513
2024-03-19,0.95,0.050000000000000044,0.0,0.0,0.0008461406134764524
2024-03-20,0.95,0.050000000000000044,0.0,0.0,0.0002599590788599296
2024-03-21,0.95,0.050000000000000044,0.0,0.0,0.0009014529724245129
2024-03-22,0.95,0.050000000000000044,0.0,0.0,0.00010906782403465737
2024-03-25,0.95,0.050000000000000044,0.0,0.0,0.00108982967979495
2024-03-26,0.95,0.050000000000000044,0.0,0.0,0.0002132515498486781
2024-03-27,0.95,0.050000000000000044,0.0,0.0,0.00044033293779424665
2024-03-28,0.95,0.050000000000000044,0.0,0.0,0.00014262321750481421
2024-04-01,0.95,0.050000000000000044,0.0,0.0,6.211364228673327e-05
2024-04-02,0.934994903532312,0.06500509646768804,-0.015005096467687995,0.015005096467687995,0.03161998288813609
2024-04-03,0.9230484157469269,0.07695158425307314,-0.011946487785385096,0.011946487785385096,0.02378926980094004
2024-04-04,0.904595436940146,0.09540456305985401,-0.018452978806780873,0.018452978806780873,0.037092735705785
2024-04-05,0.9089015867321814,0.09109841326781865,0.004306149792035363,-0.004306149792035363,0.011992173958266739
2024-04-08,0.9272036715573866,0.07279632844261341,0.018302084825205234,-0.018302084825205234,0.03260210360149504
2024-04-09,0.9461367591729425,0.05386324082705751,0.0189330876155559,-0.0189330876155559,0.03777593944036771
2024-04-10,0.95,0.050000000000000044,0.003863240827057468,-0.003863240827057468,0.008555309977660054
2024-04-11,0.95,0.050000000000000044,0.0,0.0,0.0011310802890427893
2024-04-12,0.9111300061457259,0.08886999385427408,-0.03886999385427403,0.03886999385427403,0.07888074017590965
2024-04-15,0.9017627157121305,0.09823728428786949,-0.00936729043359541,0.00936729043359541,0.015595746658295245
2024-04-16,0.9049045120226308,0.09509548797736922,0.0031417963105002666,-0.0031417963105002666,0.0057492460074966
2024-04-17,0.9109849877914563,0.08901501220854369,0.006080475768825533,-0.006080475768825533,0.011330604479990805
2024-04-18,0.9244306959228896,0.07556930407711038,0.01344570813143331,-0.01344570813143331,0.02966341456432886
2024-04-19,0.947001546684373,0.052998453315627025,0.022570850761483352,-0.022570850761483352,0.04472404379072392
2024-04-22,0.95,0.050000000000000044,0.002998453315626981,-0.002998453315626981,0.007244736289546201
2024-04-23,0.95,0.050000000000000044,0.0,0.0,0.0010258085053856392
2024-04-24,0.95,0.050000000000000044,0.0,0.0,0.001083098675555727
2024-04-25,0.95,0.050000000000000044,0.0,0.0,0.0006276471447496795
2024-04-26,0.95,0.050000000000000044,0.0,0.0,0.00030660188837034613
2024-04-29,0.95,0.050000000000000044,0.0,0.0,0.00039850793720437594
2024-04-30,0.95,0.050000000000000044,0.0,0.0,0.00045850391372691257
2024-05-01,0.95,0.050000000000000044,0.0,0.0,0.0007044113174626276
2024-05-02,0.9382307659752942,0.0617692340247058,-0.011769234024705755,0.011769234024705755,0.022526972955523868
2024-05-03,0.9271575670269179,0.07284243297308213,-0.011073198948376328,0.011073198948376328,0.022727944939020264
2024-05-06,0.9164449951320597,0.08355500486794032,-0.010712571894858192,0.010712571894858192,0.021728910789907144
2024-05-07,0.9168563008790996,0.08314369912090036,0.00041130574703995837,-0.00041130574703995837,0.0001527139695736146
2024-05-08,0.9281046163287844,0.07189538367121562,0.011248315449684743,-0.011248315449684743,0.023257021437786782
2024-05-09,0.95,0.050000000000000044,0.021895383671215574,-0.021895383671215574,0.04296866429394093
2024-05-10,0.95,0.050000000000000044,0.0,0.0,8.344095128130086e-05
2024-05-13,0.95,0.050000000000000044,0.0,0.0,0.0006563069643659575
2024-05-14,0.95,0.050000000000000044,0.0,0.0,0.00022959117239016585
2024-05-15,0.95,0.050000000000000044,0.0,0.0,9.993813467434887e-05
2024-05-16,0.95,0.050000000000000044,0.0,0.0,0.00011863192575809617
2024-05-17,0.95,0.050000000000000044,0.0,0.0,0.00010282118842795673
2024-05-20,0.95,0.050000000000000044,0.0,0.0,0.0007759054831837642
2024-05-21,0.95,0.050000000000000044,0.0,0.0,0.0003897392446888595
2024-05-22,0.9486284484170788,0.05137155158292117,-0.0013715515829211267,0.0013715515829211267,0.002486754610610785
2024-05-23,0.95,0.050000000000000044,0.0013715515829211267,-0.0013715515829211267,0.003141826351931748
2024-05-24,0.95,0.050000000000000044,0.0,0.0,8.327736804167318e-05
2024-05-28,0.95,0.050000000000000044,0.0,0.0,0.00034479970050250996
2024-05-29,0.95,0.050000000000000044,0.0,0.0,0.0014283631435796293
2024-05-30,0.95,0.050000000000000044,0.0,0.0,0.00048792666968557746
2024-05-31,0.95,0.050000000000000044,0.0,0.0,0.001557407481146765
2024-06-03,0.95,0.050000000000000044,0.0,0.0,0.00021828042808295228
2024-06-04,0.9379241881349447,0.062075811865055286,-0.012075811865055242,0.012075811865055242,0.022694791986974522
2024-06-05,0.8913529598072828,0.1086470401927172,-0.04657122832766192,0.04657122832766192,0.09191458089552536
2024-06-06,0.9396631646424415,0.060336835357558516,0.04831020483515869,-0.04831020483515869,0.09574955790623395
2024-06-07,0.95,0.050000000000000044,0.010336835357558471,-0.010336835357558471,0.020505725523774013
2024-06-10,0.95,0.050000000000000044,0.0,0.0,0.001630750625394431
2024-06-11,0.95,0.050000000000000044,0.0,0.0,0.0009244319913141869
2024-06-12,0.9436582611027706,0.056341738897229376,-0.006341738897229332,0.006341738897229332,0.011931882050714951
2024-06-13,0.9252013339607658,0.07479866603923424,-0.018456927142004864,0.018456927142004864,0.03698760602169227
2024-06-14,0.9232408832498518,0.07675911675014824,-0.001960450710913997,0.001960450710913997,0.002170220030837944
2024-06-17,0.95,0.050000000000000044,0.026759116750148193,-0.026759116750148193,0.05462340273322955
2024-06-18,0.95,0.050000000000000044,0.0,0.0,0.0016874842140347304
2024-06-20,0.95,0.050000000000000044,0.0,0.0,0.0006284872254539581
2024-06-21,0.95,0.050000000000000044,0.0,0.0,0.0003757215969470498
2024-06-24,0.95,0.050000000000000044,0.0,0.0,0.00012750899824085643
2024-06-25,0.95,0.050000000000000044,0.0,0.0,0.000695010640218964
2024-06-26,0.95,0.050000000000000044,0.0,0.0,0.00020395015596937072
2024-06-27,0.95,0.050000000000000044,0.0,0.0,0.0014749901974909566
2024-06-28,0.95,0.050000000000000044,0.0,0.0,0.00022716195628876695
2024-07-01,0.95,0.050000000000000044,0.0,0.0,0.0014002048459972466
2024-07-02,0.95,0.050000000000000044,0.0,0.0,0.0018331094372974546
2024-07-03,0.9333298907317893,0.06667010926821071,-0.016670109268210664,0.016670109268210664,0.033240590140815374
2024-07-05,0.8917035263677541,0.10829647363224593,-0.04162636436403522,0.04162636436403522,0.08217911502148847
2024-07-08,0.8561197260456134,0.14388027395438663,-0.0355838003221407,0.0355838003221407,0.07068526800664914
2024-07-09,0.8654877284997732,0.13451227150022682,0.009368002454159807,-0.009368002454159807,0.01898367378240534
2024-07-10,0.8936712576640561,0.10632874233594392,0.028183529164282906,-0.028183529164282906,0.055111831381205956
2024-07-11,0.9219260907598055,0.07807390924019453,0.028254833095749388,-0.028254833095749388,0.055237606756798535
2024-07-12,0.95,0.050000000000000044,0.028073909240194483,-0.028073909240194483,0.05880675698375723
2024-07-15,0.95,0.050000000000000044,0.0,0.0,0.0001917870047692602
2024-07-16,0.95,0.050000000000000044,0.0,0.0,0.001350689184404369
2024-07-17,0.95,0.050000000000000044,0.0,0.0,0.0007718941558732609
2024-07-18,0.9314616267913256,0.0685383732086744,-0.018538373208674352,0.018538373208674352,0.03570627609851054
2024-07-19,0.9191341296681218,0.0808658703318782,-0.012327497123203801,0.012327497123203801,0.02464979895096424
2024-07-22,0.912452277226011,0.08754772277398903,-0.006681852442110836,0.006681852442110836,0.013250519551595938
2024-07-23,0.9039750490891161,0.09602495091088392,-0.008477228136894888,0.008477228136894888,0.01904669456047925
2024-07-24,0.9160828038570018,0.0839171961429982,0.012107754767885726,-0.012107754767885726,0.024244271181684998
2024-07-25,0.92904834373862,0.07095165626138,0.012965539881618193,-0.012965539881618193,0.027794048817473313
2024-07-26,0.9272440250346585,0.07275597496534147,-0.0018043187039614716,0.0018043187039614716,0.0018337978302370161
2024-07-29,0.9209705428393025,0.07902945716069754,-0.0062734821953560616,0.0062734821953560616,0.013000281200264113
2024-07-30,0.8927912416175352,0.1072087583824648,-0.02817930122176726,0.02817930122176726,0.05566217752689534
2024-07-31,0.8387626941143598,0.16123730588564023,-0.05402854750317543,0.05402854750317543,0.1063429900107258
2024-08-01,0.857552098493418,0.14244790150658204,0.018789404379058183,-0.018789404379058183,0.035973534209255226
2024-08-02,0.8779593684956433,0.12204063150435673,0.02040727000222531,-0.02040727000222531,0.046442802895338586
2024-08-05,0.9077357158225543,0.0922642841774457,0.029776347326911035,-0.029776347326911035,0.07035577061805601
2024-08-06,0.6391897770076215,0.3608102229923785,-0.2685459388149328,0.2685459388149328,0.5311737469898375
2024-08-07,0.865926806763507,0.13407319323649303,0.2267370297558855,-0.2267370297558855,0.43887215363869064
2024-08-08,0.9180505900959172,0.08194940990408284,0.05212378333241019,-0.05212378333241019,0.10416433462516209
2024-08-09,0.9099540116179553,0.0900459883820447,-0.008096578477961858,0.008096578477961858,0.020507804515284972
2024-08-12,0.9035350881775376,0.09646491182246242,-0.006418923440417723,0.006418923440417723,0.011948754976349646
2024-08-13,0.9365148130780194,0.06348518692198057,0.032979724900481844,-0.032979724900481844,0.0665012360121074
2024-08-14,0.95,0.050000000000000044,0.01348518692198053,-0.01348518692198053,0.025857103620542707
2024-08-15,0.95,0.050000000000000044,0.0,0.0,0.0002950143071238989
2024-08-16,0.95,0.050000000000000044,0.0,0.0,0.002357549695486738
2024-08-19,0.95,0.050000000000000044,0.0,0.0,0.00011939068569360306
2024-08-20,0.95,0.050000000000000044,0.0,0.0,0.00046529301370949044
2024-08-21,0.95,0.050000000000000044,0.0,0.0,0.0009125110026822619
2024-08-22,0.95,0.050000000000000044,0.0,0.0,0.00026780013710207135
2024-08-23,0.95,0.050000000000000044,0.0,0.0,0.00019894268455256797
2024-08-26,0.95,0.050000000000000044,0.0,0.0,0.00038344363468234555
2024-08-27,0.95,0.050000000000000044,0.0,0.0,1.4953094287659119e-05
2024-08-28,0.95,0.050000000000000044,0.0,0.0,0.00029464633196989165
2024-08-29,0.95,0.050000000000000044,0.0,0.0,0.00043759350614941406
2024-08-30,0.95,0.050000000000000044,0.0,0.0,0.00031924707669810093
2024-09-03,0.95,0.050000000000000044,0.0,0.0,0.0019036179291077315
2024-09-04,0.9462509076939122,0.05374909230608782,-0.0037490923060877757,0.0037490923060877757,0.0039224158648906715
2024-09-05,0.95,0.050000000000000044,0.0037490923060877757,-0.0037490923060877757,0.00901943727060802
2024-09-06,0.95,0.050000000000000044,0.0,0.0,0.0007699407682164594
2024-09-09,0.2971537654031088,0.7028462345968912,-0.6528462345968912,0.6528462345968912,1.3040773204804967
2024-09-10,0.7417013019077855,0.2582986980922145,0.4445475365046767,-0.4445475365046767,0.8862405338728678
2024-09-11,0.6707953911807247,0.32920460881927527,-0.07090591072706076,0.07090591072706076,0.14080334184510052
2024-09-12,0.49040676606245115,0.5095932339375489,-0.18038862511827358,0.18038862511827358,0.3656270451895251
2024-09-13,0.6559913735717183,0.34400862642828167,0.16558460750926718,-0.16558460750926718,0.3246354355695849
2024-09-16,0.4388252545603022,0.5611747454396978,-0.21716611901141614,0.21716611901141614,0.43546740131893247
2024-09-17,0.3866292081538306,0.6133707918461694,-0.052196046406471575,0.052196046406471575,0.10062858983802725
2024-09-18,0.2954053923253671,0.7045946076746329,-0.0912238158284635,0.0912238158284635,0.1849421334868906
2024-09-19,0.4030280631213619,0.5969719368786381,0.1076226707959948,-0.10762267079599475,0.21128169283187653
2024-09-20,0.7355747184551961,0.26442528154480394,0.33254665533383415,-0.3325466553338342,0.6553354332111756
2024-09-23,0.7316571287483851,0.26834287125161493,-0.003917589706810998,0.003917589706810998,0.008653825392818393
2024-09-24,0.9351159845387439,0.0648840154612561,0.20345885579035883,-0.20345885579035883,0.40510473739692626
2024-09-25,0.8829303099310168,0.11706969006898316,-0.05218567460772705,0.05218567460772705,0.1047421668543937
2024-09-26,0.8825589738044071,0.11744102619559293,-0.0003713361266097781,0.0003713361266097781,0.002008741571290676
2024-09-27,0.9415500134167172,0.05844998658328282,0.058991039612310114,-0.058991039612310114,0.11764879667575219
2024-09-30,0.95,0.050000000000000044,0.008449986583282776,-0.008449986583282776,0.017632851872295227
2024-10-01,0.95,0.050000000000000044,0.0,0.0,0.000830728886394877
2024-10-02,0.7502782516150784,0.24972174838492156,-0.19972174838492152,0.19972174838492152,0.3978939037358255
2024-10-03,0.8586906246605679,0.1413093753394321,0.10841237304548945,-0.10841237304548945,0.21350278820252272
2024-10-04,0.95,0.050000000000000044,0.09130937533943206,-0.09130937533943206,0.18077080120531736
2024-10-07,0.95,0.050000000000000044,0.0,0.0,0.002015692532949531
2024-10-08,0.95,0.050000000000000044,0.0,0.0,0.00014427218892196225
2024-10-09,0.95,0.050000000000000044,0.0,0.0,0.0007315229951381924
2024-10-10,0.9398368403289129,0.060163159671087096,-0.010163159671087052,0.010163159671087052,0.021516927049178597
2024-10-11,0.8441911261404026,0.1558088738595974,-0.09564571418851031,0.09564571418851031,0.1915370063642812
2024-10-14,0.7526694618736128,0.24733053812638717,-0.09152166426678976,0.09152166426678976,0.1856694946067401
2024-10-15,0.8257069737834309,0.17429302621656906,0.07303751190981811,-0.07303751190981811,0.14332570828943755
2024-10-16,0.917270927652612,0.08272907234738802,0.09156395386918104,-0.09156395386918104,0.1888882907749971
2024-10-17,0.95,0.050000000000000044,0.03272907234738798,-0.03272907234738798,0.06543815934839381
2024-10-18,0.95,0.050000000000000044,0.0,0.0,0.0015142859645894957
2024-10-21,0.95,0.050000000000000044,0.0,0.0,0.0002934844291706748
2024-10-22,0.9079440847057074,0.09205591529429258,-0.042055915294292534,0.042055915294292534,0.08561922028380586
2024-10-23,0.8373030584014081,0.16269694159859194,-0.07064102630429936,0.07064102630429936,0.141030055869458
2024-10-24,0.8336095813573123,0.16639041864268767,-0.0036934770440957276,0.0036934770440957276,0.005620983897829529
2024-10-25,0.8448981947387771,0.15510180526122286,0.011288613381464807,-0.011288613381464807,0.02375171621142863
2024-10-28,0.8675725382858578,0.13242746171414221,0.022674343547080644,-0.022674343547080644,0.04396678172628951
2024-10-29,0.9038306230918981,0.0961693769081019,0.036258084806040314,-0.036258084806040314,0.07118536807177384
2024-10-30,0.9327237470189563,0.06727625298104367,0.02889312392705823,-0.02889312392705823,0.0577698373738838
2024-10-31,0.9458465303811415,0.054153469618858474,0.013122783362185197,-0.013122783362185197,0.0269954058019075
2024-11-01,0.945353392444906,0.054646607555093984,-0.0004931379362355104,0.0004931379362355104,0.0012292380532984842
2024-11-04,0.9459358470612775,0.054064152938722465,0.0005824546163715194,-0.0005824546163715194,0.0007216948748753754
2024-11-05,0.9056078870855656,0.09439211291443439,-0.040327959975711924,0.040327959975711924,0.07884586440106031
2024-11-06,0.8392373496371172,0.16076265036288284,-0.06637053744844845,0.06637053744844845,0.1338871007940556
2024-11-07,0.7371289784092006,0.26287102159079945,-0.1021083712279166,0.1021083712279166,0.21808836957181654
2024-11-08,0.7727807408170233,0.2272192591829767,0.03565176240782275,-0.03565176240782275,0.07314542398947643
2024-11-11,0.9058675672500642,0.09413243274993577,0.13308682643304093,-0.13308682643304093,0.2690946847847767
2024-11-12,0.95,0.050000000000000044,0.044132432749935724,-0.044132432749935724,0.08727303046852136
2024-11-13,0.95,0.050000000000000044,0.0,0.0,0.0011334824830540532
2024-11-14,0.95,0.050000000000000044,0.0,0.0,0.0009473151645011738
2024-11-15,0.9368448186272599,0.06315518137274012,-0.013155181372740077,0.013155181372740077,0.02514258417973054
2024-11-18,0.9252303002576988,0.07476969974230119,-0.011614518369561067,0.011614518369561067,0.02201303408197458
2024-11-19,0.9340281840148601,0.0659718159851399,0.008797883757161284,-0.008797883757161284,0.01727583466733333
2024-11-20,0.95,0.050000000000000044,0.01597181598513986,-0.01597181598513986,0.03212070250850034
2024-11-21,0.95,0.050000000000000044,0.0,0.0,0.0003358570453544929
2024-11-22,0.95,0.050000000000000044,0.0,0.0,0.0005806206486462656
2024-11-25,0.95,0.050000000000000044,0.0,0.0,0.00024115349787778156
2024-11-26,0.95,0.050000000000000044,0.0,0.0,0.0021275375238436894
2024-11-27,0.95,0.050000000000000044,0.0,0.0,0.0008607874390966705
2024-11-29,0.95,0.050000000000000044,0.0,0.0,0.0009484904916438955
2024-12-02,0.95,0.050000000000000044,0.0,0.0,0.0003879097975905757
2024-12-03,0.95,0.050000000000000044,0.0,0.0,5.7863567201978106e-05
2024-12-04,0.95,0.050000000000000044,0.0,0.0,0.0008638418164250081
2024-12-05,0.95,0.050000000000000044,0.0,0.0,0.00042820977600147025
2024-12-06,0.95,0.050000000000000044,0.0,0.0,0.0003487688789965207
2024-12-09,0.95,0.050000000000000044,0.0,0.0,3.893408902939932e-05
2024-12-10,0.95,0.050000000000000044,0.0,0.0,0.00038849768445681915
2024-12-11,0.95,0.050000000000000044,0.0,0.0,0.00015206241428206146
2024-12-12,0.95,0.050000000000000044,0.0,0.0,0.001621402530932993
2024-12-13,0.95,0.050000000000000044,0.0,0.0,0.0006681913481331042
2024-12-16,0.95,0.050000000000000044,0.0,0.0,0.0009518238359301906
2024-12-17,0.95,0.050000000000000044,0.0,0.0,0.00012062014282229055
2024-12-18,0.95,0.050000000000000044,0.0,0.0,0.000624896102579417
2024-12-19,0.95,0.050000000000000044,0.0,0.0,0.0016923911765924157
2024-12-20,0.95,0.050000000000000044,0.0,0.0,0.0014107364685500695
2024-12-23,0.95,0.050000000000000044,0.0,0.0,0.000593148176025092
2024-12-24,0.9112967126068381,0.08870328739316191,-0.03870328739316187,0.03870328739316187,0.0788393334619911
2024-12-26,0.8514128601660171,0.14858713983398286,-0.05988385244082095,0.05988385244082095,0.12086948826708199
2024-12-27,0.8828281106265689,0.11717188937343115,0.031415250460551714,-0.031415250460551714,0.06266974184324936
2024-12-30,0.8918294229408545,0.10817057705914546,0.009001312314285692,-0.009001312314285692,0.01848919412624113
2024-12-31,0.9126498740579571,0.08735012594204294,0.020820451117102512,-0.020820451117102512,0.04542850227513376
2025-01-02,0.9410601539408054,0.058939846059194556,0.028410279882848388,-0.028410279882848388,0.056546100516332146
2025-01-03,0.95,0.050000000000000044,0.008939846059194512,-0.008939846059194512,0.01845836604414553
2025-01-06,0.95,0.050000000000000044,0.0,0.0,0.0014743109919831202
2025-01-07,0.95,0.050000000000000044,0.0,0.0,0.0009666057714346268
2025-01-08,0.95,0.050000000000000044,0.0,0.0,2.534431061781972e-06
2025-01-10,0.95,0.050000000000000044,0.0,0.0,1.7122735449792703e-05
2025-01-13,0.95,0.050000000000000044,0.0,0.0,0.0008333310475760677
2025-01-14,0.95,0.050000000000000044,0.0,0.0,0.00018038765709965654
2025-01-15,0.95,0.050000000000000044,0.0,0.0,0.00028604321076738937
2025-01-16,0.9478384036991518,0.052161596300848156,-0.002161596300848112,0.002161596300848112,0.0044122751566655
2025-01-17,0.9375907861661561,0.0624092138338439,-0.010247617532995745,0.010247617532995745,0.01998509403584172
2025-01-21,0.9458339983794777,0.05416600162052232,0.008243212213321582,-0.008243212213321582,0.0155223297383291
2025-01-22,0.95,0.050000000000000044,0.004166001620522275,-0.004166001620522275,0.008310934137804586
2025-01-23,0.95,0.050000000000000044,0.0,0.0,0.0010256159977678064
2025-01-24,0.95,0.050000000000000044,0.0,0.0,0.0012507088617392803
2025-01-27,0.95,0.050000000000000044,0.0,0.0,0.0007058458836597045
2025-01-28,0.95,0.050000000000000044,0.0,0.0,0.0024977838414826023
2025-01-29,0.95,0.050000000000000044,0.0,0.0,0.0008737734382149309
2025-01-30,0.95,0.050000000000000044,0.0,0.0,0.0002329753184972458
2025-01-31,0.95,0.050000000000000044,0.0,0.0,0.00015286494892332442
2025-02-03,0.95,0.050000000000000044,0.0,0.0,0.00011879433624058244
2025-02-04,0.95,0.050000000000000044,0.0,0.0,0.001421334834887468
2025-02-05,0.95,0.050000000000000044,0.0,0.0,0.0003441245090351486
2025-02-06,0.95,0.050000000000000044,0.0,0.0,0.001177809070604073
2025-02-07,0.95,0.050000000000000044,0.0,0.0,0.0003712212683696578
2025-02-10,0.95,0.050000000000000044,0.0,0.0,0.00025866280743763737
2025-02-11,0.95,0.050000000000000044,0.0,0.0,0.0009266585315419462
2025-02-12,0.95,0.050000000000000044,0.0,0.0,0.0006804290951312256
2025-02-13,0.95,0.050000000000000044,0.0,0.0,0.0009867667016729836
2025-02-14,0.9418190852182416,0.05818091478175835,-0.008180914781758308,0.008180914781758308,0.01579184912883297
2025-02-18,0.9022186079497746,0.0977813920502254,-0.03960047726846705,0.03960047726846705,0.07861486954073293
2025-02-19,0.8538646589198698,0.14613534108013015,-0.04835394902990475,0.04835394902990475,0.09930012969359746
2025-02-20,0.8240416376391011,0.1759583623608989,-0.029823021280768747,0.029823021280768747,0.059921543014336776
2025-02-21,0.8381834798987092,0.16181652010129077,0.014141842259608128,-0.014141842259608128,0.030581339462858098
2025-02-24,0.9440596779595273,0.05594032204047272,0.10587619806081805,-0.10587619806081805,0.2197695803641156
2025-02-25,0.95,0.050000000000000044,0.005940322040472679,-0.005940322040472679,0.012671034495496565
2025-02-26,0.95,0.050000000000000044,0.0,0.0,0.0021191053655406217
2025-02-27,0.95,0.050000000000000044,0.0,0.0,0.0005127838661492315
2025-02-28,0.95,0.050000000000000044,0.0,0.0,0.0008582070394272182
2025-03-03,0.95,0.050000000000000044,0.0,0.0,0.00031241982129820434
2025-03-04,0.7820282599371374,0.21797174006286257,-0.16797174006286253,0.16797174006286253,0.3338005822507675
2025-03-05,0.6815191918814434,0.3184808081185566,-0.10050906805569404,0.10050906805569404,0.20118312861803855
2025-03-06,0.6872266269375683,0.3127733730624317,0.005707435056124921,-0.005707435056124921,0.00332190236071761
2025-03-07,0.7248385986685681,0.27516140133143185,0.03761197173099984,-0.03761197173099984,0.08151639436938818
2025-03-10,0.8098402273646339,0.1901597726353661,0.08500162869606576,-0.08500162869606576,0.166498985505121
2025-03-11,0.8718510103854433,0.12814898961455667,0.062010783020809424,-0.062010783020809424,0.1356663527481767
2025-03-12,0.9187224980723314,0.08127750192766858,0.04687148768688809,-0.04687148768688809,0.09400743430733069
2025-03-13,0.95,0.050000000000000044,0.03127750192766854,-0.03127750192766854,0.06087780170850521
2025-03-14,0.95,0.050000000000000044,0.0,0.0,0.0021275630587130195
2025-03-17,0.95,0.050000000000000044,0.0,0.0,0.002418501136988542
2025-03-18,0.95,0.050000000000000044,0.0,0.0,0.00025653219589587273
2025-03-19,0.95,0.050000000000000044,0.0,0.0,0.0011327089943153346
2025-03-20,0.95,0.050000000000000044,0.0,0.0,0.0005366844094137277
2025-03-21,0.95,0.050000000000000044,0.0,0.0,0.0003381333766385858
2025-03-24,0.95,0.050000000000000044,0.0,0.0,0.000593579315348633
2025-03-25,0.95,0.050000000000000044,0.0,0.0,0.0026319804938944313
2025-03-26,0.95,0.050000000000000044,0.0,0.0,0.000238380439802649
2025-03-27,0.95,0.050000000000000044,0.0,0.0,0.0005157011401611261
2025-03-28,0.95,0.050000000000000044,0.0,0.0,2.477920346575374e-05
2025-03-31,0.95,0.050000000000000044,0.0,0.0,0.0032880462550807232
2025-04-01,0.95,0.050000000000000044,0.0,0.0,0.00029818218390986057
2025-04-02,0.95,0.050000000000000044,0.0,0.0,0.0005531797617813125
2025-04-03,0.95,0.050000000000000044,0.0,0.0,0.0006595384176341715
2025-04-04,0.4127145506150974,0.5872854493849027,-0.5372854493849026,0.5372854493849026,1.0692027428588364
2025-04-07,0.19834802112864552,0.8016519788713545,-0.21436652948645185,0.21436652948645185,0.3944670797244847
2025-04-08,0.2899270086949797,0.7100729913050203,0.0915789875663342,-0.0915789875663342,0.17390755977073152
2025-04-09,0.29694774439516786,0.7030522556048322,0.00702073570018813,-0.00702073570018813,0.012693314327799632
2025-04-10,0.36642412041781297,0.6335758795821871,0.06947637602264511,-0.06947637602264511,0.0989728557897106
2025-04-11,0.25999999999999995,0.74,-0.10642412041781302,0.1064241204178129,0.20504122082268145
2025-04-14,0.25499999999999995,0.7450000000000001,-0.0050000000000000044,0.0050000000000001155,0.014732226737877219
2025-04-15,0.257360297941499,0.7426397020585009,0.0023602979414990566,-0.0023602979414991676,0.0037532186970185566
2025-04-16,0.21131136902768632,0.7886886309723137,-0.04604892891381268,0.04604892891381274,0.08967773032951082
2025-04-17,0.1658761116069263,0.8341238883930737,-0.04543525742076002,0.045435257420760045,0.08159895206982287
2025-04-21,0.1374074930926854,0.8625925069073146,-0.0284686185142409,0.028468618514240873,0.059796644869736376
2025-04-22,0.06977822942463553,0.9302217705753645,-0.06762926366804987,0.06762926366804989,0.1337315734556918
2025-04-23,0.05,0.95,-0.01977822942463553,0.019778229424635474,0.042191007065643646
2025-04-24,0.058940280215400265,0.9410597197845998,0.008940280215400262,-0.008940280215400165,0.017336671797765796
2025-04-25,0.05,0.95,-0.008940280215400262,0.008940280215400165,0.019033932900825827
2025-04-28,0.05,0.95,0.0,0.0,1.3297778157402018e-05
2025-04-29,0.05,0.95,0.0,0.0,0.0005588862797841487
2025-04-30,0.05,0.95,0.0,0.0,0.0001964676026067272
2025-05-01,0.06634358224773747,0.9336564177522625,0.016343582247737465,-0.016343582247737465,0.031874403669821805
2025-05-02,0.11314548986312636,0.8868545101368737,0.046801907615388896,-0.04680190761538883,0.09209125883178372
2025-05-05,0.44474595957150354,0.5552540404284965,0.3316004697083772,-0.3316004697083772,0.6580084951030758
2025-05-06,0.48651894622810105,0.513481053771899,0.04177298665659751,-0.041772986656597455,0.08361986718384667
2025-05-07,0.553275029238413,0.446724970761587,0.06675608301031194,-0.066756083010312,0.1393629612871381
2025-05-08,0.4159365975422249,0.5840634024577751,-0.1373384316961881,0.1373384316961881,0.2746660175742185
2025-05-09,0.6670791245613766,0.33292087543862336,0.25114252701915174,-0.25114252701915174,0.4934505097118831
2025-05-12,0.5797665596035888,0.4202334403964112,-0.08731256495778783,0.08731256495778783,0.17339423114133584
2025-05-13,0.48791695546342756,0.5120830445365725,-0.09184960414016125,0.0918496041401613,0.20402659973174903
2025-05-14,0.6068462809104015,0.3931537190895985,0.11892932544697393,-0.11892932544697399,0.23253670187217218
2025-05-15,0.7456528023872194,0.2543471976127806,0.13880652147681793,-0.13880652147681793,0.2738296658301524
2025-05-16,0.6683380101304711,0.3316619898695289,-0.07731479225674831,0.07731479225674831,0.15315661981075301
2025-05-19,0.5980520040756765,0.4019479959243235,-0.07028600605479463,0.07028600605479463,0.14218732020317743
2025-05-20,0.5481718572696356,0.4518281427303644,-0.049880146806040915,0.049880146806040915,0.10167981854422703
2025-05-21,0.6764987045953527,0.32350129540464734,0.12832684732571709,-0.12832684732571709,0.2547403891368586
2025-05-22,0.7573731466154086,0.24262685338459145,0.08087444202005589,-0.08087444202005589,0.16164233945901274
2025-05-23,0.694631459872062,0.305368540127938,-0.06274168674334657,0.06274168674334657,0.12370536300525253
2025-05-27,0.626279501301341,0.373720498698659,-0.06835195857072096,0.06835195857072096,0.1330892739239985
2025-05-28,0.646723955358333,0.35327604464166695,0.020444454056992023,-0.020444454056992023,0.03774699389485353
2025-05-29,0.5763488925328604,0.42365110746713963,-0.07037506282547268,0.07037506282547268,0.14007504934963394
2025-05-30,0.5053817117980227,0.4946182882019773,-0.07096718073483765,0.07096718073483765,0.13935843267669956
2025-06-02,0.6747008243328063,0.3252991756671937,0.1693191125347836,-0.1693191125347836,0.3399515362594609
2025-06-03,0.7193866090517409,0.2806133909482591,0.044685784718934585,-0.044685784718934585,0.0828187742229049
2025-06-04,0.8967653332318742,0.10323466676812576,0.17737872418013334,-0.17737872418013334,0.35175476524840305
2025-06-05,0.7919796555251407,0.2080203444748593,-0.10478567770673353,0.10478567770673353,0.2065203280735764
2025-06-06,0.7498629084510917,0.2501370915489083,-0.042116747074049,0.042116747074049,0.0824055424996539
2025-06-09,0.8727460582393725,0.12725394176062754,0.12288314978828074,-0.12288314978828074,0.23717949239666636
2025-06-10,0.9039853909309579,0.09601460906904213,0.03123933269158541,-0.03123933269158541,0.0625126507165985
2025-06-11,0.9370078183722254,0.06299218162777465,0.03302242744126749,-0.03302242744126749,0.06595511365252095
2025-06-12,0.8914663584944003,0.10853364150559974,-0.0455414598778251,0.0455414598778251,0.09038711889110249
2025-06-13,0.7970724497316414,0.20292755026835863,-0.09439390876275888,0.09439390876275888,0.1872505113437547
2025-06-16,0.7650095237737796,0.23499047622622038,-0.032062925957861754,0.032062925957861754,0.0636208342090398
2025-06-17,0.7770546374547664,0.22294536254523356,0.012045113680986819,-0.012045113680986819,0.017080560059239025
2025-06-18,0.533509278322089,0.46649072167791095,-0.24354535913267739,0.24354535913267739,0.4798853015485377
2025-06-20,0.42109295672912594,0.578907043270874,-0.11241632159296311,0.11241632159296311,0.22389515847524893
2025-06-23,0.406195459925203,0.593804540074797,-0.014897496803922938,0.014897496803922938,0.029549753721077043
2025-06-24,0.5195859255781148,0.4804140744218852,0.11339046565291178,-0.11339046565291178,0.22359660166477796
2025-06-25,0.7113770196715206,0.28862298032847944,0.19179109409340578,-0.19179109409340578,0.38170916448200387
2025-06-26,0.5732735075688773,0.4267264924311227,-0.13810351210264327,0.13810351210264327,0.2759205175485829
2025-06-27,0.5405440049120775,0.45945599508792245,-0.03272950265679975,0.03272950265679975,0.06681793397401142
2025-06-30,0.508692683858893,0.491307316141107,-0.031851321053184556,0.031851321053184556,0.06933448462967018
2025-07-01,0.41183305394141223,0.5881669460585878,-0.09685962991748076,0.09685962991748076,0.1912082944294839
2025-07-02,0.3907829803779087,0.6092170196220913,-0.021050073563503524,0.021050073563503524,0.0407441068947661
2025-07-03,0.514525614611262,0.485474385388738,0.1237426342333533,-0.1237426342333533,0.24229074021040736
2025-07-07,0.8220712179322855,0.17792878206771445,0.30754560332102354,-0.30754560332102354,0.6076791632398029
2025-07-08,0.8196139136822375,0.18038608631776254,-0.002457304250048087,0.002457304250048087,0.005531260596620652
2025-07-09,0.8651361478132751,0.13486385218672492,0.04552223413103762,-0.04552223413103762,0.09082866847423343
2025-07-10,0.7023221029436356,0.2976778970563644,-0.16281404486963946,0.16281404486963946,0.3245930296818
2025-07-11,0.619413130544908,0.380586869455092,-0.08290897239872763,0.08290897239872763,0.16670673768956917
2025-07-14,0.6955172947872806,0.30448270521271936,0.07610416424237265,-0.07610416424237265,0.1473256164432577
2025-07-15,0.7273020990941937,0.27269790090580626,0.031784804306913106,-0.031784804306913106,0.06187393223003196
2025-07-16,0.8151019472343651,0.18489805276563487,0.08779984814017139,-0.08779984814017139,0.17450921704219302
2025-07-17,0.8247933312152399,0.1752066687847601,0.009691383980874768,-0.009691383980874768,0.018802280591484005
2025-07-18,0.8488203673331967,0.15117963266680334,0.024027036117956757,-0.024027036117956757,0.04622658247021835
2025-07-21,0.8422020064419544,0.15779799355804558,-0.0066183608912422365,0.0066183608912422365,0.012656450359477017
2025-07-22,0.823765513428739,0.17623448657126095,-0.01843649301321537,0.01843649301321537,0.03501271175078252
2025-07-23,0.707314216260885,0.292685783739115,-0.11645129716785407,0.11645129716785407,0.23119063797072756
2025-07-24,0.8291493599965287,0.17085064000347128,0.12183514373564375,-0.12183514373564375,0.23787627427579977
2025-07-25,0.7530632043520535,0.24693679564794646,-0.07608615564447518,0.07608615564447518,0.15276008991024742
2025-07-28,0.6139123635287179,0.3860876364712821,-0.13915084082333562,0.13915084082333562,0.277538099866638
2025-07-29,0.73734553439808,0.26265446560191996,0.12343317086936212,-0.12343317086936212,0.243906126366629
2025-07-30,0.8012573902078175,0.1987426097921825,0.06391185580973746,-0.06391185580973746,0.13536709659708446
2025-07-31,0.7507613182851541,0.24923868171484587,-0.050496071922663366,0.050496071922663366,0.10223495151005266
2025-08-01,0.7343722555283432,0.2656277444716568,-0.016389062756810957,0.016389062756810957,0.031154573677716624
2025-08-04,0.47021199411449965,0.5297880058855003,-0.2641602614138435,0.2641602614138435,0.5162800659108757
2025-08-05,0.5372911412704222,0.4627088587295778,0.06707914715592256,-0.06707914715592256,0.12799982399504184
2025-08-06,0.5918487010716039,0.4081512989283961,0.05455755980118171,-0.05455755980118171,0.11316590758131007
2025-08-07,0.6638474889514274,0.3361525110485726,0.0719987878798235,-0.0719987878798235,0.13752160159679805
2025-08-08,0.7477853264180307,0.25221467358196925,0.08393783746660333,-0.08393783746660333,0.16748666294190606
2025-08-11,0.763593740703025,0.236406259296975,0.015808414284994243,-0.015808414284994243,0.027062269680000806
2025-08-12,0.8485607658791913,0.15143923412080873,0.08496702517616628,-0.08496702517616628,0.17106293855673366
2025-08-13,0.9182348935727827,0.08176510642721735,0.06967412769359138,-0.06967412769359138,0.13535122060221758
2025-08-14,0.843763303457969,0.15623669654203098,-0.07447159011481363,0.07447159011481363,0.14821661594206956
2025-08-15,0.8253019808153536,0.17469801918464645,-0.018461322642615463,0.018461322642615463,0.03890402013090538
2025-08-18,0.8875715740525242,0.11242842594747582,0.06226959323717063,-0.06226959323717063,0.12315537279222172
2025-08-19,0.945018394527207,0.05498160547279296,0.05744682047468286,-0.05744682047468286,0.1143593803162058
2025-08-20,0.6810390699531159,0.3189609300468841,-0.2639793245740911,0.2639793245740911,0.5267861368844882
2025-08-21,0.6295747950127972,0.37042520498720277,-0.05146427494031869,0.05146427494031869,0.10081938160858006
2025-08-22,0.732370153243778,0.26762984675622203,0.10279535823098074,-0.10279535823098074,0.20515059457388768
2025-08-25,0.9367509943188712,0.06324900568112879,0.20438084107509324,-0.20438084107509324,0.4056858286172555
2025-08-26,0.8960787755674348,0.10392122443256524,-0.04067221875143645,0.04067221875143645,0.08116244968527629
2025-08-27,0.8507313037856891,0.14926869621431094,-0.045347471781745696,0.045347471781745696,0.09157876308726444
2025-08-28,0.7546660972728279,0.24533390272717215,-0.09606520651286121,0.09606520651286121,0.1930003724346581
2025-08-29,0.7311844583558965,0.2688155416441035,-0.023481638916931336,0.023481638916931336,0.04584356870720516
2025-09-02,0.7832347351266639,0.21676526487333614,0.052050276770767345,-0.052050276770767345,0.10364769723715206
2025-09-03,0.8344807868159034,0.16551921318409657,0.05124605168923957,-0.05124605168923957,0.1024813751155858
2025-09-04,0.8662741979759919,0.13372580202400808,0.03179341116008849,-0.03179341116008849,0.06511246365828788
2025-09-05,0.8696638977787525,0.13033610222124747,0.003389699802760604,-0.003389699802760604,0.006610870597199864
2025-09-08,0.7571621278295474,0.2428378721704526,-0.11250176994920513,0.11250176994920513,0.2208882734659303
2025-09-09,0.6777879499356594,0.3222120500643406,-0.07937417789388801,0.07937417789388801,0.15477230916384624
2025-09-10,0.8132019551311092,0.18679804486889084,0.13541400519544977,-0.13541400519544977,0.2673351804916096
2025-09-11,0.95,0.050000000000000044,0.1367980448688908,-0.1367980448688908,0.2744512240123247
2025-09-12,0.95,0.050000000000000044,0.0,0.0,0.00015301891670321116
2025-09-15,0.95,0.050000000000000044,0.0,0.0,0.0003785517088237267
2025-09-16,0.95,0.050000000000000044,0.0,0.0,0.00028251398383611487
2025-09-17,0.95,0.050000000000000044,0.0,0.0,0.00033140127077890824
2025-09-18,0.95,0.050000000000000044,0.0,0.0,0.00012395992314963994
2025-09-19,0.95,0.050000000000000044,0.0,0.0,0.0014186800221397608
2025-09-22,0.95,0.050000000000000044,0.0,0.0,0.0006486110379943233
2025-09-23,0.95,0.050000000000000044,0.0,0.0,0.0007875722535205174
2025-09-24,0.95,0.050000000000000044,0.0,0.0,0.001186928900839608
2025-09-25,0.95,0.050000000000000044,0.0,0.0,5.9545056996249124e-05
2025-09-26,0.95,0.050000000000000044,0.0,0.0,0.00044019775334012273
2025-09-29,0.95,0.050000000000000044,0.0,0.0,0.0006263019230620392
2025-09-30,0.95,0.050000000000000044,0.0,0.0,0.0005115164285399224
2025-10-01,0.95,0.050000000000000044,0.0,0.0,0.000631258308300485
2025-10-02,0.95,0.050000000000000044,0.0,0.0,7.81211871967169e-05
2025-10-03,0.95,0.050000000000000044,0.0,0.0,0.000167037688887213
2025-10-06,0.95,0.050000000000000044,0.0,0.0,0.00017899639987019322
2025-10-07,0.95,0.050000000000000044,0.0,0.0,0.0010920488559100286
2025-10-08,0.95,0.050000000000000044,0.0,0.0,0.0009015676728368477
2025-10-09,0.95,0.050000000000000044,0.0,0.0,0.0004891505529854359
2025-10-10,0.95,0.050000000000000044,0.0,0.0,0.00020129117117883427
2025-10-13,0.902390913336627,0.09760908666337298,-0.047609086663372935,0.047609086663372935,0.09101198120814222
2025-10-14,0.7146153212894796,0.2853846787105204,-0.18777559204714744,0.18777559204714744,0.3783133362436328
2025-10-15,0.5802937841734784,0.41970621582652157,-0.13432153711600114,0.13432153711600114,0.266838801498766
2025-10-16,0.4806846528036344,0.5193153471963656,-0.099609131369844,0.09960913136984406,0.20244770752398394
2025-10-17,0.44999999999999996,0.55,-0.03068465280363447,0.030684652803634416,0.054229152202007525
2025-10-20,0.5780892761246429,0.4219107238753571,0.12808927612464294,-0.12808927612464294,0.2526163263134639
2025-10-21,0.7170735526421159,0.2829264473578841,0.13898427651747303,-0.13898427651747303,0.27479134819824574
2025-10-22,0.8341767343398903,0.16582326566010974,0.11710318169777434,-0.11710318169777434,0.23620413555159464
2025-10-23,0.91117509376397,0.08882490623603001,0.07699835942407973,-0.07699835942407973,0.15562234290565868
2025-10-24,0.95,0.050000000000000044,0.038824906236029966,-0.038824906236029966,0.07559207989805893
2025-10-27,0.95,0.050000000000000044,0.0,0.0,0.0007291593642561739
2025-10-28,0.9479642519392543,0.052035748060745735,-0.00203574806074569,0.00203574806074569,0.0048613172865835386
2025-10-29,0.9416562814628318,0.05834371853716824,-0.006307970476422509,0.006307970476422509,0.01261999969962866
2025-10-30,0.9273225417338078,0.07267745826619221,-0.014333739729023964,0.014333739729023964,0.029830945849319522
2025-10-31,0.8492426026416038,0.15075739735839622,-0.07807993909220401,0.07807993909220401,0.15545418151413679
2025-11-03,0.8005183846182256,0.19948161538177445,-0.04872421802337823,0.04872421802337823,0.09904798718035854
2025-11-04,0.8264615431392165,0.1735384568607835,0.02594315852099094,-0.02594315852099094,0.05048946569885973
2025-11-05,0.859251910058591,0.14074808994140897,0.032790366919374536,-0.032790366919374536,0.06965857552808633
2025-11-06,0.906486975294808,0.09351302470519196,0.04723506523621701,-0.04723506523621701,0.09100144440413357
2025-11-07,0.95,0.050000000000000044,0.043513024705191916,-0.043513024705191916,0.09039962838446947
2025-11-10,0.95,0.050000000000000044,0.0,0.0,0.00029436135434442873
2025-11-11,0.95,0.050000000000000044,0.0,0.0,0.001481671618868037
2025-11-12,0.95,0.050000000000000044,0.0,0.0,0.00021692374580701418
2025-11-13,0.95,0.050000000000000044,0.0,0.0,0.00011604715603800303
2025-11-14,0.9324709800252288,0.06752901997477123,-0.017529019974771187,0.017529019974771187,0.034248592085181696
2025-11-17,0.888808725043022,0.111191274956978,-0.04366225498220677,0.04366225498220677,0.08802284187820188
2025-11-18,0.8776652806748135,0.12233471932518647,-0.011143444368208466,0.011143444368208466,0.01993735991431976
2025-11-19,0.892997153634131,0.10700284636586899,0.015331872959317483,-0.015331872959317483,0.03240762461413009
2025-11-20,0.9080468344417472,0.09195316555825284,0.01504968080761615,-0.01504968080761615,0.028978444310532286
2025-11-21,0.95,0.050000000000000044,0.04195316555825279,-0.04195316555825279,0.08715313969330366
2025-11-24,0.95,0.050000000000000044,0.0,0.0,0.0006525930134059985
2025-11-25,0.95,0.050000000000000044,0.0,0.0,0.000844854635309901
2025-11-26,0.95,0.050000000000000044,0.0,0.0,0.0006449908004903873
2025-11-28,0.9457109202016001,0.05428907979839992,-0.004289079798399875,0.004289079798399875,0.008811309272981183
2025-12-01,0.95,0.050000000000000044,0.004289079798399875,-0.004289079798399875,0.00753565053163445
2025-12-02,0.95,0.050000000000000044,0.0,0.0,0.0007526496651375572
2025-12-03,0.95,0.050000000000000044,0.0,0.0,0.00013291844254826463
2025-12-04,0.95,0.050000000000000044,0.0,0.0,6.131576262809885e-05
2025-12-05,0.95,0.050000000000000044,0.0,0.0,0.0005812335420572468
2025-12-08,0.95,0.050000000000000044,0.0,0.0,0.0006191936089243316
2025-12-09,0.95,0.050000000000000044,0.0,0.0,2.715897111721377e-05
2025-12-10,0.95,0.050000000000000044,0.0,0.0,0.00017943741517220668
2025-12-11,0.95,0.050000000000000044,0.0,0.0,0.0002611746883048327
2025-12-12,0.95,0.050000000000000044,0.0,0.0,0.000349400677239875
2025-12-15,0.95,0.050000000000000044,0.0,0.0,0.00010692691271239202
2025-12-16,0.95,0.050000000000000044,0.0,0.0,0.00020910933939614906
2025-12-17,0.95,0.050000000000000044,0.0,0.0,0.0007831039674756832
2025-12-18,0.95,0.050000000000000044,0.0,0.0,0.0009690542224690124
2025-12-19,0.9328430182103947,0.06715698178960527,-0.01715698178960523,0.01715698178960523,0.03457495691513077
2025-12-22,0.9366408319414725,0.06335916805852748,0.0037978137310777926,-0.0037978137310777926,0.006005420449466989
2025-12-23,0.9400237423549109,0.05997625764508907,0.0033829104134384114,-0.0033829104134384114,0.005774467377772485
2025-12-24,0.9423688085822637,0.057631191417736316,0.0023450662273527545,-0.0023450662273527545,0.004356914077684647
2025-12-26,0.95,0.050000000000000044,0.007631191417736272,-0.007631191417736272,0.015537224748372852
2025-12-29,0.95,0.050000000000000044,0.0,0.0,0.00030340311752365817
2025-12-30,0.95,0.050000000000000044,0.0,0.0,0.0006980945242997388
2025-12-31,0.95,0.050000000000000044,0.0,0.0,0.00011066430130892563
2026-01-02,0.95,0.050000000000000044,0.0,0.0,5.3430400321394234e-05
2026-01-05,0.95,0.050000000000000044,0.0,0.0,0.00031530323344732686
2026-01-06,0.95,0.050000000000000044,0.0,0.0,0.00016228541100898192
2026-01-07,0.9331217321331416,0.06687826786685835,-0.01687826786685831,0.01687826786685831,0.03451283473491229
2026-01-08,0.9254315565701419,0.07456844342985813,-0.007690175562999779,0.007690175562999779,0.014245745401865892
2026-01-09,0.95,0.050000000000000044,0.02456844342985809,-0.02456844342985809,0.04845882763657382
2026-01-12,0.95,0.050000000000000044,0.0,0.0,2.530620058734112e-06
2026-01-13,0.95,0.050000000000000044,0.0,0.0,0.0004295302180268093
2026-01-14,0.95,0.050000000000000044,0.0,0.0,0.00035311367699535773
2026-01-15,0.95,0.050000000000000044,0.0,0.0,0.0010231425858341497
2026-01-16,0.95,0.050000000000000044,0.0,0.0,0.0002795002954815856
2026-01-20,0.95,0.050000000000000044,0.0,0.0,0.0004695341358816052
2026-01-21,0.9284845387490333,0.07151546125096675,-0.021515461250966705,0.021515461250966705,0.04232726093907316
2026-01-22,0.8942680003182554,0.10573199968174463,-0.034216538430777876,0.034216538430777876,0.06894842406957984
2026-01-23,0.8718818897764808,0.12811811022351915,-0.02238611054177453,0.02238611054177453,0.04493606343219941
2026-01-26,0.8796493094664612,0.12035069053353875,0.007767419689980404,-0.007767419689980404,0.016064865936631645
2026-01-27,0.8800535198796416,0.11994648012035836,0.00040421041318039475,-0.00040421041318039475,0.0007448555679649416
2026-01-28,0.9430393625302015,0.056960637469798514,0.06298584265055984,-0.06298584265055984,0.12382221900273291
2026-01-29,0.95,0.050000000000000044,0.00696063746979847,-0.00696063746979847,0.013687313270414475
2026-01-30,0.95,0.050000000000000044,0.0,0.0,0.00021060360660142552
2026-02-02,0.95,0.050000000000000044,0.0,0.0,0.00024872669285034427
2026-02-03,0.95,0.050000000000000044,0.0,0.0,0.0007403063550550093
2026-02-04,0.95,0.050000000000000044,0.0,0.0,0.0010420230000718414
2026-02-05,0.95,0.050000000000000044,0.0,0.0,0.00022030449906867977
2026-02-06,0.95,0.050000000000000044,0.0,0.0,0.002243781962726378
2026-02-09,0.95,0.050000000000000044,0.0,0.0,0.0017258980495431578
2026-02-10,0.95,0.050000000000000044,0.0,0.0,0.00047758120710656576
2026-02-11,0.95,0.050000000000000044,0.0,0.0,0.001349450019213272
2026-02-12,0.95,0.050000000000000044,0.0,0.0,0.0004826243444171624
2026-02-13,0.9237487936826277,0.07625120631737226,-0.02625120631737221,0.02625120631737221,0.04973375700664297
2026-02-17,0.7046067372731609,0.2953932627268391,-0.21914205640946682,0.21914205640946682,0.43761051967214515
2026-02-18,0.578044797186681,0.421955202813319,-0.12656194008647992,0.12656194008647992,0.25309954202429047
2026-02-19,0.7682881381026913,0.23171186189730875,0.19024334091601025,-0.19024334091601025,0.3761892452272126
2026-02-20,0.95,0.050000000000000044,0.1817118618973087,-0.1817118618973087,0.36472305295718277
2026-02-23,0.95,0.050000000000000044,0.0,0.0,0.0009035238881467747
2026-02-24,0.95,0.050000000000000044,0.0,0.0,0.00133337962558603
2026-02-25,0.8966358918373375,0.1033641081626625,-0.05336410816266246,0.05336410816266246,0.10724570172141759
2026-02-26,0.95,0.050000000000000044,0.05336410816266246,-0.05336410816266246,0.10519632446782128
2026-02-27,0.737438689689471,0.262561310310529,-0.21256131031052894,0.21256131031052894,0.4242099663217169
2026-03-02,0.28692217399955583,0.7130778260004442,-0.4505165156899152,0.45051651568991524,0.8968058087795614
2026-03-03,0.7037148525540328,0.29628514744596723,0.41679267855447694,-0.416792678554477,0.8292129596480595
2026-03-04,0.4588147291690677,0.5411852708309324,-0.24490012338496508,0.24490012338496514,0.48694284018500683
2026-03-05,0.770826856279028,0.22917314372097197,0.31201212710996035,-0.3120121271099604,0.6189733766947612
2026-03-06,0.8858135870908981,0.11418641290910192,0.11498673081187005,-0.11498673081187005,0.23051953952450507
2026-03-09,0.5760498003346182,0.42395019966538183,-0.3097637867562799,0.3097637867562799,0.6176048070719828
2026-03-10,0.9225908019403213,0.07740919805967872,0.3465410016057031,-0.3465410016057031,0.6930551673386349
2026-03-11,0.8747488747035874,0.12525112529641258,-0.04784192723673386,0.04784192723673386,0.09697798958474357
2026-03-12,0.8274942179267276,0.17250578207327238,-0.047254656776859805,0.047254656776859805,0.09707093941466331
2026-03-13,0.8310990601971431,0.16890093980285692,0.003604842270415465,-0.003604842270415465,0.011037317320794049
2026-03-16,0.8311027073784419,0.16889729262155806,3.6471812988603247e-06,-3.6471812988603247e-06,0.00020941293765042168
2026-03-17,0.8410541131765433,0.15894588682345667,0.009951405798101387,-0.009951405798101387,0.019225867746885117
2026-03-18,0.8782867287406753,0.12171327125932474,0.03723261556413193,-0.03723261556413193,0.07449763462880626
2026-03-19,0.8263572636163956,0.1736427363836044,-0.05192946512427965,0.05192946512427965,0.10205024655123983
2026-03-20,0.730618094255477,0.26938190574452303,-0.09573916936091864,0.09573916936091864,0.18901964177085354
2026-03-23,0.4929139146784315,0.5070860853215685,-0.23770417957704548,0.23770417957704548,0.477262757763328
2026-03-24,0.4207646982901208,0.5792353017098792,-0.07214921638831068,0.07214921638831073,0.14626908076276257
2026-03-25,0.22800301378548782,0.7719969862145122,-0.192761684504633,0.19276168450463294,0.38603324634644326
2026-03-26,0.4593047195883583,0.5406952804116417,0.23130170580287046,-0.23130170580287046,0.46402635290305605
2026-03-27,0.16027605786248073,0.8397239421375193,-0.29902866172587755,0.2990286617258776,0.5933017946580221
2026-03-30,0.10350508122461918,0.8964949187753808,-0.05677097663786154,0.05677097663786146,0.1103982099908023
2026-03-31,0.12915553445174144,0.8708444655482586,0.025650453227122255,-0.025650453227122227,0.054356419645563966
2026-04-01,0.2956598095323492,0.7043401904676507,0.16650427508060778,-0.16650427508060783,0.32625568810598
2026-04-02,0.3320841996644076,0.6679158003355924,0.03642439013205839,-0.03642439013205834,0.06930619245727432
2026-04-06,0.19617670303558332,0.8038232969644167,-0.1359074966288243,0.1359074966288243,0.26949901197981857
2026-04-07,0.3922232496325341,0.6077767503674659,0.19604654659695075,-0.19604654659695075,0.39009284035138675
2026-04-08,0.40685768105907844,0.5931423189409215,0.014634431426544359,-0.014634431426544414,0.029004093778405626
2026-04-09,0.655827678420713,0.344172321579287,0.24896999736163455,-0.2489699973616345,0.48733710658402757
2026-04-10,0.95,0.050000000000000044,0.29417232157928697,-0.29417232157928697,0.5846085011020276
2026-04-13,0.95,0.050000000000000044,0.0,0.0,0.00016735690779084295
2026-04-14,0.95,0.050000000000000044,0.0,0.0,0.0006367702840956307
2026-04-15,0.95,0.050000000000000044,0.0,0.0,0.0006461771400032151
2026-04-16,0.95,0.050000000000000044,0.0,0.0,0.001155176037231087
2026-04-17,0.95,0.050000000000000044,0.0,0.0,0.0008335158850924576
2026-04-20,0.95,0.050000000000000044,0.0,0.0,0.0002750128510485214
2026-04-21,0.95,0.050000000000000044,0.0,0.0,0.0001684770525580831
2026-04-22,0.95,0.050000000000000044,0.0,0.0,9.875503836809935e-05
2026-04-23,0.95,0.050000000000000044,0.0,0.0,0.0007680057516321961
2026-04-24,0.95,0.050000000000000044,0.0,0.0,0.00016118254447469033
2026-04-27,0.95,0.050000000000000044,0.0,0.0,0.0005564169769229216
2026-04-28,0.95,0.050000000000000044,0.0,0.0,0.000633906959275482
2026-04-29,0.95,0.050000000000000044,0.0,0.0,0.000563934673849735
2026-04-30,0.95,0.050000000000000044,0.0,0.0,0.0007226406683947043
2026-05-01,0.95,0.050000000000000044,0.0,0.0,0.001024259709269927
2026-05-04,0.95,0.050000000000000044,0.0,0.0,7.639029275349762e-05
2026-05-05,0.95,0.050000000000000044,0.0,0.0,0.00037472760256257454
2026-05-06,0.95,0.050000000000000044,0.0,0.0,0.00023470891883584089
2026-05-07,0.95,0.050000000000000044,0.0,0.0,0.0005896212912522361
2026-05-08,0.95,0.050000000000000044,0.0,0.0,0.00018386590233981925
2026-05-11,0.8605137392260228,0.1394862607739772,-0.08948626077397714,0.08948626077397714,0.17927743331183688
2026-05-12,0.8195402665187952,0.1804597334812048,-0.04097347270722762,0.04097347270722762,0.08394166343853587
2026-05-13,0.7723842246014383,0.2276157753985617,-0.047156041917356895,0.047156041917356895,0.0958382591157782
2026-05-14,0.8520125448176608,0.14798745518233924,0.07962832021622246,-0.07962832021622246,0.15651384095341075
2026-05-15,0.95,0.050000000000000044,0.0979874551823392,-0.0979874551823392,0.19435227825880014
2026-05-18,0.95,0.050000000000000044,0.0,0.0,0.00027006944830222646
2026-05-19,0.9162130516730254,0.08378694832697464,-0.0337869483269746,0.0337869483269746,0.06762065036986224
2026-05-20,0.8778023658679954,0.12219763413200457,-0.03841068580502993,0.03841068580502993,0.07679069340751894
2026-05-21,0.8220405431999731,0.1779594568000269,-0.05576182266802232,0.05576182266802232,0.11142356962170011
2026-05-22,0.8293576791921871,0.17064232080781294,0.007317135992213952,-0.007317135992213952,0.015133819728327474
2026-05-26,0.8698954764226444,0.13010452357735558,0.04053779723045736,-0.04053779723045736,0.0815069295845535
2026-05-27,0.9067849137091473,0.09321508629085273,0.036889437286502846,-0.036889437286502846,0.07340131030723365
2026-05-28,0.95,0.050000000000000044,0.04321508629085269,-0.04321508629085269,0.0868567339459378
2026-05-29,0.95,0.050000000000000044,0.0,0.0,3.3859103592652484e-05
2026-06-01,0.95,0.050000000000000044,0.0,0.0,0.0002140086149583012
2026-06-02,0.95,0.050000000000000044,0.0,0.0,0.0002069950174447277
2026-06-03,0.95,0.050000000000000044,0.0,0.0,7.096612494046639e-05
2026-06-04,0.95,0.050000000000000044,0.0,0.0,0.0002915115834711407
2026-06-05,0.95,0.050000000000000044,0.0,0.0,0.00014684683516289626
2026-06-08,0.9147171300475746,0.0852828699524254,-0.035282869952425355,0.035282869952425355,0.06855287197452065
2026-06-09,0.8688904567790547,0.13110954322094526,-0.04582667326851986,0.04582667326851986,0.09281177450885661
2026-06-10,0.8122173379335,0.18778266206649996,-0.056673118845554704,0.056673118845554704,0.11132758420423158
2026-06-11,0.7462855603204303,0.25371443967956975,-0.06593177761306979,0.06593177761306979,0.1278611251452546
2026-06-12,0.6519567804753883,0.3480432195246117,-0.09432877984504195,0.09432877984504195,0.19016243379058118
2026-06-15,0.709562693172339,0.290437306827661,0.0576059126969507,-0.0576059126969507,0.11165859346467949
2026-06-16,0.756082060130763,0.24391793986923704,0.04651936695842396,-0.04651936695842396,0.08562186795646498
2026-06-17,0.8124335434187989,0.18756645658120108,0.056351483288035964,-0.056351483288035964,0.11693762297111404
2026-06-18,0.8700351064259474,0.1299648935740526,0.05760156300714847,-0.05760156300714847,0.11954686787995975
2026-06-22,0.9193968494896133,0.08060315051038669,0.04936174306366592,-0.04936174306366592,0.09748444137625414
2026-06-23,0.9292629747702287,0.07073702522977132,0.009866125280615368,-0.009866125280615368,0.019068722923426942
2026-06-24,0.95,0.050000000000000044,0.020737025229771278,-0.020737025229771278,0.043579402826323096
2026-06-25,0.95,0.050000000000000044,0.0,0.0,0.0013441708835800897
2026-06-26,0.95,0.050000000000000044,0.0,0.0,0.00016972083440714575
2026-06-29,0.95,0.050000000000000044,0.0,0.0,0.0007026781317273148
2026-06-30,0.95,0.050000000000000044,0.0,0.0,0.001444555042947708
2026-07-01,0.95,0.050000000000000044,0.0,0.0,0.001846108827164454
2026-07-02,0.95,0.050000000000000044,0.0,0.0,0.0005144940896133349
2026-07-06,0.95,0.050000000000000044,0.0,0.0,0.00011387320810966883
2026-07-07,0.95,0.050000000000000044,0.0,0.0,0.0008884274650935442
2026-07-08,0.95,0.050000000000000044,0.0,0.0,0.0005519291995826486
2026-07-09,0.95,0.050000000000000044,0.0,0.0,8.025598624720326e-05
2026-07-10,0.95,0.050000000000000044,0.0,0.0,0.0006525071093909721
2026-07-13,0.95,0.050000000000000044,0.0,0.0,0.0004301930949777086
2026-07-14,0.95,0.050000000000000044,0.0,0.0,0.00016626111774334373
2026-07-15,0.95,0.050000000000000044,0.0,0.0,0.00021212551354250764
2026-07-16,0.95,0.050000000000000044,0.0,0.0,0.0001950174744591443
2026-07-17,0.95,0.050000000000000044,0.0,0.0,0.0004834289290021124
2026-07-20,0.95,0.050000000000000044,0.0,0.0,0.0013019583414078106
2026-07-21,0.95,0.050000000000000044,0.0,0.0,0.0005558114817924564
2026-07-22,0.95,0.050000000000000044,0.0,0.0,0.0010447419676047412
2026-07-23,0.95,0.050000000000000044,0.0,0.0,0.00013953456859795016
2026-07-24,0.95,0.050000000000000044,0.0,0.0,0.0008761839719380188
2026-07-27,0.95,0.050000000000000044,0.0,0.0,5.130886140694568e-06
2026-07-28,0.95,0.050000000000000044,0.0,0.0,0.0005497147444533737
2026-07-29,0.9456543592425591,0.05434564075744086,-0.004345640757440816,0.004345640757440816,0.008363799183564134
2026-07-30,0.8486432491638483,0.15135675083615174,-0.09701111007871088,0.09701111007871088,0.1941384226714716
2026-07-31,0.8051581493129801,0.19484185068701987,-0.043485099850868125,0.043485099850868125,0.09137007557332788
2026-08-03,0.7049686302319562,0.2950313697680438,-0.10018951908102391,0.10018951908102391,0.20470273448337722
2026-08-04,0.5446607589960804,0.45533924100391965,-0.16030787123587587,0.16030787123587587,0.3251198368171513
2026-08-05,0.40738053376564287,0.5926194662343571,-0.13728022523043748,0.13728022523043748,0.27963348582533415
2026-08-06,0.5568542079014807,0.44314579209851934,0.1494736741358378,-0.1494736741358378,0.3009598301338307
2026-08-07,0.6523787400175594,0.34762125998244064,0.0955245321160787,-0.0955245321160787,0.188976274703972
2026-08-10,0.7697994720358983,0.23020052796410173,0.11742073201833891,-0.11742073201833891,0.23339418966407344
2026-08-11,0.8672153868811043,0.13278461311889567,0.09741591484520606,-0.09741591484520606,0.19193319058344147
2026-08-12,0.95,0.050000000000000044,0.08278461311889562,-0.08278461311889562,0.1666727913915242
2026-08-13,0.95,0.050000000000000044,0.0,0.0,0.0003296405817879919
2026-08-14,0.95,0.050000000000000044,0.0,0.0,0.00010677588386781567
2026-08-17,0.95,0.050000000000000044,0.0,0.0,0.00044554957474244455
2026-08-18,0.95,0.050000000000000044,0.0,0.0,0.00035162412481693633
2026-08-19,0.95,0.050000000000000044,0.0,0.0,0.0010101091334554016
2026-08-20,0.95,0.050000000000000044,0.0,0.0,0.0013789708183487293
2026-08-21,0.95,0.050000000000000044,0.0,0.0,2.0023492811598043e-05
2026-08-24,0.95,0.050000000000000044,0.0,0.0,0.0007205745078423462
2026-08-25,0.95,0.050000000000000044,0.0,0.0,0.0008718028773740741
2026-08-26,0.95,0.050000000000000044,0.0,0.0,0.0007408523206569803
2026-08-27,0.95,0.050000000000000044,0.0,0.0,0.0002145484183165708
2026-08-28,0.95,0.050000000000000044,0.0,0.0,0.0008114363679639566
2026-08-31,0.95,0.050000000000000044,0.0,0.0,7.025863396030452e-05
2026-09-01,0.95,0.050000000000000044,0.0,0.0,0.00012903399765298862
2026-09-02,0.95,0.050000000000000044,0.0,0.0,0.0002673567542500338
2026-09-03,0.95,0.050000000000000044,0.0,0.0,0.0003272881635226696
2026-09-04,0.95,0.050000000000000044,0.0,0.0,0.0008469028483187382
2026-09-08,0.95,0.050000000000000044,0.0,0.0,0.0005301039120369222
2026-09-09,0.95,0.050000000000000044,0.0,0.0,0.0005128778539172235
2026-09-10,0.9360282633212618,0.06397173667873823,-0.01397173667873819,0.01397173667873819,0.028045600282420667
2026-09-11,0.9289365295100048,0.07106347048999517,-0.0070917338112569395,0.0070917338112569395,0.014861950874413263
2026-09-14,0.9370037604768761,0.06299623952312394,0.00806723096687123,-0.00806723096687123,0.015163889703268707
2026-09-15,0.9392099193200767,0.06079008067992331,0.002206158843200634,-0.002206158843200634,0.005029175561745758
2026-09-16,0.9375860301190839,0.062413969880916076,-0.0016238892009927675,0.0016238892009927675,0.0030334755089220927
2026-09-17,0.9406398188527396,0.05936018114726038,0.0030537887336556935,-0.0030537887336556935,0.006873274578567304
2026-09-18,0.9307662603706042,0.06923373962939583,-0.009873558482135447,0.009873558482135447,0.01977043133809915
