date,weight_SPY,weight_TLT,weight_GLD,weight_USO,weight_UUP,gross_return,net_return,turnover
2023-06-02,0.3382492504355221,0.0,0.07542556729459252,0.5863251822698853,0.0,0.01877711444000911,0.018514827223656407,0.5245744327054074
2023-06-05,0.0,0.4000000000000009,2.7206513796427667e-17,0.0,0.5999999999999992,-0.0017952802559378924,-0.0022952802559378926,1.0
2023-06-06,1.8393095403954614e-18,0.4000000000000002,0.5999999999999998,0.0,0.0,0.0030164389866503168,0.002716438986650317,0.5999999999999999
2023-06-07,3.6036149197593955e-18,0.6,0.4000000000000001,3.2381784532741365e-18,9.513573597981666e-19,-0.013710591858707778,-0.013810591858707777,0.19999999999999973
2023-06-08,0.0,0.39999999999999997,4.376062055927408e-16,3.632723635009333e-18,0.5999999999999996,-0.0001430246404212999,-0.00044302464042129974,0.5999999999999996
2023-06-09,0.0,0.39999999999999997,4.376062055927408e-16,3.632723635009333e-18,0.5999999999999996,0.0013535148605573234,0.0013535148605573234,0.0
2023-06-12,0.39999999999999986,2.637806556259256e-16,0.5999999999999991,0.0,7.34902773618786e-16,0.0031014549671398496,0.0026014549671398504,0.9999999999999984
2023-06-13,8.333967459478436e-17,2.5067220234839685e-18,0.3999999999999999,0.6,0.0,0.015977256018981832,0.01567725601898183,0.6
2023-06-14,0.5999999999999994,1.2490009027033e-16,0.0,0.0,0.40000000000000036,-0.0012572472760299398,-0.0017572472760299398,0.9999999999999998
2023-06-15,0.0,0.6000000000000001,0.39999999999999986,0.0,1.3202651027803926e-16,0.008575865466971243,0.008075865466971243,0.9999999999999998
2023-06-16,0.0,3.8644169467208173e-16,0.3999999999999999,0.5999999999999998,2.7415041956664393e-17,0.00827879678283407,0.00797879678283407,0.5999999999999999
2023-06-20,0.40000000000000063,7.381248712989154e-18,0.0,0.5999999999999994,8.081606542881155e-18,-0.006084623545447565,-0.006284623545447565,0.40000000000000063
2023-06-21,0.5999999999999999,8.315973841827542e-17,0.4000000000000001,2.0728766546252245e-17,1.7166908641289258e-18,-0.003652747859491433,-0.003952747859491432,0.5999999999999994
2023-06-22,0.0,0.39999999999999997,0.0,0.6000000000000001,0.0,-0.02807538168039059,-0.02857538168039059,1.0
2023-06-23,0.6,0.0,0.4000000000000001,0.0,1.2931833041267386e-17,-0.0034331463290195206,-0.00393314632901952,1.0
2023-06-26,0.6,0.0,0.4000000000000001,0.0,1.2931833041267386e-17,-0.00175557716700363,-0.00175557716700363,0.0
2023-06-27,0.5621089868281041,0.0,3.377370987583077e-17,0.43789101317189605,2.8292189176790054e-19,-0.003819562423249121,-0.0040385079298350685,0.437891013171896
2023-06-28,0.39999999999999997,0.0,0.0,0.6,0.0,0.012142956277040184,0.012061901783626133,0.16210898682810404
2023-06-29,0.5999999999999995,0.0,0.0,0.29655157434863744,0.10344842565136292,0.0048893817545119685,0.004737657541686287,0.3034484256513625
2023-06-30,0.5999999999999994,0.218543120409749,0.0,0.0,0.18145687959025159,0.008894162634649667,0.008745886847475348,0.2965515743486376
2023-07-03,0.6,0.0,0.40000000000000013,7.89583811296332e-17,0.0,0.0011390966534325917,0.0009390966534325914,0.4000000000000007
2023-07-05,0.6,1.8820090744117916e-17,0.013584778338825404,1.6198770422526026e-17,0.38641522166117465,0.0008277763136362384,0.0006345687028056511,0.3864152216611747
2023-07-06,0.40000000000000013,0.5999999999999999,0.0,0.0,4.9620736104646766e-17,-0.011618023118445042,-0.011918023118445042,0.5999999999999999
2023-07-07,3.0805375418093584e-16,3.150008066193106e-16,0.0,0.5999999999999998,0.3999999999999996,0.009756519436792963,0.009256519436792962,0.9999999999999993
2023-07-10,3.0805375418093584e-16,3.150008066193106e-16,0.0,0.5999999999999998,0.3999999999999996,-0.0038164406433985405,-0.0038164406433985405,0.0
2023-07-11,0.329472694189455,0.0,0.5412628356553222,0.12926447015522297,1.7090411373548382e-17,0.007065472065865391,0.006630104300943003,0.8707355298447768
2023-07-12,0.27073552984477717,0.0,0.5999999999999999,0.129264470155223,0.0,0.011923081876171394,0.011893713293999056,0.05873716434467779
2023-07-13,0.0,6.2581713270378265e-18,0.6,2.2009597656225935e-16,0.39999999999999986,-0.0023089385645659937,-0.002508938564565994,0.3999999999999999
2023-07-14,0.3378455922917654,2.398034600966855e-19,0.23198897935357093,0.4301654283546636,0.0,-0.011036030416005699,-0.011420035926328913,0.7680110206464289
2023-07-17,0.4000000000000001,2.1085054398709246e-16,0.5999999999999998,0.0,0.0,0.0018187918092921417,0.00160370909511481,0.43016542835466365
2023-07-18,0.4000000000000001,9.174692565233074e-19,0.5029493729851326,0.09705062701486726,0.0,0.010745716573227666,0.010697191259720231,0.09705062701486729
2023-07-19,0.0,0.057058840336500084,0.6000000000000001,0.34294115966349986,0.0,-0.000619895366051476,-0.000819895366051476,0.4000000000000001
2023-07-20,4.824575826588231e-19,0.0,0.6,0.4,2.6434674542557016e-19,-0.0009106847091580493,-0.0009392141293262993,0.057058840336500175
2023-07-21,0.0,0.5999999999999998,0.39999999999999997,1.6533310230935384e-16,0.0,-0.0010487822282424708,-0.0013487822282424707,0.5999999999999999
2023-07-24,1.3032906652549454e-19,2.769904084669376e-16,0.3999999999999998,0.6,0.0,0.013072202351682582,0.012772202351682582,0.5999999999999998
2023-07-25,2.5611368053420692e-17,1.1733580245606236e-17,0.0,0.6,0.40000000000000013,0.0035616671711875096,0.0033616671711875095,0.40000000000000013
2023-07-26,0.0,4.589752862635498e-18,0.39999999999999925,0.6,7.632783294297951e-16,-0.002264205374908796,-0.0024642053749087955,0.39999999999999936
2023-07-27,0.0,4.589752862635498e-18,0.39999999999999925,0.6,7.632783294297951e-16,0.00025353422951452514,0.00025353422951452514,0.0
2023-07-28,0.0,0.6,8.553737846636983e-16,5.8723753147045714e-18,0.39999999999999925,0.002514291659581288,0.002014291659581289,0.9999999999999984
2023-07-31,2.777331253187196e-17,0.4000000000000003,0.5999999999999996,5.3794164671524054e-17,0.0,0.002578620886762418,0.0022786208867624186,0.5999999999999989
2023-08-01,1.353688832077197e-18,2.7755575615628914e-17,0.6,0.4,8.7263973113347e-19,-0.007366814268278099,-0.007566814268278099,0.40000000000000024
2023-08-02,2.3984300419014473e-19,1.0023291904662279e-18,0.40000000000000013,0.6,7.225918445035008e-19,-0.014077258540780657,-0.014177258540780656,0.1999999999999999
2023-08-03,1.1792584646112435e-19,0.3916701346998905,0.40000000000000013,0.2083298653001093,1.6265897499679396e-19,-0.0043319843564815575,-0.004527819423831503,0.39167013469989054
2023-08-04,0.004394669556607575,0.0,0.0,0.5999999999999998,0.3956053304433926,0.0033642495627088285,0.002968414495358883,0.7916701346998906
2023-08-07,0.5487753068785027,0.0,0.0,0.0,0.4512246931214974,0.005109001659105172,0.004809001659105172,0.5999999999999998
2023-08-08,0.0,5.3541136565087244e-17,0.0,0.6000000000000009,0.39999999999999913,0.003787487827473823,0.0034874878274738226,0.600000000000001
2023-08-09,0.0,0.6,0.40000000000000013,0.0,8.326672684688674e-17,0.0011994045694159621,0.0006994045694159621,1.0
2023-08-10,0.1889086527922982,0.21109134720770173,1.8691948809768262e-16,7.252345583309797e-18,0.5999999999999999,-0.0023531601177997955,-0.0027476144441959446,0.7889086527922982
2023-08-11,0.0,0.5999999999999999,0.4000000000000001,0.0,0.0,-0.0013807391156423373,-0.0017751934420384863,0.788908652792298
2023-08-14,0.0,0.6,0.0,0.0,0.4000000000000001,7.879894190256954e-05,-0.00012120105809743055,0.40000000000000013
2023-08-15,0.0,0.6,0.0,0.0,0.4000000000000001,-0.003517583749602737,-0.003517583749602737,0.0
2023-08-16,0.0,0.374508541777801,0.6,2.205802835254613e-18,0.02549145822219899,-0.0063247963519387895,-0.006624796351938789,0.6
2023-08-17,1.4355630447557872e-18,0.5999999999999999,0.40000000000000013,0.0,1.6853278875667354e-17,-0.0031725172568184854,-0.0032852629859295847,0.22549145822219882
2023-08-18,0.4,0.0,0.0,0.0,0.6,0.0006099247119305761,0.00010992471193057608,1.0
2023-08-21,0.0,0.0,0.40000000000000013,1.5580448413697418e-18,0.5999999999999999,0.00046937163748603846,0.00026937163748603837,0.40000000000000013
2023-08-22,0.0,0.0,0.40000000000000013,1.5580448413697418e-18,0.5999999999999999,0.0027475173950178176,0.0027475173950178176,0.0
2023-08-23,5.760225759889269e-19,8.338212230307617e-18,0.5999999999999999,0.23856284869228345,0.16143715130771674,0.002502524489324306,0.0022832430649781642,0.4385628486922831
2023-08-24,0.0,0.3999999999999998,0.5999999999999999,4.0435725385282065e-16,0.0,-0.00277256679662745,-0.00297256679662745,0.3999999999999998
2023-08-25,1.3203039611256871e-17,0.6,0.06214448063288103,5.2522013527172906e-18,0.33785551936711894,0.002345685613331988,0.0020767578536484287,0.5378555193671192
2023-08-28,7.325534619562223e-18,0.4,4.626400754753589e-17,0.0,0.5999999999999999,-0.0006139583989447136,-0.000745030639261154,0.2621444806328809
2023-08-29,3.925805334096374e-18,0.6,0.33077773459523196,0.0,0.06922226540476815,0.009080177575437403,0.008814788708139787,0.5307777345952318
2023-08-30,3.966646748478821e-18,0.4341895093295678,0.0,0.5658104906704323,0.0,0.0021730660478063617,0.0018901608024711456,0.5658104906704323
2023-08-31,0.5658104906704318,0.43418950932956735,4.0379823131059373e-17,9.560623304833782e-16,3.464741789423271e-17,0.0011125972332634993,0.0008296919879282835,0.5658104906704318
2023-09-01,0.0,0.39999999999999997,0.0,0.6000000000000001,0.0,0.008636797925422537,0.008336797925422537,0.5999999999999992
2023-09-05,1.192410391642508e-16,0.5999999999999998,0.0,2.929153339568837e-16,0.39999999999999974,-0.006349551507740675,-0.006649551507740675,0.5999999999999996
2023-09-06,1.192410391642508e-16,0.5999999999999998,0.0,2.929153339568837e-16,0.39999999999999974,0.0016127037315350823,0.0016127037315350823,0.0
2023-09-07,0.39999999999999947,1.4799229030214622e-16,0.0,1.6187007810996068e-16,0.6000000000000002,0.00020888195667878714,-9.111804332121272e-05,0.5999999999999998
2023-09-08,0.5999999999999996,0.2860343206237645,0.11396567937623586,1.620997139664897e-17,0.0,0.0020373016025335947,0.0017373016025335945,0.6000000000000003
2023-09-11,0.5999999999999999,0.027384518873686828,1.1931635261413772e-16,0.0,0.37261548112631315,0.001969978906099307,0.0017836711655361502,0.3726154811263134
2023-09-12,1.7701824532690816e-16,0.4000000000000001,0.0,0.5999999999999996,1.5683113527844218e-16,0.012487740470521294,0.012001432729958138,0.9726154811263128
2023-09-13,9.81568392582141e-18,2.7755575615628914e-16,0.0,0.6,0.39999999999999963,0.00012307805759963455,-7.69219424003654e-05,0.3999999999999999
2023-09-14,9.81568392582141e-18,2.7755575615628914e-16,0.0,0.6,0.39999999999999963,0.013304085283831264,0.013304085283831264,0.0
2023-09-15,4.183858537028891e-18,0.0,1.0134893171669499e-17,0.44301079939137106,0.556989200608629,0.0005500153143268814,0.0004715207140225668,0.1569892006086293
2023-09-18,0.6,1.1990895777916328e-18,4.875741156794915e-18,0.0,0.4000000000000001,-0.00032795203888071896,-0.0006279520388807189,0.6
2023-09-19,0.4,1.6851452714788623e-18,1.8345790584175086e-18,0.6,2.0102680649637193e-17,-0.00046121901383342493,-0.0007612190138334249,0.6
2023-09-20,0.0,0.0,1.1391014840847723e-17,0.6,0.40000000000000013,-0.00933178185845076,-0.00953178185845076,0.4000000000000001
2023-09-21,0.5999999999999994,3.2960000026449147e-18,0.0,1.4120651634280107e-16,0.4000000000000006,-0.009645284242729958,-0.009945284242729958,0.5999999999999999
2023-09-22,7.080199761076087e-16,0.5999999999999995,0.0,0.0,0.3999999999999999,0.005779468397700865,0.005479468397700865,0.5999999999999996
2023-09-25,2.2654581699582735e-17,0.0,0.4,0.5999999999999999,5.985558395477672e-17,-0.0038461554909113623,-0.004346155490911363,1.0
2023-09-26,0.0,0.14684518857452256,0.20215668788973656,0.05099812353574092,0.6,6.83760955601828e-06,-0.00036658498473124293,0.7468451885745224
2023-09-27,0.0,0.0,0.20215668788973654,0.19784331211026351,0.6,0.005266654773626392,0.005193232179339131,0.14684518857452258
2023-09-28,1.4929847178768036e-18,0.3999999999999999,4.3252736996947124e-17,0.0,0.6000000000000001,-0.0019923413783555785,-0.0021923413783555786,0.4
2023-09-29,0.12640073069325364,0.27359926930674633,4.197743528090451e-17,0.0,0.6,0.0001279320866223751,6.473172127574828e-05,0.12640073069325367
2023-10-02,1.0013757329834801e-16,0.5999999999999994,0.4,1.9707652089331766e-18,4.1931246304335635e-16,-0.014243659872824974,-0.014606860238171602,0.7264007306932531
2023-10-03,1.0013757329834801e-16,0.5999999999999994,0.4,1.9707652089331766e-18,4.1931246304335635e-16,-0.014062330783034926,-0.014062330783034926,0.0
2023-10-04,8.971596132800351e-18,0.5999999999999994,0.0,1.2730346388291267e-17,0.4000000000000006,0.0072645184483168266,0.007064518448316827,0.40000000000000013
2023-10-05,0.15628708649103568,0.0,3.1411931910145418e-18,0.24371291350896432,0.6,-0.0072242169362662315,-0.0075242169362662314,0.5999999999999994
2023-10-06,0.12335533792427109,3.7021682162915755e-17,0.2766446620757287,1.4891976049118277e-16,0.6,0.0016821054166955478,0.0015437830856576834,0.27664466207572874
2023-10-09,0.39999999999999997,0.0,4.927778525362661e-17,0.0,0.6,0.0023591100692588415,0.002220787738220977,0.27664466207572885
2023-10-10,0.5534065822953079,2.3137684099515664e-17,0.4465934177046921,0.0,0.0,0.002130988440985484,0.0018309884409854842,0.6
2023-10-11,4.163336342344338e-17,0.6,4.2710273978318953e-17,0.0,0.4000000000000001,0.01253171417527601,0.01203171417527601,1.0
2023-10-12,0.3999999999999999,2.318021602639056e-16,0.5999999999999999,0.0,0.0,-0.00426842407643922,-0.00476842407643922,0.9999999999999998
2023-10-13,0.0,0.5999999999999995,0.28621088962435826,0.0,0.11378911037564232,0.0200127333221246,0.01965583876693678,0.7137891103756416
2023-10-16,4.934059057163244e-16,0.0,0.4857129542920159,0.5142870457079837,7.302068381426877e-17,-0.00626942086719918,-0.006626315422387001,0.7137891103756419
2023-10-17,0.0,0.6000000000000001,3.886364284413884e-17,1.3380905740404356e-18,0.39999999999999997,-0.006478427433070212,-0.006978427433070212,1.0
2023-10-18,0.0,0.4,5.769543036130716e-18,1.2151195940957636e-17,0.6,-0.001305015238538099,-0.0014050152385380991,0.20000000000000007
2023-10-19,0.0,0.4,5.769543036130716e-18,1.2151195940957636e-17,0.6,-0.009994233219323224,-0.009994233219323224,0.0
2023-10-20,9.608368583139196e-19,0.0,0.4720597405458232,1.1575645894259135e-17,0.5279402594541768,0.0014661423948797766,0.001230112524606865,0.4720597405458232
2023-10-23,9.201408540687622e-19,5.394132957561001e-19,0.22184859770514803,0.6000000000000001,0.17815140229485196,-0.015101960108132233,-0.015401960108132233,0.6000000000000001
2023-10-24,0.40000000000000036,1.8133332640700833e-17,5.510776081931879e-17,0.5999999999999995,0.0,-0.011891045877039205,-0.012091045877039205,0.4000000000000004
2023-10-25,0.6,0.0,0.0,0.4,0.0,-0.0006560866893286603,-0.0007560866893286601,0.19999999999999962
2023-10-26,0.0,6.807646796456103e-17,0.10066407932861682,0.493515139587759,0.4058207810836242,-0.008767648038470723,-0.009067648038470722,0.6000000000000001
2023-10-27,1.4749338774829385e-18,0.0,1.734723475976807e-17,0.6,0.4000000000000001,0.010937806783145288,0.010884564352939167,0.10648486041224098
2023-10-30,0.0,5.040070180540022e-18,0.0,0.4,0.6,-0.01419411663092085,-0.01429411663092085,0.19999999999999996
2023-10-31,3.2077260487175056e-18,0.0,0.6,0.4,9.726271904358209e-17,-0.008691459528783562,-0.008991459528783562,0.5999999999999999
2023-11-01,0.6,0.0,0.04178253204333955,0.3582174679566604,3.8911202272924697e-19,0.00497795028069814,0.00467795028069814,0.6
2023-11-02,4.2560774168299346e-16,0.0,0.6,0.3999999999999997,0.0,0.00964661932118114,0.00934661932118114,0.5999999999999996
2023-11-03,1.5422157114067896e-18,0.0,0.5470885672886767,0.4529114327113232,0.0,-0.005916421063356426,-0.005942876779712088,0.052911432711323605
2023-11-06,3.732488300414293e-18,0.18301072022379505,0.5470885672886767,0.2699007124875282,0.0,-0.005822010515832655,-0.005913515875944552,0.18301072022379503
2023-11-07,0.0,9.095675535481718e-17,0.39999999999999986,0.6,4.997859450569268e-18,-0.02656794787892784,-0.026732997522684078,0.3300992875124718
2023-11-08,0.40000000000000024,0.0,0.0,0.5999999999999998,0.0,-0.013161075582078569,-0.01336107558207857,0.40000000000000024
2023-11-09,0.6000000000000001,0.08365320095926576,8.12862798683857e-19,0.31634679904073415,1.419043707267516e-18,-0.006332956661173098,-0.00647478326165273,0.2836532009592656
2023-11-10,0.0,0.5287506339325403,0.0,0.4712493660674597,1.572143169384276e-18,0.013291212116201975,0.012991212116201975,0.6000000000000001
2023-11-13,0.0,0.5999999999999999,3.161626465217815e-17,0.0,0.4000000000000001,-0.0018998309094264694,-0.002135455592460199,0.4712493660674597
2023-11-14,0.5999999999999999,0.0,2.945568801194867e-18,0.3999999999999999,1.615587178546578e-16,0.010378880285303711,0.00987888028530371,0.9999999999999998
2023-11-15,0.5999999999999998,3.639922948646887e-17,0.3999999999999999,0.0,3.972217124896446e-16,0.00021590724814606405,1.5907248146063954e-05,0.40000000000000013
2023-11-16,0.40000000000000013,3.47418470366636e-18,0.0,0.6,9.591794365611174e-18,-0.027180958487944103,-0.027480958487944105,0.6
2023-11-17,0.14451264469950728,0.0,0.2554873553004927,0.6,0.0,0.023957911229729907,0.02383016755207966,0.25548735530049277
2023-11-20,0.0,1.9670077005576452e-19,0.6,0.4000000000000001,0.0,0.007783239646651821,0.007610983324302067,0.34451264469950726
2023-11-21,2.209327155769347e-18,2.981750891906041e-18,0.4,0.6,3.752322018128871e-20,0.006227838409428266,0.006127838409428266,0.19999999999999993
2023-11-22,0.3417047993122194,0.0,0.6,0.05829520068778058,5.140195773962988e-19,-0.0019775647540294034,-0.002248417153685513,0.5417047993122194
2023-11-24,0.5999999999999998,6.782223057739781e-19,0.28666793232603005,0.11333206767397007,0.0,0.0006100076228209815,0.00045334158898399657,0.31333206767396987
2023-11-27,0.4000000000000001,1.1607815213597252e-18,0.0,0.6,1.2803217496681988e-19,-0.00800645201287733,-0.008249785979040344,0.4866679323260298
2023-11-28,0.4000000000000001,0.0,0.6,0.0,0.0,0.008395177548896316,0.008095177548896316,0.6
2023-11-29,0.4000000000000001,0.0,0.6,0.0,0.0,0.0006062598825326226,0.0006062598825326226,0.0
2023-11-30,0.6000000000000001,1.7512646108071183e-18,0.39999999999999997,3.258074521307114e-18,1.0172471027165608e-18,0.0006953794056814292,0.0005953794056814291,0.2
2023-12-01,0.0,0.3999999999999999,0.0,0.5999999999999999,1.52655665885959e-16,-0.00016523066855889126,-0.0006652306685588912,1.0
2023-12-04,0.4,0.0,0.5999999999999998,2.5619405859681636e-16,3.6702927083636164e-17,-0.015067797535484527,-0.015567797535484528,0.9999999999999998
2023-12-05,1.0989526482782357e-16,0.0,0.3999999999999999,0.6,2.6393981058120473e-18,-0.009310808956853567,-0.009610808956853567,0.5999999999999998
2023-12-06,0.3945766820855271,0.0,0.5509573264355283,0.0,0.05446599147894471,0.0005707360880719474,0.00027073608807194735,0.6000000000000001
2023-12-07,0.3470636906860173,0.0,0.05293630931398273,0.0,0.6,-0.0005175550257017123,-0.0007903220299622399,0.5455340085210554
2023-12-08,0.5999999999999999,0.11732376986831788,0.18476436702019602,0.09791186311148616,0.0,0.0012899458760749689,0.000989945876074969,0.5999999999999999
2023-12-11,0.5999999999999999,0.3203095031826477,0.07969049681735234,2.9875232555726305e-17,0.0,0.000776187928849743,0.0006746950621925781,0.20298573331432984
2023-12-12,0.6,0.3203095031826478,0.07969049681735235,2.987523255572631e-17,0.0,0.0036474911096401053,0.0036474911096401053,9.020562075079397e-17
2023-12-13,0.3999999999999999,0.0,0.6000000000000001,0.0,2.3124224808697732e-18,0.019053606756704068,0.018793452005112746,0.5203095031826478
2023-12-14,0.5999999999999999,0.0,0.40000000000000013,0.0,0.0,0.004270700672274242,0.004170700672274242,0.19999999999999996
2023-12-15,0.5999999999999999,0.0,0.40000000000000013,0.0,0.0,-0.004654561591704921,-0.004654561591704921,0.0
2023-12-18,0.5791842453903342,0.0,0.4208157546096658,7.535242891657489e-19,2.4010082155347525e-19,0.005170736324233578,0.005160328446928745,0.02081575460966567
2023-12-19,0.6,0.0,0.39999999999999997,0.0,0.0,0.006374149432284337,0.006363741554979504,0.02081575460966581
2023-12-20,0.6,0.0,0.39999999999999997,0.0,0.0,-0.010492808166953149,-0.010492808166953149,0.0
2023-12-21,0.39999999999999997,5.0259161527985866e-18,0.6,5.464230056281618e-18,6.307841143455019e-18,0.00803518240563341,0.007935182405633411,0.2
2023-12-22,0.5999999999999992,2.005313466962376e-18,0.1550791918969531,0.24492080810304778,2.5302622072609058e-18,0.000687119100969131,0.00046465869691760745,0.444920808103047
2023-12-26,0.6,1.4974517700968848e-18,0.32006138686522995,0.07993861313477017,0.0,0.006741556705783986,0.006659065608299848,0.1649821949682776
2023-12-27,0.6000000000000001,0.0,0.3999999999999999,1.3617579286417938e-16,0.0,0.0028999483376382666,0.0028599790310708815,0.07993861313477005
2023-12-28,0.6,0.0,0.3999999999999999,1.3617579286417938e-16,0.0,-0.0020994611417233717,-0.0020994611417233717,5.551115123125783e-17
2023-12-29,0.4,0.0,0.6,1.251961363517576e-18,2.250213744483338e-18,-0.002098118438186747,-0.002198118438186747,0.20000000000000007
2024-01-02,0.4,0.0,0.6,1.251961363517576e-18,2.250213744483338e-18,-0.0036508884549983464,-0.0036508884549983464,0.0
2024-01-03,0.6,1.103581955324523e-17,0.39999999999999997,8.143206738876116e-18,6.4967890091091555e-18,-0.008234777645707703,-0.008334777645707702,0.19999999999999998
2024-01-04,0.6,0.4000000000000001,4.163336342344337e-17,1.1158235587154063e-17,9.509767411174137e-18,-0.008010408382207214,-0.008210408382207214,0.4
2024-01-05,0.39999999999999997,0.0,2.1802960841536813e-17,0.6,0.0,0.013512150234857323,0.013212150234857323,0.6000000000000001
2024-01-08,0.0,3.959395000417331e-19,0.40000000000000013,0.5999999999999999,0.0,-0.02598611123308505,-0.02618611123308505,0.4000000000000001
2024-01-09,0.0,3.959395000417331e-19,0.40000000000000013,0.5999999999999999,0.0,0.009073506339701784,0.009073506339701784,0.0
2024-01-10,0.6,1.1885569173321436e-18,0.0,0.4,5.482629046671333e-18,-0.0015332322661190559,-0.0018332322661190558,0.5999999999999999
2024-01-11,0.0,5.725515788802733e-19,0.6,0.4,0.0,0.007734489226359687,0.007434489226359687,0.6
2024-01-12,0.24732232171436422,4.598015246155494e-18,0.6,0.1526776782856358,7.108369701454289e-18,0.006882814742450444,0.006759153581593262,0.24732232171436422
2024-01-16,0.5999999999999998,1.5022002717681509e-18,0.4000000000000002,4.3362875420170624e-17,0.0,-0.005998091940239171,-0.0061744307793819885,0.3526776782856355
2024-01-17,5.05010944685392e-16,0.5999999999999992,0.40000000000000036,0.0,0.0,-0.0053556899790389075,-0.0056556899790389074,0.5999999999999993
2024-01-18,1.2576745200831848e-17,0.5999999999999991,0.0,0.0,0.40000000000000085,-0.005144126339214696,-0.0053441263392146965,0.4000000000000009
2024-01-19,0.40000000000000024,1.7370101636516517e-16,0.0,5.541221885307275e-20,0.5999999999999996,0.0041213234560842065,0.003821323456084207,0.599999999999999
2024-01-22,5.81788463745203e-16,0.5999999999999996,0.0,1.886461511553155e-18,0.39999999999999974,0.003715716867928486,0.003415716867928486,0.5999999999999995
2024-01-23,0.39999999999999986,0.6000000000000001,0.0,1.1123915588616818e-17,1.1102230246251568e-16,-0.0035879635458982992,-0.003787963545898299,0.3999999999999997
2024-01-24,0.1615992910532223,0.6,4.23037880745654e-18,2.6017855603192473e-18,0.23840070894677767,-0.004024088622214785,-0.004143288976688174,0.23840070894677762
2024-01-25,0.40000000000000036,0.5999999999999998,4.011548038196365e-18,7.947008228554187e-19,0.0,0.0060962147254931326,0.005977014371019744,0.23840070894677798
2024-01-26,0.40000000000000024,0.0,2.2891543546493842e-17,0.0,0.5999999999999998,-0.0005081297597207437,-0.0008081297597207437,0.5999999999999999
2024-01-29,0.6,0.4000000000000001,0.0,8.987136372947205e-19,6.202980169487949e-17,0.009358234557636536,0.009058234557636536,0.5999999999999998
2024-01-30,0.0,1.4948960618590817e-16,0.5999999999999999,9.681710345890719e-18,0.39999999999999997,0.0005403579434200014,4.0357943420001497e-05,0.9999999999999998
2024-01-31,0.5999999999999999,8.53325077940339e-18,0.0,1.0267974255380196e-17,0.4000000000000001,-0.008781815053759854,-0.009081815053759854,0.5999999999999999
2024-02-01,2.986435224949263e-17,3.759005053882093e-19,0.6000000000000001,0.12356922636218338,0.2764307736378166,0.0016264264615473423,0.0012646418483662505,0.7235692263621833
2024-02-02,6.168491464360294e-18,4.4586544426297655e-18,0.0,0.5999999999999999,0.40000000000000013,-0.009940023687298424,-0.010240023687298424,0.6000000000000001
2024-02-05,0.002017059764620733,0.397982940235379,7.56643934950445e-17,3.1921721098869707e-16,0.6,-0.004823018213774807,-0.005123018213774807,0.5999999999999996
2024-02-06,0.017264501024394252,0.2901845485970194,0.09255095037858636,1.8856781902983162e-19,0.6,0.0016611212328231522,0.0016072220370039723,0.10779839163835984
2024-02-07,0.6,0.0,0.4,2.880753415151602e-18,0.0,0.004898165527060616,0.0044530732527621065,0.8901845485970195
2024-02-08,0.39999999999999997,0.5999999999999999,2.185751579730777e-16,9.084950458448173e-18,0.0,-0.0033120154531790283,-0.0036120154531790283,0.5999999999999999
2024-02-09,0.5145455125305575,0.0,0.0,0.0,0.4854544874694426,0.0026271190607229183,0.0023271190607229183,0.6000000000000001
2024-02-12,0.18545166619932413,0.5999999999999996,0.0,0.21454833380067564,5.094464857602432e-16,0.0019390229378504862,0.0015317487709501484,0.8145483338006754
2024-02-13,0.5999999999999993,9.415776260500706e-17,2.7755575615628914e-17,0.0,0.4000000000000006,-0.005123207381984228,-0.005530481548884566,0.8145483338006753
2024-02-14,0.0,0.40000000000000024,0.0,1.5423343884825926e-17,0.5999999999999999,0.0009734615276757684,0.0006734615276757687,0.5999999999999994
2024-02-15,0.6,0.0,1.319896878446781e-18,0.3620792021435366,0.037920797856463455,0.010519888105472965,0.010038848504401197,0.9620792021435367
2024-02-16,0.0,0.0,0.4000000000000003,0.5999999999999998,8.545466293409353e-17,0.006160310792010648,0.005841350393082416,0.6379207978564634
2024-02-20,0.0,3.880907550553027e-18,0.0,0.4209688624784087,0.5790311375215913,-0.006501742780521904,-0.0067912583492827,0.5790311375215913
2024-02-21,2.8218538351133133e-18,0.1345601109058254,1.7944208955650063e-18,0.6,0.2654398890941747,0.005221861599571313,0.005065065975357605,0.31359124842741665
2024-02-22,0.0,7.827114369867628e-17,1.1477208765409516e-17,0.6,0.4,0.003278701168485565,0.0032114211130326526,0.13456011090582531
2024-02-23,0.17087719208567936,0.0,6.560954197991475e-18,0.6,0.22912280791432066,-0.013414264323565682,-0.013499702919608522,0.17087719208567942
2024-02-26,0.6000000000000001,0.3484286890355994,3.069744631891272e-17,0.05157131096440054,2.781974376530316e-17,-0.0026129538193365867,-0.0030017295678115468,0.7775514969499201
2024-02-27,0.6,3.3011640489264913e-16,0.0,0.3616650256262832,0.03833497437371643,0.006408645121968094,0.006234430777450294,0.34842868903559915
2024-02-28,0.39999999999999997,0.0,1.9870054999670226e-18,0.6,0.0,-0.0023971945515729675,-0.002516362038759826,0.23833497437371676
2024-02-29,0.546725166209646,0.0,0.0,0.453274833790354,0.0,0.00036458420503332543,0.00029122162192850244,0.14672516620964599
2024-03-01,0.5939531198383482,1.6800399375611977e-18,2.6277727491379875e-18,0.4060468801616518,2.9837083089209593e-18,0.014432198310119895,0.014408584333305545,0.04722795362870222
2024-03-04,0.5939531198383482,1.6800399375611977e-18,2.6277727491379875e-18,0.4060468801616518,2.9837083089209593e-18,-0.005782918920733282,-0.005782918920733282,0.0
2024-03-05,0.213878473443695,0.179508291615878,3.480032905318058e-19,0.6,0.006613234940427079,-0.004128075258746182,-0.004318112581943508,0.3800746463946532
2024-03-06,0.6,0.0,0.0,0.0,0.4,0.001612278551649604,0.001222524405841665,0.779508291615878
2024-03-07,0.0,0.0,0.40000000000000036,0.5999999999999995,0.0,0.001385781195474037,0.0008857811954740369,1.0
2024-03-08,0.40000000000000013,9.469628084582752e-18,0.0,0.6,0.0,-0.009433138717943513,-0.009633138717943513,0.40000000000000047
2024-03-11,0.40000000000000013,1.20128244751032e-18,0.6,0.0,0.0,0.0007570997221764129,0.0004570997221764129,0.6
2024-03-12,0.6,0.0,0.4000000000000001,0.0,0.0,0.0020782464273055184,0.0019782464273055186,0.19999999999999987
2024-03-13,0.6,0.4,0.0,8.678507521399517e-18,9.364050578356592e-18,-0.0028797614932249745,-0.0030797614932249746,0.4
2024-03-14,0.5999999999999999,6.76667226392013e-16,0.3999999999999995,0.0,4.1207843882734364e-19,-0.0028561989304138084,-0.003056198930413808,0.39999999999999947
2024-03-15,0.3810739791746713,1.5147735534815431e-18,0.01892602082532866,0.6,9.499169844248733e-18,-0.0024412237760800004,-0.0027412237760800003,0.6000000000000001
2024-03-18,0.6000000000000001,4.728878768099608e-17,0.13032505839982025,0.0,0.26967494160017974,0.0043529807536183485,0.004052980753618349,0.6000000000000001
2024-03-19,0.39999999999999997,0.0,8.558048964219393e-17,0.6,0.0,0.0056852199099454385,0.0053852199099454386,0.6000000000000001
2024-03-20,0.6,0.0,0.0,0.0,0.40000000000000013,0.0036997141398919624,0.0033997141398919625,0.6000000000000001
2024-03-21,0.3999999999999998,1.2121008339116742e-18,2.3986281910297112e-18,0.6000000000000002,0.0,-0.002017940785276175,-0.0023179407852761754,0.6000000000000003
2024-03-22,0.5999999999999999,1.1102230246251565e-16,0.4000000000000001,0.0,0.0,-0.004345776310303972,-0.004645776310303972,0.6000000000000003
2024-03-25,0.5999999999999999,0.0,0.0,0.0,0.40000000000000013,-0.0026462633118784053,-0.0028462633118784054,0.40000000000000013
2024-03-26,0.5999999999999999,0.0,0.0,0.0,0.40000000000000013,-0.0008251272477401313,-0.0008251272477401313,0.0
2024-03-27,0.6,8.601671357709275e-18,0.3602634208248435,0.0,0.03973657917515647,0.00767899609331649,0.007498864382904069,0.36026342082484364
2024-03-28,0.6,0.39999999999999974,2.7910855353721145e-16,1.5527973809222972e-18,0.0,-0.00045267369203376326,-0.0006526736920337631,0.39999999999999974
2024-04-01,0.5999999999999998,0.0,0.0,4.856455555906972e-18,0.4000000000000002,0.0005070840943425703,0.00030708409434257016,0.40000000000000024
2024-04-02,0.5999999999999998,0.0,0.0,4.856455555906972e-18,0.4000000000000002,-0.004376468859237435,-0.004376468859237435,0.0
2024-04-03,0.5999999999999998,0.0,0.0,4.856455555906972e-18,0.4000000000000002,-0.0011694055858476838,-0.0011694055858476838,0.0
2024-04-04,0.5999999999999999,0.0,0.39999999999999986,0.0,1.6940520564269736e-16,-0.009617611568765592,-0.009817611568765592,0.4
2024-04-05,0.0,0.0,0.40000000000000013,0.6,4.485480285408299e-18,0.0077938123552738344,0.0074938123552738345,0.6000000000000002
2024-04-08,0.6,1.0535291823183407e-18,0.0,0.4,0.0,-0.0006352740682428416,-0.0009352740682428415,0.6
2024-04-09,0.5518737384361462,1.1100773996478527e-18,0.0,0.44812626156385377,5.803681223418488e-19,-0.005085798208515702,-0.0051098613392976285,0.04812626156385377
2024-04-10,0.3173024556340932,0.0,0.08269754436590677,0.6000000000000001,0.0,0.002990195125778806,0.0028729094843777795,0.23457128280205303
2024-04-11,0.0,0.39999999999999925,2.939917623588495e-16,0.6,3.885780586188048e-16,-0.005764676744755616,-0.005964676744755616,0.3999999999999997
2024-04-12,0.0,0.0,0.4077554944211778,0.0,0.5922445055788221,-0.0006372638629045298,-0.0011372638629045294,0.9999999999999992
2024-04-15,0.21264782775504384,0.18735217224495596,0.5999999999999998,9.090303616236388e-17,2.938198210512385e-16,0.005662353791579273,0.005366231538789862,0.5922445055788218
2024-04-16,0.6,0.0,0.0,2.14579504934008e-18,0.39999999999999997,-0.0005404541905972282,-0.0009341302767197061,0.7873521722449558
2024-04-17,0.0,1.225180448259313e-18,0.4000000000000001,0.0,0.5999999999999999,-0.004813858181568209,-0.005113858181568209,0.6
2024-04-18,5.880400283095955e-18,0.24020881747678907,0.15979118252321078,0.6000000000000001,0.0,-0.0016533960227350204,-0.002073500431473415,0.8402088174767891
2024-04-19,5.755188466043288e-19,0.0,0.5143406402210823,0.0,0.48565935977891767,0.001610675789078027,0.0011905713803396325,0.8402088174767891
2024-04-22,8.003991871186651e-18,8.00399187118665e-18,0.4,0.0,0.6,-0.0096734189931595,-0.009730589313270041,0.11434064022108228
2024-04-23,0.0,0.5999999999999996,0.27559663279674834,0.0,0.12440336720325194,-0.0009917364827759399,-0.0012917364827759398,0.5999999999999996
2024-04-24,6.938836946824838e-20,0.42461062975654695,0.0,0.5753893702434532,0.0,-0.0054506111338955545,-0.005738305819017281,0.575389370243453
2024-04-25,1.5979406807692153e-16,0.5999999999999998,3.910295611183716e-18,0.0,0.4000000000000001,-0.005041044325426024,-0.005328739010547751,0.5753893702434532
2024-04-26,0.0,0.022086114484240676,0.37791388551575905,1.999724600129049e-17,0.6000000000000002,0.0040529826690394325,0.003764025726281553,0.5779138855157592
2024-04-29,4.2590339114223386e-18,0.5999999999999999,0.03600668744304221,0.36399331255695777,1.1884954069395427e-16,0.0009287181824552575,0.00045776458341889906,0.941907198072717
2024-04-30,0.5999999999999996,0.0,2.7355389256080495e-17,0.14270547934930178,0.2572945206506986,-0.009907147818043702,-0.010335795078369051,0.8572945206506981
2024-05-01,0.5999999999999999,0.0,0.0,3.970403061587775e-17,0.4000000000000001,-0.0023623491856170197,-0.0024337019252916705,0.14270547934930175
2024-05-02,0.0,0.5999999999999999,1.0836771594588735e-17,0.40000000000000024,0.0,0.0025746798088988492,0.0020746798088988492,1.0
2024-05-03,0.5073091817057621,0.4926908182942377,0.0,1.8669080754563172e-16,0.0,0.011273842093080189,0.011020187502227307,0.5073091817057622
2024-05-06,0.40000000000000013,0.6,0.0,0.0,0.0,0.006468043605125918,0.006414389014273037,0.10730918170576222
2024-05-07,0.30843253238868396,0.6,0.0,0.0915674676113161,6.788943421324368e-19,0.0038057813103745558,0.003759997576568898,0.09156746761131614
2024-05-08,0.40000000000000013,0.6,7.632783294297951e-17,0.0,2.264431049306533e-18,-0.0035982478298754784,-0.0036440315636811363,0.09156746761131618
2024-05-09,2.0816681711721685e-16,0.6,1.998527030126105e-17,6.1074824934465944e-18,0.3999999999999998,0.001538399386473179,0.001338399386473179,0.3999999999999999
2024-05-10,0.30224909941007955,0.0977509005899204,9.062806875416683e-19,0.6000000000000001,0.0,-0.009726845957158357,-0.010177970506863396,0.9022490994100794
2024-05-13,0.0,0.5999999999999998,0.3999999999999999,2.7367617823380146e-16,0.0,-0.0029494241633842367,-0.003400548713089276,0.9022490994100794
2024-05-14,0.5887101177749599,0.0975413041016997,0.3137485781233404,1.6587075257581385e-18,1.382731302417943e-18,0.005906604816266511,0.005612249757379032,0.5887101177749599
2024-05-15,0.0,0.5999999999999996,0.3330963213151167,0.06690367868488364,2.404663087723266e-17,0.013060911073046442,0.012766556014158962,0.5887101177749599
2024-05-16,0.5999999999999998,2.4251221489566424e-16,0.0,0.0,0.4000000000000001,-0.0002518101965828018,-0.0007518101965828017,0.9999999999999998
2024-05-17,0.40000000000000013,0.5999999999999998,0.0,1.3688667407141482e-19,1.3530843112619095e-16,-0.003468067555441577,-0.003768067555441577,0.5999999999999995
2024-05-20,0.0,0.0,4.617082017288356e-18,0.40000000000000013,0.6,-0.0004068612359013461,-0.000906861235901346,0.9999999999999999
2024-05-21,5.183592156761114e-16,4.082094079841824e-18,0.599999999999999,0.0,0.4000000000000004,-0.0008817291627426255,-0.0011817291627426252,0.5999999999999996
2024-05-22,0.3999999999999999,0.5999999999999998,3.964605632568492e-16,4.717427633257429e-18,8.326672684688674e-17,-0.0004310241232832264,-0.0009310241232832259,0.999999999999999
2024-05-23,0.6,2.608015761055173e-16,0.0,0.0,0.3999999999999998,-0.00354617486187754,-0.0038461748618775398,0.5999999999999999
2024-05-24,0.6,0.39999999999999986,1.4383004176840082e-17,0.0,1.942890293094024e-16,0.005155309776119042,0.004955309776119042,0.3999999999999996
2024-05-28,0.6,0.21055936585897667,0.0,0.0,0.1894406341410234,-0.002863636722069963,-0.0029583570391404747,0.18944063414102322
2024-05-29,0.21055936585897625,6.877950583189684e-17,7.19682243472017e-18,0.6000000000000002,0.18944063414102347,-0.008836748646296707,-0.009136748646296707,0.6000000000000003
2024-05-30,0.3999999999999997,0.5999999999999996,0.0,5.654036497974449e-16,3.1136545572539245e-17,0.003145552817333499,0.002750832500262987,0.7894406341410231
2024-05-31,0.39999999999999974,0.5999999999999998,0.0,5.65403649797445e-16,3.113654557253925e-17,0.007717251310422259,0.007717251310422259,8.326672684688679e-17
2024-06-03,0.39999999999999963,0.5999999999999996,0.0,5.654036497974449e-16,3.1136545572539245e-17,0.010030710157323345,0.010030710157323345,1.110223024625157e-16
2024-06-04,0.5042326505917978,0.4957673494082022,1.1714724435523504e-18,0.0,0.0,0.006354707225403275,0.006302590900107376,0.10423265059179808
2024-06-05,0.4,0.6,1.9349726493300736e-18,1.3753534191589118e-18,0.0,0.009157081983343262,0.009104965658047363,0.10423265059179776
2024-06-06,0.2544715967663726,0.0,0.6,0.14552840323362745,1.9066375964959863e-17,0.007203293771479649,0.006830529569862835,0.7455284032336273
2024-06-07,0.0,0.31559502828445274,4.1007899862774114e-16,0.08440497171554685,0.6,-0.0010188289941509786,-0.001476626508293205,0.9155950282844527
2024-06-10,0.08440497171554702,0.31559502828445263,0.0,4.219896267145044e-16,0.6,-0.0003834226524093564,-0.0004256251382671299,0.08440497171554699
2024-06-11,1.1073802320813086e-16,0.0,0.0,0.39999999999999997,0.6,0.0010972222413419,0.0008972222413419002,0.3999999999999995
2024-06-12,0.5892766425661724,0.4107233574338272,4.454064667981861e-16,0.0,0.0,0.007925947161799982,0.007425947161799982,1.0
2024-06-13,0.2738618374353972,0.6,0.12613816256460286,0.0,0.0,0.0083430648226499,0.008185357420084513,0.3154148051307752
2024-06-14,0.0,0.6,0.40000000000000013,0.0,0.0,0.01023291539041269,0.010095984471694993,0.27386183743539727
2024-06-17,0.0,0.6,0.40000000000000013,0.0,0.0,-0.008034279571560821,-0.008034279571560821,0.0
2024-06-18,0.5079233943290999,3.0132458543285554e-17,0.0,0.4920766056709,0.0,0.006857148593974634,0.006357148593974633,1.0
2024-06-20,3.5170773150822126e-16,5.788417574678579e-18,0.39999999999999986,0.5999999999999999,4.792324079716876e-18,0.010637609808511514,0.010383648111346963,0.5079233943290996
2024-06-21,0.3999999999999999,0.6000000000000001,1.5303401697326452e-16,0.0,0.0,-0.0005361962324736092,-0.001036196232473609,0.9999999999999997
2024-06-24,0.6000000000000002,0.00772276723633095,5.250183965136737e-18,1.2189077869043969e-17,0.3922772327636689,-0.003267177761314199,-0.0035633163776960337,0.5922772327636692
2024-06-25,0.6,0.0,3.8470569541660435e-19,0.0,0.4000000000000001,0.002724181283385896,0.0027203198997677305,0.007722767236331193
2024-06-26,0.6,0.4,0.0,0.0,1.1102230246251565e-16,-0.004965343862681415,-0.005165343862681414,0.4
2024-06-27,0.6,0.4,0.0,0.0,1.1102230246251565e-16,0.0025347143553374083,0.0025347143553374083,0.0
2024-06-28,0.39999999999999986,1.3409407059576275e-16,2.2420932644407156e-18,0.6000000000000001,0.0,-0.004051528426402931,-0.004351528426402931,0.6000000000000001
2024-07-01,0.3999999999999995,0.6000000000000004,0.0,9.53478295361962e-17,0.0,-0.009532028416728584,-0.009832028416728584,0.6000000000000003
2024-07-02,0.3999999999999995,0.5655711857393915,4.890209711184465e-19,0.03442881426060906,0.0,0.006913804632858313,0.0068965902257280085,0.03442881426060895
2024-07-03,0.0,0.39999999999999986,0.6000000000000001,0.0,0.0,0.01201696103742984,0.01171696103742984,0.6000000000000002
2024-07-05,0.5999999999999993,3.5713168530419097e-16,0.4000000000000004,0.0,0.0,0.008854682931650575,0.008554682931650575,0.5999999999999993
2024-07-08,0.5999999999999993,3.5713168530419097e-16,0.4000000000000004,0.0,0.0,-0.004268549456043896,-0.004268549456043896,0.0
2024-07-09,0.5999999999999993,3.5713168530419097e-16,0.4000000000000004,0.0,0.0,0.0012618324898742359,0.0012618324898742359,0.0
2024-07-10,0.0,0.45743656999418214,0.542563430005818,0.0,2.002523727949566e-18,0.0034224083340558976,0.0031224083340558977,0.5999999999999994
2024-07-11,0.40000000000000013,0.6,0.0,0.0,1.1962278847030623e-19,0.0023800489849329135,0.0021087672699300047,0.542563430005818
2024-07-12,0.6,9.355047931152396e-17,2.5554298084894228e-18,0.0,0.39999999999999997,0.0023952218579372806,0.0020952218579372807,0.5999999999999999
2024-07-15,1.457167719820518e-16,0.6,0.3999999999999999,0.0,0.0,-0.005607270478723336,-0.006107270478723336,0.9999999999999998
2024-07-16,1.1283342700081483e-16,0.49959186140088085,4.3936716457425507e-17,3.4031017603097425e-18,0.5004081385991189,0.007047959075882031,0.0067977550065824715,0.500408138599119
2024-07-17,0.5999999999999996,0.04050511669089043,0.3594948833091097,1.751430930545548e-16,0.0,-0.010073147571034002,-0.010552895012688556,0.9594948833091093
2024-07-18,0.0,8.573572364208406e-17,0.39999999999999986,0.6,8.935265082002787e-19,-0.007910955287630417,-0.008231207845975861,0.6405051166908899
2024-07-19,0.0,0.5999999999999994,0.4000000000000006,0.0,0.0,-0.010705765763658321,-0.011005765763658321,0.6000000000000001
2024-07-22,0.3999999999999996,0.6,4.3859922112875633e-16,0.0,0.0,0.002380722055396074,0.002180722055396074,0.40000000000000013
2024-07-23,0.3999999999999996,0.6,4.3859922112875633e-16,0.0,0.0,-0.0014694459375165646,-0.0014694459375165646,0.0
2024-07-24,5.551115123125784e-17,0.6000000000000001,2.7259484031774982e-17,5.333158658332534e-17,0.39999999999999986,-0.006623611729714355,-0.006823611729714354,0.39999999999999997
2024-07-25,5.551115123125784e-17,0.6,2.7259484031774982e-17,5.333158658332534e-17,0.39999999999999986,0.004916792904586087,0.004916792904586087,5.551115123125783e-17
2024-07-26,0.6000000000000001,0.0,0.39999999999999963,2.5674102347561083e-16,1.1339598923416967e-17,0.010933616692947226,0.010433616692947225,0.9999999999999999
2024-07-29,0.47567981649717156,2.918730010683519e-19,2.026489041496634e-16,0.5243201835028283,0.0,-0.006058204747015012,-0.006320364838766425,0.5243201835028279
2024-07-30,1.1617696740908787e-16,0.6,0.0,0.0,0.39999999999999986,0.002587184366845951,0.002087184366845951,1.0
2024-07-31,0.4,4.2199066398939745e-17,0.0,0.6,3.142586663563894e-17,0.032932146890088186,0.032432146890088186,0.9999999999999998
2024-08-01,0.4,4.2199066398939745e-17,0.0,0.6,3.142586663563894e-17,-0.01685557551578858,-0.01685557551578858,0.0
2024-08-02,0.5999999999999994,1.8025280835415594e-16,0.0,0.014580642853951841,0.3854193571460485,-0.0155981286162871,-0.015890838294860123,0.585419357146048
2024-08-05,0.09854361399303882,0.6,0.0,0.0,0.30145638600696123,-0.0013836064488894932,-0.001683606448889493,0.5999999999999998
2024-08-06,0.36168250984440825,0.5882399601880636,3.2541897702082463e-18,3.2541897702082463e-18,0.050077529967528185,-0.009664818365963494,-0.009796387813889178,0.2631388958513694
2024-08-07,0.6000000000000002,0.0,0.3999999999999998,0.0,0.0,-0.004282304195311971,-0.0046014629403897675,0.6383174901555918
2024-08-08,0.5999999999999998,0.35286161384363257,0.0,0.04713838615636757,2.4720914014869735e-20,0.01212269642823171,0.011922696428231709,0.4000000000000002
2024-08-09,0.0,0.5999999999999996,0.4000000000000003,0.0,0.0,0.00689908622232118,0.006575517029242996,0.6471383861563674
2024-08-12,0.5999999999999999,0.016818426020452137,4.010493654417534e-16,0.38318157397954766,0.0,0.012492199214270262,0.012000608427280488,0.9831815739795474
2024-08-13,0.3999999999999995,0.0,0.0,0.6000000000000005,6.888355408081984e-18,-0.0009760284402720405,-0.001084437653282267,0.21681842602045287
2024-08-14,0.6,0.3948316098207542,0.0,0.005168390179245871,1.0078166566236155e-17,0.004298553836878194,0.004001138031967816,0.5948316098207547
2024-08-15,0.6,0.4,6.369687763352339e-19,1.4480589822762314e-17,2.4897983159868244e-19,0.007056057273788151,0.007053473078698528,0.005168390179245837
2024-08-16,0.4,0.6,0.0,0.0,0.0,0.0029977319861864693,0.0028977319861864695,0.19999999999999996
2024-08-19,0.40000000000000024,3.8146288716668656e-16,0.0,0.5999999999999994,1.652180326318398e-17,-0.011426922763651474,-0.011726922763651474,0.5999999999999996
2024-08-20,0.32111169464855366,0.6,0.0,0.07888830535144645,2.7618880325110645e-18,0.003675342236284332,0.003375342236284332,0.5999999999999996
2024-08-21,0.6000000000000002,0.0,0.0,0.39999999999999974,0.0,-0.004602092123322782,-0.004902092123322782,0.5999999999999999
2024-08-22,0.6000000000000001,6.93889390390723e-18,1.9162960649220472e-18,0.11174440106511281,0.2882555989348871,-0.0018656049092129388,-0.0020097327086803824,0.28825559893488706
2024-08-23,0.5999999999999999,1.7783000417718815e-17,3.444149617465952e-17,0.0,0.40000000000000013,0.002970824941576875,0.0029149527410443185,0.11174440106511305
2024-08-26,5.204170427930423e-18,0.6000000000000001,0.0,7.475162535740595e-19,0.3999999999999999,-0.0006662600798124756,-0.0009662600798124757,0.6000000000000001
2024-08-27,0.3999999999999996,1.2514203472956977e-15,0.0,0.5999999999999981,1.0994604138720475e-15,-0.009780985303367658,-0.010280985303367657,0.9999999999999977
2024-08-28,0.0,0.0,0.6,0.39999999999999997,5.4836489812913145e-19,-0.009497824980464586,-0.009797824980464586,0.6000000000000001
2024-08-29,0.008268433526742646,0.39173156647325746,0.5999999999999999,5.787868639252957e-17,0.0,0.0018264017691074898,0.0016264017691074897,0.4000000000000001
2024-08-30,0.5999999999999993,3.967881330143389e-16,0.0,0.40000000000000024,0.0,-0.006933600712809015,-0.007429466496045643,0.9917315664732569
2024-09-03,0.5999999999999992,2.6869402617358184e-19,0.4000000000000008,0.0,0.0,-0.014076906747504557,-0.014276906747504557,0.4000000000000008
2024-09-04,0.45266953365049906,0.0,0.0,0.547330466349501,2.881451438586107e-18,-0.012321090962914096,-0.012594756196088845,0.5473304663495009
2024-09-05,0.6000000000000001,4.3571962199865514e-17,2.23092483879397e-17,0.25701997931612663,0.1429800206838733,-0.0006284517521310544,-0.0007736069956477416,0.29031048703337436
2024-09-06,0.4000000000000002,7.357243670046067e-19,0.0,0.5999999999999999,0.0,-0.014973628708444387,-0.015145118718786325,0.34298002068387323
2024-09-09,0.4,0.5999999999999999,0.0,0.0,9.533629678986807e-17,0.007069894408798305,0.006769894408798305,0.6
2024-09-10,0.0,0.3999999999999998,0.6,3.594585216733283e-18,1.9826828664683165e-16,0.005442662666013075,0.005142662666013075,0.6000000000000001
2024-09-11,0.0,0.3999999999999998,2.3930798390033283e-16,0.6,0.0,0.007657158450753388,0.007357158450753388,0.6
2024-09-12,0.6,0.0,6.5172438350059025e-19,0.0,0.40000000000000013,0.0033603352676475845,0.0028603352676475845,1.0
2024-09-13,0.0,0.0,7.261845077085608e-18,0.5999999999999999,0.4000000000000001,-0.000996208206317517,-0.001296208206317517,0.5999999999999999
2024-09-16,0.5999999999999998,0.043202510238638796,3.2466495152445835e-18,0.3567974897613613,3.564493361530369e-16,0.006595206361836055,0.006273605106716736,0.6432025102386384
2024-09-17,0.6,0.0,0.0,0.4,0.0,0.0049856102862530175,0.004964009031133698,0.043202510238639066
2024-09-18,0.40000000000000013,0.0,0.6,5.19112961923523e-17,1.1183908229581368e-17,-0.005812618411054116,-0.006112618411054116,0.5999999999999999
2024-09-19,0.6,0.0,1.63043540372441e-16,0.3999999999999999,0.0,0.022069830591248472,0.021769830591248474,0.5999999999999998
2024-09-20,0.40000000000000013,0.0,0.0,0.5999999999999999,0.0,0.0007105559979241333,0.0006105559979241333,0.19999999999999998
2024-09-23,0.6,9.317512597266302e-19,0.0,0.4000000000000001,3.4592899334810552e-18,-0.00217594257058682,-0.00227594257058682,0.19999999999999982
2024-09-24,0.6,9.317512597266302e-19,0.0,0.4000000000000001,3.4592899334810552e-18,0.007474671654571497,0.007474671654571497,0.0
2024-09-25,0.4000000000000001,0.0,0.0,0.5999999999999999,6.7538698978878614e-18,-0.01570006108702091,-0.01580006108702091,0.19999999999999984
2024-09-26,0.6,0.4000000000000001,0.0,0.0,1.80723714467529e-19,0.0033192170490366378,0.003019217049036638,0.5999999999999999
2024-09-27,0.39999999999999974,1.9480562073632038e-16,0.0,0.6000000000000001,0.0,0.010374856842849802,0.010074856842849802,0.6000000000000001
2024-09-30,0.5999999999999998,1.2615529581459563e-18,0.0,0.4000000000000003,0.0,0.00041195024954356627,0.0003119502495435663,0.2
2024-10-01,0.5999999999999995,1.1059967175718902e-19,0.40000000000000013,0.0,2.2377932840100797e-16,-0.0011786243527147791,-0.0013786243527147794,0.40000000000000047
2024-10-02,0.5999999999999999,5.868153609669048e-18,0.0,0.4000000000000001,0.0,0.0038588910856052214,0.0036588910856052213,0.40000000000000036
2024-10-03,0.42368486892760965,0.0,0.5763151310723903,0.0,0.0,-0.0011734014199243597,-0.001461558985460555,0.5763151310723903
2024-10-04,0.0,1.4511728355333791e-16,0.0,0.5999999999999979,0.400000000000002,0.007156970548571621,0.00665697054857162,1.0
2024-10-07,0.3079053237774493,0.09209467622255088,0.0,0.0,0.6,-0.0030590062417730707,-0.0033590062417730698,0.5999999999999979
2024-10-08,0.0,4.461384154684566e-17,6.552460651153732e-18,0.6,0.40000000000000013,-0.025833304273559253,-0.026133304273559255,0.5999999999999999
2024-10-09,0.0,0.3999999999999994,0.0,0.5999999999999998,7.992254538358375e-16,-0.006548826903650653,-0.006748826903650653,0.39999999999999947
2024-10-10,0.39999999999999913,2.775557561562892e-17,2.629975886675909e-18,0.6000000000000001,7.827544786074451e-16,0.01939301786890564,0.01919301786890564,0.3999999999999994
2024-10-11,0.0,0.30598060276308625,0.6000000000000001,0.09401939723691308,6.972270678887815e-16,0.004973608173412438,0.004520617872030895,0.9059806027630861
2024-10-14,6.218403724918323e-18,0.0,0.6,0.4,0.0,-0.00903034086889234,-0.009183331170273883,0.305980602763087
2024-10-15,0.0,0.5999999999999993,1.2214859242813505e-15,0.3999999999999994,8.056302532779457e-18,-0.009404825241497574,-0.009704825241497574,0.5999999999999993
2024-10-16,1.5388185736123756e-18,0.6,0.08021961192228258,0.3197803880777175,8.99529178270063e-19,0.0013476110497298928,0.001307501243768752,0.08021961192228196
2024-10-17,0.0,0.6,0.40000000000000013,0.0,0.0,-0.007110548303768336,-0.007270438497807195,0.3197803880777176
2024-10-18,0.39695549581997763,0.0,0.07402252770278159,0.5290219764772407,5.637043209766193e-20,-0.00672033408791148,-0.007183322824060089,0.9259774722972183
2024-10-21,0.0,0.6000000000000001,0.39999999999999997,2.86285625689728e-17,0.0,-0.01056226927166002,-0.01102525800780863,0.9259774722972185
2024-10-22,0.6,0.0,0.0,3.7865698706821215e-18,0.4000000000000001,9.278049950505206e-05,-0.00040721950049494795,1.0
2024-10-23,5.0343393012309803e-17,0.40000000000000024,0.5999999999999996,1.140319429520864e-17,0.0,-0.008313590987290538,-0.008813590987290539,1.0
2024-10-24,7.34508116195383e-18,0.0,0.39999999999999997,7.34508116195383e-18,0.6000000000000001,0.0008240193350466992,0.0005240193350466992,0.6000000000000001
2024-10-25,0.0,0.6,0.39999999999999997,2.5848415831546938e-17,0.0,-0.002544509627639568,-0.0028445096276395678,0.6000000000000001
2024-10-28,0.39999999999999997,0.0,0.0,2.1552170183759053e-17,0.6,0.0012365801164111888,0.0007365801164111888,1.0
2024-10-29,1.0061396160665484e-16,0.0,0.6000000000000001,0.0,0.39999999999999974,0.006673503901466661,0.006373503901466661,0.6000000000000001
2024-10-30,3.4671990797519887e-18,0.5999999999999996,0.2794676397303513,2.76055169618067e-19,0.1205323602696491,0.0030110574477025852,0.0027110574477025853,0.5999999999999995
2024-10-31,0.19563129933766357,1.6127430271312263e-16,0.5999999999999995,0.20436870066233656,1.8291402073824317e-16,-0.008206191939354002,-0.008566458119488826,0.7205323602696483
2024-11-01,5.315031322806781e-17,0.24648152645170596,0.15351847354829368,3.071177856059384e-16,0.6,-0.0016390898624084964,-0.0020623306256343493,0.8464815264517056
2024-11-04,0.3457624434821763,0.0,0.6000000000000001,2.4438789874595325e-18,0.05423755651782374,-9.266255966383092e-05,-0.0004887845446307722,0.7922439699338826
2024-11-05,4.311389729974406e-16,0.6,0.0,0.3457624434821756,0.05423755651782392,0.005012048997242554,0.004539167775501466,0.9457624434821759
2024-11-06,0.07965860861111751,0.0,8.1190324860108715e-19,0.5999999999999999,0.3203413913888826,0.005630902639897731,0.005330902639897731,0.6
2024-11-07,0.0,6.234465623560132e-19,0.0,0.6,0.4000000000000001,-0.0022816925993838673,-0.0023215219036894262,0.07965860861111754
2024-11-08,0.6000000000000001,5.230759297579636e-18,0.21642711765151104,0.18357288234848892,0.0,-0.0026279161923418465,-0.0030361297511676023,0.8164271176515111
2024-11-11,0.0,0.33404611743329815,0.38710647873202486,0.2788474038346771,2.892501582430094e-19,-0.01906182626971424,-0.019361826269714243,0.6000000000000001
2024-11-12,0.5999999999999995,0.19174917631303695,0.13897081348504098,0.06928001020192266,0.0,-0.0061824919495594,-0.0064824919495594,0.5999999999999995
2024-11-13,0.2610291865149589,0.5999999999999998,0.138970813485041,2.9956648033318704e-16,1.2382550877063537e-17,-0.006965817320303704,-0.007169942732147185,0.4082508236869629
2024-11-14,0.34394703920075986,0.6,1.3524903891213533e-17,0.0,0.056052960799240104,0.0014870621027017954,0.0014175766959592746,0.1389708134850413
2024-11-15,0.34394703920075986,0.6,1.3524903891213533e-17,0.0,0.056052960799240104,-0.006055656247607594,-0.006055656247607594,0.0
2024-11-18,1.7012393940575586e-16,0.36980398131970976,0.5999999999999999,0.030196018680290225,0.0,0.013073335596865897,0.012758237587525752,0.6301960186802901
2024-11-19,0.3999999999999999,0.0,1.6872326499591403e-16,0.6,1.1428556608267873e-18,0.0034602080258605127,0.002975306035200658,0.9698039813197095
2024-11-20,0.39999999999999997,0.6,0.0,7.253456355737393e-18,0.0,-0.0017828325272190469,-0.002082832527219047,0.6000000000000001
2024-11-21,3.608224830031759e-16,0.6,0.3999999999999998,0.0,0.0,0.002871296171857618,0.0026712961718576185,0.3999999999999997
2024-11-22,3.608224830031759e-16,0.6,0.3999999999999998,0.0,0.0,0.005488921948865232,0.005488921948865232,0.0
2024-11-25,3.608224830031759e-16,0.6,0.3999999999999998,0.0,0.0,0.0037491747014549125,0.0037491747014549125,0.0
2024-11-26,0.0,0.6,0.0,0.0,0.4,-0.0017980476628189244,-0.0019980476628189245,0.4000000000000001
2024-11-27,0.39999999999999963,4.9821230507391293e-17,0.6000000000000001,2.669268908679505e-16,0.0,0.00012157783464079802,-0.000378422165359202,1.0
2024-11-29,0.39999999999999963,0.0,0.5505207280135919,1.339599677781602e-19,0.049479271986408516,0.007150151498930591,0.007125411862937386,0.04947927198640853
2024-12-02,0.39999999999999963,1.4369661218229606e-17,0.48068996471757125,0.11931003528242919,0.0,-0.004440865066967235,-0.00450052008460845,0.11931003528242917
2024-12-03,0.6,1.8392717923802208e-17,0.4,0.0,0.0,0.001083362059281745,0.0009833620592817447,0.20000000000000037
2024-12-04,0.0,0.5999999999999998,0.4000000000000002,0.0,0.0,0.00766079910673336,0.00736079910673336,0.6
2024-12-05,0.0,0.5999999999999998,0.4000000000000002,0.0,0.0,-0.0017469928537885,-0.0017469928537885,0.0
2024-12-06,0.5999999999999991,0.0,5.457231995108256e-16,0.24791242725962617,0.15208757274037413,-0.002721579401097371,-0.0032215794010973706,0.9999999999999994
2024-12-09,0.6,0.1520875727403738,0.0,0.24791242725962612,1.9651558607711131e-16,-0.0012091022199330896,-0.001285146006303277,0.1520875727403746
2024-12-10,0.0,0.6,0.40000000000000013,0.0,0.0,0.0024428376474789483,0.002018881433849135,0.8479124272596262
2024-12-11,6.624472755081622e-19,0.4590385181332981,0.0,0.5409614818667019,0.0,0.010282628927847112,0.01001214818691376,0.5409614818667019
2024-12-12,0.39645849611269973,3.7476086616811963e-16,0.0,0.003541503887300247,0.5999999999999996,-5.858244440467989e-05,-0.0005568116924610296,0.9964584961126994
2024-12-13,0.0,0.5998975001544858,3.3471409886690507e-17,0.0,0.4001024998455141,-0.0059931834078178784,-0.006293132157895121,0.5998975001544855
2024-12-16,7.477935807595797e-17,0.0,0.0,0.6,0.3999999999999999,-0.004784413444538571,-0.005084413444538571,0.6
2024-12-17,1.152760361788248e-16,5.61273877197059e-18,0.5999999999999994,0.39999999999999974,8.313046120607655e-16,-0.004474105163626847,-0.004774105163626847,0.5999999999999993
2024-12-18,0.6000000000000001,0.0,0.39999999999999986,0.0,5.1989356813678895e-18,-0.025555998506758448,-0.02585599850675845,0.6000000000000001
2024-12-19,0.5999999999999998,0.0,0.0,0.0,0.4000000000000003,0.000600205928220366,0.0004002059282203659,0.40000000000000024
2024-12-20,4.632205326138668e-16,0.10106903307292846,0.5999999999999996,0.2989309669270715,0.0,0.00885321516251489,0.00835321516251489,0.9999999999999997
2024-12-23,0.5999999999999999,1.6722469234003476e-16,0.0,0.39999999999999986,2.1085135112757706e-17,0.003374057439829279,0.0030235229232928153,0.7010690330729279
2024-12-24,2.353283118722456e-16,0.6000000000000001,0.0,0.0,0.39999999999999974,0.0036297279083529,0.0031297279083529004,0.9999999999999996
2024-12-26,2.481703928980455e-17,0.6,0.40000000000000013,0.0,0.0,0.002359187012913512,0.0021591870129135118,0.40000000000000013
2024-12-27,2.481703928980455e-17,0.6,0.40000000000000013,0.0,0.0,-0.007667465717957334,-0.007667465717957334,0.0
2024-12-30,0.34021180122365285,0.059788198776347695,6.710182157645744e-16,0.0,0.5999999999999989,-0.0027866807105421023,-0.003256786611153928,0.9402118012236518
2024-12-31,0.40000000000000024,0.0,0.5999999999999999,0.0,0.0,0.0022849535178385487,0.0019550594184503754,0.6597881987763465
2025-01-02,0.5222755707949693,7.320822429314582e-19,0.4777244292050306,0.0,0.0,0.005207916954385073,0.0051467791689875884,0.12227557079496917
2025-01-03,0.6,1.8374763802800204e-18,4.697181419118109e-16,2.4307727359743274e-18,0.3999999999999995,0.006288793209316299,0.006049930994713784,0.4777244292050301
2025-01-06,0.0,0.4000000000000001,7.165768785692257e-16,0.0,0.5999999999999992,-0.00564118228043948,-0.0059411822804394795,0.6
2025-01-07,0.0,0.0,0.4000000000000001,0.0,0.5999999999999999,0.004499032014920834,0.004299032014920834,0.4
2025-01-08,4.2899729848107594e-18,1.8103558188726028e-17,0.6,4.225770380911571e-18,0.4,0.004680931768969554,0.004580931768969554,0.1999999999999999
2025-01-10,4.2899729848107594e-18,1.8103558188726028e-17,0.6,4.225770380911571e-18,0.4,0.00776132742861968,0.00776132742861968,0.0
2025-01-13,0.40000000000000013,5.838005499598676e-18,0.0,2.6412696463741e-16,0.5999999999999995,0.002434675589556527,0.0021346755895565272,0.5999999999999999
2025-01-14,0.0,5.041962388457579e-18,0.40000000000000047,5.338154039092122e-18,0.5999999999999995,-0.0017193268214510341,-0.0019193268214510344,0.4000000000000004
2025-01-15,0.0,5.041962388457579e-18,0.40000000000000047,5.338154039092122e-18,0.5999999999999995,0.001984121461097059,0.001984121461097059,0.0
2025-01-16,0.5999999999999991,0.0,0.40000000000000063,0.0,3.182842929163175e-16,0.0016104946479057088,0.0013104946479057093,0.5999999999999992
2025-01-17,0.0,0.0,0.40000000000000036,0.5999999999999995,0.0,-0.00516129072487157,-0.00546129072487157,0.5999999999999995
2025-01-21,0.6,3.421724326240395e-18,0.4,3.9098712960736376e-17,0.0,0.01168612935733231,0.01138612935733231,0.5999999999999999
2025-01-22,0.5999999999999999,7.643563564567358e-18,0.0,0.40000000000000013,4.570574860066344e-18,1.952962836137889e-05,-0.0001804703716386212,0.40000000000000013
2025-01-23,0.39999999999999997,9.000347160215522e-18,1.3135846472602473e-17,2.287813496802998e-17,0.6000000000000001,0.0019790234803472853,0.0016790234803472854,0.6000000000000001
2025-01-24,1.945539864309207e-19,0.4,1.1822232156589482e-16,0.6,0.0,0.004750673101504833,0.004250673101504832,1.0
2025-01-27,3.4975134068515435e-18,0.5999999999999996,2.8128390776008773e-16,0.0,0.4,0.0072225437133350764,0.0069225437133350765,0.5999999999999999
2025-01-28,0.0,0.06446252197949191,0.5999999999999996,0.3355374780205086,0.0,0.009154261953767947,0.008686493214757693,0.9355374780205077
2025-01-29,0.4000000000000002,0.0,3.448664617683436e-16,3.7897788147866537e-16,0.5999999999999991,-0.0005657563548037018,-0.0010657563548037013,0.9999999999999993
2025-01-30,0.0,0.1478746747149296,0.30064352229223473,0.5514818029928357,9.515720945908351e-17,0.0048951677910114046,0.004395167791011405,0.9999999999999992
2025-01-31,0.23932781688841676,2.162463858605207e-16,0.16067218311158277,6.281910099716739e-16,0.5999999999999998,0.001493678787075423,0.001074014878631215,0.8393278168884164
2025-02-03,0.27615731347629485,1.0938251882148544e-18,0.6,0.0,0.12384268652370518,0.001889488206827539,0.0016514095500893913,0.47615731347629536
2025-02-04,0.0,0.3999999999999997,0.6,1.9321569947658985e-16,1.6864282690185093e-16,0.007134108628919918,0.006934108628919918,0.3999999999999999
2025-02-05,1.0812447547569438e-17,0.3999999999999995,3.386027704172685e-16,1.4042560452393715e-17,0.6000000000000001,0.005582701605990075,0.005282701605990075,0.6
2025-02-06,0.0,0.5999999999999999,2.6519835084607004e-16,0.39999999999999974,2.09375047336524e-16,-0.003631470043634731,-0.0039314700436347315,0.6000000000000001
2025-02-07,0.0,0.4280948461222936,0.45783792538549695,0.11406722849220953,0.0,-0.0013267480124963481,-0.0015556669751890964,0.4578379253854967
2025-02-10,0.40000000000000013,5.488827442060081e-17,0.5999999999999999,0.0,0.0,0.012879424912774915,0.012608343875467663,0.542162074614503
2025-02-11,0.39999999999999997,0.0,3.263036899731885e-16,0.0,0.5999999999999996,-0.0017282736983297298,-0.0020282736983297297,0.5999999999999996
2025-02-12,0.0,8.146848995896525e-18,0.09652930416405356,0.5999999999999999,0.30347069583594666,-0.014640839088713102,-0.014989103740795129,0.696529304164053
2025-02-13,0.01518209291455955,3.3047391621160934e-19,0.028933975901259432,0.6,0.35588393118418105,-0.0019052690303933372,-0.0019390666945247343,0.0675953282627941
2025-02-14,0.40000000000000024,0.0,0.0,2.858578250458644e-16,0.5999999999999994,-0.0016634373231534166,-0.001977904311104046,0.6289339759012591
2025-02-18,0.40000000000000024,0.0,0.0,2.858578250458644e-16,0.5999999999999994,0.0024105819916556952,0.0024105819916556952,0.0
2025-02-19,0.40000000000000024,0.0,0.0,2.858578250458644e-16,0.5999999999999994,0.0015587573108844861,0.0015587573108844861,0.0
2025-02-20,0.40000000000000013,0.0,0.6,2.4137899222708057e-19,0.0,-0.001354028676183728,-0.0016540286761837278,0.5999999999999999
2025-02-21,2.0516538141731496e-16,0.39999999999999974,0.6,0.0,0.0,0.004280603445987923,0.004080603445987923,0.3999999999999998
2025-02-24,4.51672227319542e-18,0.6,0.4000000000000001,1.6103406525624478e-18,1.734907442025356e-18,0.003912657489362159,0.003812657489362159,0.20000000000000018
2025-02-25,0.6000000000000002,0.0,7.109438892314739e-16,0.3999999999999988,3.4916950634709197e-16,-0.012672121623317394,-0.013172121623317394,0.9999999999999994
2025-02-26,3.122385203959698e-16,0.6,0.0,0.0,0.3999999999999998,0.004372061038351971,0.0038720610383519713,0.9999999999999993
2025-02-27,0.3999999999999999,0.5999999999999999,0.0,8.27040170336632e-18,2.0727771143587287e-16,-0.010626001993178466,-0.010826001993178467,0.39999999999999963
2025-02-28,0.3999999999999999,0.5999999999999999,0.0,8.27040170336632e-18,2.0727771143587287e-16,0.01360186098410869,0.01360186098410869,0.0
2025-03-03,0.6000000000000001,0.35612327528170146,0.04387672471829853,1.070078975274982e-18,0.0,-0.008271512852945766,-0.008393451215304916,0.24387672471829866
2025-03-04,0.0,0.0,0.40000000000000036,0.0,0.5999999999999998,-0.0018799637372060641,-0.002358025374846915,0.9561232752817015
2025-03-05,0.5999999999999999,0.0,0.0,0.0,0.40000000000000013,0.0015959708379466222,0.0012959708379466223,0.5999999999999999
2025-03-06,4.751352531649227e-16,2.033622086779917e-17,0.0,0.6,0.39999999999999963,-0.002716988808062112,-0.003016988808062112,0.5999999999999999
2025-03-07,0.5999999999999996,0.0,3.499339490454962e-18,0.0,0.4000000000000003,0.00209888153728581,0.00179888153728581,0.6
2025-03-10,0.6,0.014083299483219024,2.419912685116161e-19,8.960989969083907e-19,0.385916700516781,-0.015562582211665286,-0.015569623861406897,0.014083299483219326
2025-03-11,0.6,0.0,0.0,9.361206062678437e-19,0.4000000000000001,-0.007240331801700118,-0.007247373451441727,0.014083299483219047
2025-03-12,0.6,0.39999999999999997,1.8636858874210126e-18,0.0,5.551115123125783e-17,0.0007944235723018164,0.0005944235723018165,0.4
2025-03-13,0.6,0.39999999999999997,1.8636858874210126e-18,0.0,5.551115123125783e-17,-0.004481667166156611,-0.004481667166156611,0.0
2025-03-14,0.6,0.39999999999999997,1.8636858874210126e-18,0.0,5.551115123125783e-17,0.010275438237962398,0.010275438237962398,0.0
2025-03-17,1.865247243559503e-16,0.5999999999999999,0.3999999999999999,0.0,1.1830680219813693e-17,0.005159858715008393,0.004859858715008393,0.5999999999999998
2025-03-18,0.40000000000000013,0.5999999999999998,0.0,4.728039209499837e-18,2.9383090712674496e-16,-0.0037275812266647466,-0.003927581226664747,0.4000000000000002
2025-03-19,0.5510622052475752,0.44893779475242485,0.0,0.0,0.0,0.008327727417874797,0.00825219631525101,0.15106220524757513
2025-03-20,0.0,0.5999999999999999,0.3999999999999999,0.0,3.00974523081976e-16,-0.0001175119885624456,-0.0003930430911862332,0.5510622052475752
2025-03-21,0.0,0.5999999999999998,5.55111512312578e-17,0.0,0.4000000000000001,-0.002283934099849104,-0.002483934099849104,0.3999999999999999
2025-03-24,0.0,0.5999999999999999,5.5511151231257815e-17,0.0,0.4000000000000002,-0.005450429361490914,-0.005450429361490914,1.1102230246251565e-16
2025-03-25,0.0,0.5999999999999999,5.5511151231257815e-17,0.0,0.4000000000000002,-0.0004871116699463717,-0.0004871116699463717,0.0
2025-03-26,0.39999999999999997,0.6,0.0,4.724897492650456e-18,0.0,-0.00871917131863329,-0.00891917131863329,0.40000000000000013
2025-03-27,3.0745573975453587e-16,0.030727702705690852,0.0,0.36927229729431005,0.5999999999999989,-0.001680582973738855,-0.0021652191223860097,0.9692722972943089
2025-03-28,8.766673196779283e-18,0.2868392970888735,0.1131607029111267,0.0,0.5999999999999998,0.0037564803219401763,0.0035718441732930212,0.3692722972943103
2025-03-31,0.0,0.4000000000000003,0.0,4.879773297266842e-19,0.5999999999999998,0.004580743613200958,0.004524163261745395,0.11316070291112676
2025-04-01,4.147850999171318e-18,2.7755575615628914e-17,0.32845771654049905,0.07154228345950092,0.6,-0.00025041027346752376,-0.0004504102734675239,0.40000000000000024
2025-04-02,3.949305965651458e-17,1.5368710928117512e-17,0.5999999999999996,0.40000000000000013,2.2864434639518276e-16,0.004655989257094494,0.004355989257094494,0.5999999999999999
2025-04-03,0.10638012325656951,0.5999999999999999,0.0,0.2936198767434306,0.0,-0.023221674071507256,-0.02357486413313554,0.7063801232565693
2025-04-04,0.3158954563470116,0.0,0.08410454365298824,3.558554221900382e-16,0.5999999999999998,-0.013806128722028927,-0.014252938660400642,0.89361987674343
2025-04-07,0.4000000000000001,6.377590254085728e-19,0.6,0.0,0.0,-0.013603935546511292,-0.013903935546511292,0.6000000000000001
2025-04-08,0.09054542862240804,0.30945457137759214,0.0,2.430799036424763e-18,0.5999999999999999,-0.01000856544262558,-0.010463292728314377,0.909454571377592
2025-04-09,0.3724236914509754,2.0666465335794234e-17,3.5122712884709534e-19,0.6,0.027576308549024705,0.07931496817500251,0.07887402904358823,0.8818782628285673
2025-04-10,0.0,0.3999999999999991,0.6,9.026619845717809e-16,0.0,0.003626870925935761,0.0031268709259357616,0.9999999999999992
2025-04-11,0.19615732347575413,8.149999271492016e-18,0.20384267652424592,0.0,0.6,0.0019755132381777934,0.0015774345764399164,0.7961573234757541
2025-04-14,0.1961573234757542,0.20384267652424587,0.0,4.246045992919352e-18,0.6,0.0013902863147891736,0.0012883649765270506,0.20384267652424592
2025-04-15,0.0,0.41713173335891407,4.221918187214074e-16,0.5828682666410854,0.0,-9.637567825020319e-05,-0.0004944543399880803,0.7961573234757542
2025-04-16,0.0,0.5999999999999999,0.40000000000000024,0.0,2.1165686267676608e-17,0.016364161117098337,0.016072726983777794,0.5828682666410855
2025-04-17,0.0,0.2675228457316114,0.1324771542683886,6.893917753753622e-19,0.6,-0.002504654303929878,-0.002804654303929878,0.6000000000000001
2025-04-21,0.0,0.5999999999999998,0.39999999999999997,8.091481730522386e-17,1.748353676953533e-16,0.0018864593707565332,0.0015864593707565332,0.5999999999999998
2025-04-22,0.5193781047994201,0.34746402675328336,0.1331578684472965,0.0,0.0,0.013562176641178854,0.013302487588779143,0.5193781047994201
2025-04-23,1.3604679585509413e-16,0.0,0.4789185669675364,0.5210814330324635,9.418531524966174e-18,-0.021399153911040986,-0.02183257497681734,0.8668421315527033
2025-04-24,0.0,0.0,0.6,0.4,0.0,0.011143735435484591,0.01108319471896836,0.12108143303246359
2025-04-25,1.253572456885855e-16,0.5999999999999998,0.0,0.0,0.4000000000000001,0.005444682310717929,0.004944682310717929,0.9999999999999999
2025-04-28,0.0,0.4000000000000002,0.0,0.5999999999999999,6.258827599582279e-17,-0.0085187160463521,-0.0088187160463521,0.5999999999999999
2025-04-29,0.2805092357409511,0.6000000000000001,1.6649636246708053e-17,0.0,0.11949076425904885,0.00719284338452204,0.00689284338452204,0.5999999999999999
2025-04-30,1.6963015202616644e-16,0.6,0.06725202294243737,0.3327479770575624,0.0,-0.016930656841117036,-0.017130656841117035,0.3999999999999998
2025-05-01,0.06725202294243758,0.0,0.6,0.33274797705756254,0.0,-0.006961017247962948,-0.007261017247962948,0.6000000000000001
2025-05-02,3.100569483964789e-17,0.4000000000000004,0.5999999999999995,0.0,2.8984897228518465e-18,-0.0032807484307155344,-0.0034807484307155345,0.40000000000000047
2025-05-05,0.40000000000000013,3.2334720899632845e-16,1.8033841315786897e-17,0.5999999999999995,4.987753516676379e-19,-0.0176663603617815,-0.0181663603617815,0.9999999999999996
2025-05-06,0.6,0.18146810755000478,0.0,0.21853189244999524,8.924434473222303e-20,0.003401656085602363,0.0032109220318273612,0.38146810755000427
2025-05-07,4.560424433281169e-17,0.3137371413753267,0.4704229821434849,0.0,0.21583987648118844,-0.004146159124213613,-0.004555425070438611,0.8185318924499952
2025-05-08,0.5999999999999999,2.5914350360764203e-16,1.4981174363906412e-17,0.07033097515990222,0.32966902484009775,0.009251363380741718,0.008859283318982312,0.7841601235188114
2025-05-09,1.1792973834005606e-15,0.3209049133004871,0.5999999999999995,0.07909508669951179,4.374017984959455e-16,0.006050580762354266,0.005585746249934218,0.9296690248400958
2025-05-12,0.5999999999999998,0.0,0.4000000000000002,0.0,4.1715136596637934e-17,0.008552123179670077,0.008252123179670078,0.5999999999999985
2025-05-13,0.6,0.0,1.5892472271909833e-17,0.20357466376419206,0.19642533623580796,0.008274534830228627,0.008074534830228627,0.4000000000000002
2025-05-14,0.17375421677900238,0.22624578322099756,1.6638853313508041e-18,0.6000000000000001,0.0,-0.008694182746601923,-0.009005518306330326,0.6226711194568055
2025-05-15,0.1737542167790023,3.629256673305418e-16,0.22624578322099734,0.6000000000000001,0.0,-0.005491607102811317,-0.005604729994421815,0.2262457832209973
2025-05-16,0.309970795732963,0.5999999999999996,2.40254082178842e-16,0.0,0.09002920426703719,0.003825903922994806,0.003412781031384307,0.8262457832209972
2025-05-19,0.5142045004250058,0.0,0.0,0.40068916597434495,0.08510633360064919,0.0023949081732294337,0.0020924467378962397,0.6049228706663878
2025-05-20,0.39999999999999997,0.0,1.0540505548000846e-17,0.5999999999999998,1.342334502672078e-16,-3.125626376365774e-05,-0.00013091168077648515,0.19931083402565483
2025-05-21,0.4,0.0,1.0540505548000847e-17,0.5999999999999999,1.3423345026720783e-16,-0.016090704682652543,-0.016090704682652543,8.326672684688675e-17
2025-05-22,0.4,0.0,1.0540505548000847e-17,0.5999999999999999,1.3423345026720783e-16,-0.003836882607811253,-0.003836882607811253,0.0
2025-05-23,0.027796500628976928,0.0,0.37220349937102315,0.6,0.0,0.015559924641941569,0.015373822892256058,0.37220349937102326
2025-05-27,3.6812672590076055e-16,0.5999999999999995,0.0,2.1699998247925257e-16,0.4,0.010565848494901253,0.010065848494901252,0.9999999999999996
2025-05-28,1.8475941242899315e-16,0.0,0.40000000000000036,0.5999999999999993,1.829655902536425e-16,0.0045335508313740485,0.004033550831374049,0.9999999999999996
2025-05-29,1.8475941242899315e-16,0.0,0.40000000000000036,0.5999999999999993,1.829655902536425e-16,-0.0038165650224460633,-0.0038165650224460633,0.0
2025-05-30,0.4000000000000001,0.6,0.0,0.0,8.01143600551739e-18,0.00045801922548940324,-4.198077451059666e-05,0.9999999999999999
2025-06-02,0.0,0.0,0.40000000000000024,0.5999999999999998,0.0,0.032076960827997957,0.031576960827997956,1.0
2025-06-03,6.287134877482284e-18,0.17535662819781986,0.0,0.22464337180218058,0.5999999999999995,0.0047511766127506135,0.004363498298651704,0.7753566281978195
2025-06-04,0.0,0.0,0.5999999999999995,0.39999999999999974,7.286985373607588e-16,0.0007173632585248018,0.0003296849444258925,0.7753566281978186
2025-06-05,0.05749353681734227,0.3143738917069377,0.5999999999999995,0.0281325714757206,9.587113521554015e-19,-0.002850095469898605,-0.003036029184160745,0.37186742852427995
2025-06-06,0.05749353681734216,0.3425064631826581,8.291331525883904e-17,0.5999999999999998,0.0,0.008673269255442168,0.008373269255442168,0.5999999999999996
2025-06-09,1.3224246559054784e-17,0.34250646318265804,0.35352333609605446,0.30397020072128755,0.0,0.004882530691641316,0.004705769023593288,0.3535233360960544
2025-06-10,0.5999999999999999,5.441307150549522e-17,0.09602979927871255,0.3039702007212875,0.0,0.0015315688761299855,0.0012315688761299856,0.5999999999999999
2025-06-11,0.40000000000000024,5.719480778304932e-18,3.070696062483157e-16,0.5999999999999994,0.0,0.025842426764740422,0.025694411865101068,0.2960297992787119
2025-06-12,0.6,0.0,1.5406935330122961e-18,0.4,0.0,0.0036141791938342216,0.0035141791938342218,0.19999999999999973
2025-06-13,0.3999999999999997,0.6000000000000001,0.0,2.2144896479028315e-16,3.3148085205881618e-18,-0.010253909561499523,-0.010553909561499522,0.6000000000000001
2025-06-16,0.2816906717790344,0.0,1.5094457775673518e-17,0.11830932822096553,0.6000000000000001,0.000938619528411186,0.0005794648643007033,0.7183093282209654
2025-06-17,0.0,0.39941087205459797,0.048294012730370144,0.5522951152150319,0.0,0.030957641292498252,0.030516795956608736,0.8816906717790345
2025-06-18,0.2764281755308801,0.6000000000000001,0.048294012730370046,0.07527781173874976,3.1381826373024265e-17,0.0007113230005317087,0.0004728143487935676,0.47701730347628224
2025-06-20,0.0,0.39999999999999986,1.0526720524554117e-17,0.6000000000000001,9.314678555599088e-18,0.005460608396627987,0.005198247302497362,0.5247221882612503
2025-06-23,0.28725174995850034,0.19051328440326207,7.187677581160082e-20,0.2613093470777106,0.26092561856052704,-0.01868802863962995,-0.01896211732388946,0.5481773685190273
2025-06-24,0.0,0.0,0.0,0.6,0.40000000000000013,-0.028828681161182666,-0.029067563678363547,0.47776503436176243
2025-06-25,0.0,0.3155922426934988,0.08440775730650132,1.0154067080792585e-17,0.6,-0.0008934691847291108,-0.0011934691847291109,0.5999999999999999
2025-06-26,0.2627825754050694,0.6000000000000001,0.0,5.062028658955648e-18,0.1372174245949306,0.004515458809768106,0.00424186364341232,0.5471903327115707
2025-06-27,0.5933132844376263,1.4759902757064064e-17,0.0,0.4066867155623736,0.0,0.001234486536560166,0.0008658778242627007,0.7372174245949307
2025-06-30,0.5933132844376263,1.4759902757064064e-17,0.0,0.4066867155623736,0.0,0.0018933479734838368,0.0018933479734838368,0.0
2025-07-01,1.4707376141581578e-16,0.5999999999999999,1.0897968551636448e-17,2.447197175521437e-17,0.39999999999999997,0.0013387415615790487,0.0008387415615790488,0.9999999999999999
2025-07-02,0.0,0.5583465105611084,0.0,0.44165348943889166,0.0,0.006369332087716725,0.0061485053429972784,0.4416534894388916
2025-07-03,0.4000000000000002,0.0,0.0,0.5999999999999998,0.0,-2.2403342957819095e-05,-0.0003015765982383733,0.5583465105611084
2025-07-07,0.6,2.949029909160572e-17,0.4,0.0,0.0,-0.004171614658753531,-0.0044716146587535305,0.5999999999999999
2025-07-08,0.4000000000000001,0.0,0.0,0.6,7.153965467705768e-18,0.0035465368304511188,0.003246536830451119,0.6
2025-07-09,0.4000000000000001,0.0,0.0,0.6,7.153965467705768e-18,0.002164756955634739,0.002164756955634739,0.0
2025-07-10,0.3999999999999997,1.5265566588595902e-16,0.5999999999999992,7.414749254862151e-16,1.9234225029258533e-16,0.002463642356433065,0.0021636423564330653,0.5999999999999995
2025-07-11,2.43354185434282e-16,1.437068660534348e-17,0.3999999999999998,7.43179270143625e-18,0.5999999999999999,0.005609242247913568,0.005309242247913568,0.5999999999999996
2025-07-14,0.4000000000000002,2.6645696709400587e-18,0.0,0.0,0.5999999999999998,0.002306324042445773,0.0021063240424457727,0.39999999999999997
2025-07-15,0.39999999999999997,2.2216725485912493e-17,7.03032052265149e-18,0.6,0.0,-0.004565683463226078,-0.004865683463226078,0.6
2025-07-16,0.0,0.6,0.0,2.2348079291280765e-17,0.4000000000000001,-0.000610987582456213,-0.001110987582456213,1.0
2025-07-17,0.0,0.0,0.39999999999999997,0.5999999999999998,1.3856436378142798e-16,0.006870987138250893,0.006370987138250893,0.9999999999999998
2025-07-18,1.2918612220663074e-18,0.6000000000000001,1.6752717643862784e-17,6.745010403623485e-18,0.39999999999999997,0.0003338016499347509,-0.00016619835006524897,0.9999999999999998
2025-07-21,0.0,0.05174405623917882,0.6000000000000001,0.34825594376082103,1.6259386897924023e-16,0.008123975021894594,0.007649847050014183,0.9482559437608211
2025-07-22,0.599999999999999,0.4000000000000008,1.572820178806719e-16,0.0,7.055429221756473e-17,0.0025044228550962057,0.0020302948832157954,0.9482559437608209
2025-07-23,0.599999999999999,0.4000000000000008,1.572820178806719e-16,0.0,7.055429221756473e-17,0.002885363077752142,0.002885363077752142,0.0
2025-07-24,2.5424347117248685e-16,0.0,0.4696739269173536,0.530326073082646,4.7547892209494996e-17,0.0028326060934311865,0.002332606093431187,0.9999999999999994
2025-07-25,0.0,2.3715809264172216e-18,0.6,0.4,0.0,-0.012068581071349959,-0.012133744107891283,0.13032607308264635
2025-07-28,0.0,0.0,0.5759792454813663,0.42402075451863375,0.0,0.009413989400387296,0.009401979023127978,0.024020754518633725
2025-07-29,0.0,0.5999999999999999,0.39999999999999986,1.8717846271786245e-16,0.0,0.01123171611089489,0.01093171611089489,0.6
2025-07-30,0.39999999999999897,6.034293329030276e-16,0.6,6.133960942499857e-17,2.788400206832304e-16,-0.010867811657209823,-0.011167811657209823,0.5999999999999994
2025-07-31,0.3489119847740144,0.051088015225985633,0.6,0.0,0.0,0.002707792347073971,0.0026822483394609783,0.051088015225984953
2025-08-01,0.0,0.4,0.6,2.9803608881219427e-18,0.0,0.0178664212227432,0.017691965230356193,0.3489119847740144
2025-08-04,0.5999999999999999,3.2959746043559335e-17,0.4000000000000002,1.1342630475263467e-18,1.7087017714508538e-17,0.011449109918079436,0.011149109918079436,0.5999999999999998
2025-08-05,6.641451369806034e-17,0.0,0.01997388944196596,0.6,0.38002611055803404,-0.00857679655027847,-0.009066809605557486,0.980026110558034
2025-08-06,6.725286987744758e-17,0.0,0.43288509424779914,0.5671149057522009,0.0,-0.010216368655263004,-0.01042282425766592,0.41291120480583315
2025-08-07,0.6,8.44709368386498e-17,3.429408455494796e-16,0.39999999999999963,1.707545438617595e-17,-0.00250824607910844,-0.0028082460791084398,0.6
2025-08-08,0.38275514553736106,8.331559317833465e-17,0.6,1.837188731978722e-18,0.017244854462638903,0.002881931611568467,0.0025733091843371477,0.6172448544626385
2025-08-11,0.24974811923656814,2.8261235945372685e-18,0.6,1.8608098254374526e-18,0.15025188076343188,-0.008516171606929085,-0.00858267512007948,0.13300702630079297
2025-08-12,0.6,0.0,3.053083448039485e-17,0.22777394932301115,0.17222605067698898,0.002888678499760103,0.002588678499760103,0.6000000000000001
2025-08-13,0.6,0.0,1.839761461883037e-18,0.3580186213012383,0.041981378698761715,-0.00045818728311606584,-0.0005233096191051795,0.1302446719782272
2025-08-14,0.39999999999999997,0.5999999999999999,2.663543169185092e-16,0.0,0.0,-0.004411395344767689,-0.0047113953447676885,0.6
2025-08-15,1.1102230246251568e-16,0.6000000000000001,0.0,0.3999999999999998,0.0,-0.009373725985511248,-0.009573725985511249,0.4000000000000001
2025-08-18,0.6,0.0,0.0,0.304130251866136,0.09586974813386402,0.0016606075576098124,0.0013126726835428805,0.6958697481338638
2025-08-19,0.40000000000000047,1.13418176448499e-17,0.0,0.0,0.5999999999999994,-0.0006377623741262756,-0.0008898275000593433,0.5041302518661355
2025-08-20,0.40000000000000063,0.0,0.5999999999999993,0.0,0.0,0.0050104638046990415,0.004710463804699042,0.5999999999999994
2025-08-21,0.39999999999999936,0.0,2.9036001495966736e-16,0.6000000000000004,0.0,0.003373489397238188,0.0030734893972381877,0.6000000000000003
2025-08-22,4.917335945070673e-16,0.5999999999999999,0.18463047048486492,0.0,0.21536952951513477,0.004313934654091724,0.003813934654091724,0.9999999999999993
2025-08-25,0.5999999999999999,0.0,0.31152435570567444,0.08847564429432585,0.0,-0.002077194123098476,-0.0024848788878560433,0.8153695295151346
2025-08-26,0.39999999999999997,0.5999999999999995,0.0,1.162322707272781e-16,2.027930476476047e-16,0.0013292452371848698,0.0010292452371848699,0.5999999999999999
2025-08-27,0.08571803489787092,0.22952748850556592,0.08475447659656397,0.5999999999999992,8.818204636639266e-18,0.005206458644990692,0.00486408140669241,0.684754476596563
2025-08-28,0.5942067587969474,0.4057932412030526,7.835875329184674e-17,0.0,6.899993716595602e-17,0.00477362170396934,0.004431244465671058,0.6847544765965632
2025-08-29,0.6,0.3782899439928238,0.0,2.3609608364357477e-18,0.021710056007176307,-0.006283082716278074,-0.006296834364883188,0.027503297210228855
2025-09-02,0.39999999999999986,9.003711387624991e-17,0.0,0.6000000000000001,0.0,0.012428751273067154,0.012128751273067154,0.6000000000000001
2025-09-03,0.39999999999999986,9.003711387624991e-17,0.0,0.6,0.0,-0.012918154870766817,-0.012918154870766817,5.551115123125783e-17
2025-09-04,0.39999999999999986,9.003711387624991e-17,0.0,0.6,0.0,-0.0018688221162576069,-0.0018688221162576069,0.0
2025-09-05,0.5999999999999999,0.0,0.23145031160941199,1.5656478819250358e-18,0.1685496883905881,0.0004942890458669944,0.0001942890458669944,0.6000000000000001
2025-09-08,0.6,0.39999999999999925,6.168952619351933e-16,9.608490453863546e-17,0.0,0.00680370451091705,0.00660370451091705,0.39999999999999947
2025-09-09,1.9579370472541955e-16,0.3999999999999997,1.943147770505701e-18,0.0,0.6000000000000001,0.0001435032070212588,-0.00015649679297874145,0.6000000000000005
2025-09-10,0.0,0.0,0.4000000000000003,0.599999999999999,6.378064998159887e-16,0.01222854083966432,0.01172854083966432,0.9999999999999993
2025-09-11,0.0,0.0,0.4000000000000003,0.599999999999999,6.378064998159887e-16,-0.014329646053234637,-0.014329646053234637,0.0
2025-09-12,0.011770584663124143,1.3321468104282696e-19,0.38822941533687594,0.6,3.275081519707419e-19,0.0033094101124559495,0.003303524820124387,0.011770584663125071
2025-09-15,0.3474004568836948,0.0,0.0525995431163053,0.6,0.0,0.009926503386697342,0.009758688450587057,0.3356298722205706
2025-09-16,0.34740045688369503,0.0,0.5999999999999999,0.0,0.052599543116305186,0.00039798660012645257,9.798660012645265e-05,0.5999999999999999
2025-09-17,0.0,0.4000000000000001,0.6,2.6424414662487935e-17,0.0,-0.005647369788402901,-0.005847369788402902,0.40000000000000024
2025-09-18,0.0,0.4000000000000001,0.6,2.6424414662487935e-17,0.0,-0.006531658066543012,-0.006531658066543012,0.0
2025-09-19,7.325565255043346e-18,0.0,0.5222713105046937,0.4777286894953063,0.0,-0.001943685718076074,-0.0021825500628237272,0.47772868949530634
2025-09-22,9.845463962713201e-18,0.0,0.40000000000000013,0.5999999999999999,1.2775229962874217e-19,0.006351301714813642,0.006290166059561295,0.12227131050469356
2025-09-23,9.061512700745881e-19,0.0,0.21960060512455057,0.1803993948754494,0.6,0.004388063022241346,0.004088063022241346,0.6
2025-09-24,8.595220655942854e-19,2.570772826563392e-20,0.11528572843003705,0.44014551291627896,0.44456875865368406,0.010069562353745405,0.00993968929472499,0.2597461180408295
2025-09-25,0.029230904545406684,0.25548336702455526,0.11528572843003701,0.6,1.2699157602144456e-15,0.005057978424197395,0.004835694044870554,0.4445687586536829
2025-09-26,0.5999999999999998,0.0,0.22607581434526036,0.17392418565473994,0.0,0.004810201808570269,0.004469422217885361,0.6815591813698165
2025-09-29,7.381773622875609e-16,0.0,0.5999999999999995,0.3999999999999997,6.930391207087416e-18,-0.0027221922074137823,-0.003022192207413782,0.599999999999999
2025-09-30,0.0,0.4062848055155167,0.5937151944844833,0.0,3.4822243474009783e-19,0.0038917650734725646,0.003688622670714806,0.4062848055155167
2025-10-01,6.297160312498116e-20,0.39999999999999997,0.6,0.0,0.0,0.0019782629475821436,0.001975120544824385,0.006284805515516717
2025-10-02,0.4,0.0,0.6,0.0,6.834935172665963e-18,-0.0016290394243532178,-0.001829039424353218,0.4
2025-10-03,0.004149057293466681,0.13702402129723573,0.6,0.25882692140929775,1.1897376094581608e-18,0.005174623037675603,0.004976697566322336,0.3958509427065334
2025-10-06,0.40097377287749353,2.2915401275260554e-16,0.3401993057132085,0.2588269214092978,0.0,0.012036122577104088,0.011837710219312075,0.3968247155840269
2025-10-07,1.824717580823154e-16,0.049989304656550194,0.6000000000000002,0.3500106953434494,1.0450601521951406e-17,0.004968239649326111,0.0047677527628873645,0.40097377287749336
2025-10-08,0.049989304656550625,0.0,0.6,0.35001069534344936,2.3623567648887783e-18,0.011770591783009127,0.011745597130680852,0.049989304656550465
2025-10-09,0.4,0.0,0.6,0.0,0.0,-0.012230479961074113,-0.012405485308745839,0.3500106953434494
2025-10-10,0.366041999037188,0.033958000962812,0.6,1.871460207196578e-19,0.0,-0.003286369434781268,-0.003303348435262674,0.03395800096281202
2025-10-13,0.6,0.4,0.0,0.0,0.0,0.008985682812168784,0.008685682812168784,0.6000000000000001
2025-10-14,4.254086828424929e-16,0.39999999999999963,0.5999999999999999,5.491939719095987e-18,0.0,0.0055655549825662535,0.005265554982566254,0.5999999999999999
2025-10-15,0.6,0.0,0.4,0.0,2.7614941647710025e-18,0.009596698136440285,0.009296698136440285,0.5999999999999994
2025-10-16,5.697059111656443e-16,0.42798949638262535,0.5720105036173742,1.6233631508730353e-17,0.0,0.01658785125679596,0.016287851256795962,0.5999999999999994
2025-10-17,1.0906065205856829e-18,0.4000000000000001,0.6,0.0,0.0,-0.011903318450408972,-0.011917313198600284,0.027989496382625836
2025-10-20,0.0,0.0,0.6,0.40000000000000013,5.066112565208915e-18,0.020958563165519317,0.020758563165519318,0.40000000000000013
2025-10-21,0.4,2.94620388968438e-18,0.6,3.916042096113283e-17,0.0,-0.03856729079773289,-0.03876729079773289,0.4
2025-10-22,0.23985646570887156,0.5999999999999999,0.0,0.16014353429112846,1.172340397696584e-16,0.004680245372215626,0.004300173605070062,0.7601435342911285
2025-10-23,5.425889661977885e-16,0.5999999999999999,0.3490261093079396,0.0,0.05097389069206,-0.00269073328208771,-0.0028907332820877095,0.3999999999999995
2025-10-24,0.3399021549157706,1.089377234454338e-16,0.0,0.5999999999999999,0.060097845084229586,0.001877331137786089,0.0014028180831321194,0.9490261093079394
2025-10-27,8.951998191506137e-17,0.3999999999999999,0.6,0.0,0.0,-0.015348134867006502,-0.0158481348670065,0.9999999999999999
2025-10-28,0.5999999999999994,0.0,0.0,0.40000000000000047,0.0,-0.007870289414596124,-0.008370289414596124,0.9999999999999998
2025-10-29,0.39999999999999974,0.0,5.359547002851866e-17,4.1158357243657294e-16,0.5999999999999998,0.0036379258226507455,0.0033379258226507455,0.5999999999999999
2025-10-30,0.5999999999999996,0.39999999999999986,0.0,0.0,4.3756309803419115e-16,-0.008926257240753837,-0.009226257240753837,0.5999999999999998
2025-10-31,0.0,0.40000000000000013,2.2041709755605835e-18,3.9388944515373906e-18,0.6,0.0005138535345035938,0.00021385353450359401,0.5999999999999996
2025-11-03,0.5999999999999998,0.3999999999999999,4.488977389053151e-18,0.0,2.764994540690223e-16,0.00012556074086433888,-0.00017443925913566104,0.5999999999999999
2025-11-04,0.40000000000000013,0.6,0.0,0.0,2.1940272009245153e-18,-0.0034042290400086127,-0.0035042290400086125,0.19999999999999998
2025-11-05,0.6000000000000001,3.592971003147046e-17,0.1458858039873703,0.21430722138502725,0.03980697462760239,0.0010989787547451306,0.0007989787547451306,0.6
2025-11-06,0.0,0.36019302537239767,0.0,0.5999999999999999,0.039806974627602465,0.0017612190403638972,0.001388276138370212,0.7458858039873704
2025-11-07,0.23008737799036405,0.593659096506304,7.295648371856384e-18,0.0,0.1762535255033319,-0.0011550823779332134,-0.0014550823779332133,0.5999999999999999
2025-11-10,0.0,0.5999999999999999,1.1600963245594895e-16,0.0,0.4,0.00015015400706868453,3.511031807350248e-05,0.23008737799036408
2025-11-11,2.5284039137917e-18,0.24112295007879547,6.7593836168528804e-18,0.16644252145586758,0.592434528465337,0.002677912515294803,0.0024984739903342007,0.3588770499212045
2025-11-12,0.005433028642749686,0.6,0.3945669713572503,1.0048911318320031e-16,0.0,0.0074270303566533425,0.0070475918316927405,0.7588770499212045
2025-11-13,0.39999999999999997,1.8432534951628706e-16,0.5999999999999999,1.5991624541283311e-18,0.0,-0.01148747276511548,-0.01178747276511548,0.5999999999999999
2025-11-14,0.4000000000000004,1.5337062245937153e-18,0.0,1.8346356228971894e-17,0.5999999999999996,0.0007894621097459086,0.0004894621097459086,0.6000000000000001
2025-11-17,0.6,4.595751911172883e-19,0.0,0.2552172866322373,0.1447827133677627,-0.005515285171080606,-0.005742893814396724,0.45521728663223693
2025-11-18,0.06290874331690893,0.0,0.3370912566830912,0.5999999999999996,2.4136921695756584e-16,0.012018816359240493,0.011677879374215066,0.6818739700508535
2025-11-19,0.40000000000000036,0.0,0.0,5.175727124418464e-17,0.5999999999999995,0.005373713910811736,0.004905168282470191,0.9370912566830907
2025-11-20,0.0,0.3999999999999998,0.6,1.3712245789988099e-18,3.300600977298084e-16,0.0013991565039434212,0.0008991565039434214,0.9999999999999997
2025-11-21,0.5999999999999998,0.0,5.341485766917947e-16,0.39999999999999963,7.162018786495977e-18,0.0011300271833223812,0.0006300271833223815,0.9999999999999994
2025-11-24,0.0,0.1323697658436224,0.2676302341563777,0.0,0.5999999999999999,0.004994678155437598,0.004494678155437599,0.9999999999999994
2025-11-25,0.5999999999999978,0.007915980897854415,0.39208401910214624,3.530581789878469e-18,1.5828882161161708e-15,0.005540073199046137,0.005177846306573254,0.7244537849457663
2025-11-26,0.5099210254192639,0.0,0.0,0.0,0.490078974580736,0.002135271166489124,0.0018902316791987567,0.49007897458073446
2025-11-28,0.6,0.0,0.0,7.739975906437645e-19,0.4,0.0029917053193424083,0.0029466658320520403,0.09007897458073605
2025-12-01,0.6,0.10319708815778508,6.2611207058007105e-18,3.225354622841298e-18,0.2968029118422149,-0.0041291326928062965,-0.0041807312368851894,0.1031970881577851
2025-12-02,0.6,0.04918994766610687,0.054007140491678235,7.416758115900968e-19,0.2968029118422149,0.000680394271299936,0.0006533907010540969,0.05400714049167822
2025-12-03,0.40000000000000013,0.0,0.6,1.4637077758597308e-18,1.734723475976807e-17,0.0008273646754060729,0.0005543682456519121,0.5459928595083217
2025-12-04,0.6,0.3999999999999999,5.140310802078875e-18,1.1752499877458863e-18,5.729557337593435e-17,-0.00171715306487723,-0.00201715306487723,0.5999999999999999
2025-12-05,0.0,0.5716746131993604,0.42832538680063964,0.0,3.6296010457152074e-20,-0.0034094615163784495,-0.0037094615163784494,0.6000000000000001
2025-12-08,0.4000000000000001,0.0,0.6,0.0,0.0,-0.002785350438442769,-0.003071187745042449,0.5716746131993604
2025-12-09,1.1368422204023134e-16,0.0,0.6,0.0,0.4,0.0036512847487487395,0.0034512847487487394,0.4
2025-12-10,1.924033813600439e-17,0.39999999999999997,0.6,0.0,0.0,0.004101498859033192,0.003901498859033192,0.4
2025-12-11,0.6,0.4000000000000001,0.0,3.563799418921852e-18,0.0,0.0008525791292810945,0.0005525791292810945,0.6000000000000001
2025-12-12,0.0,0.3999999999999998,0.6000000000000002,0.0,0.0,-0.0004985463944878945,-0.0007985463944878946,0.6000000000000003
2025-12-15,2.759382122331144e-18,0.5999999999999999,1.634289279435424e-16,0.0,0.39999999999999997,0.00012590119681035188,-0.00017409880318964814,0.6000000000000001
2025-12-16,0.2295111496613787,4.8318461509316904e-17,0.6000000000000002,0.0,0.1704888503386211,-0.0006737478001050847,-0.001088503374935774,0.8295111496613787
2025-12-17,0.6,0.22951114966137887,1.3548265458198295e-16,0.0,0.17048885033862105,-0.006444342798824278,-0.006744342798824278,0.6000000000000001
2025-12-18,0.3178787796530689,0.0,0.08212122034693135,0.0,0.5999999999999999,0.0026814842893863864,0.0024256681043822313,0.5116323700083101
2025-12-19,1.676685692748484e-17,0.2128873852778779,0.6,1.1330345373670137e-18,0.1871126147221222,0.00048466872518008477,0.00011928564271461157,0.7307661649309465
2025-12-22,9.184915247229558e-18,0.4,0.6,8.880214556846993e-18,0.0,0.012980894894457994,0.012887338587096932,0.18711261472212215
2025-12-23,0.0,5.551115123125783e-17,0.6,0.39999999999999986,6.835445524553638e-19,0.011221157974906946,0.011021157974906945,0.3999999999999999
2025-12-24,0.0,5.551115123125783e-17,0.6,0.39999999999999986,6.835445524553638e-19,-0.00304947428524076,-0.00304947428524076,0.0
2025-12-26,0.0,0.17977163546894598,0.6,0.2202283645310541,5.548328680961316e-19,0.0010179188828819833,0.0009280330651475103,0.17977163546894584
2025-12-29,3.1795964018607362e-18,0.37546095355478515,0.6,5.100365960642731e-17,0.024539046445214895,-0.024695703718135224,-0.02480581790040075,0.22022836453105404
2025-12-30,0.40000000000000024,9.588457531928747e-18,3.6397436551604133e-16,0.5999999999999995,0.0,0.0006320227262269542,0.00013202272622695442,0.9999999999999997
2025-12-31,0.0,0.2975881979771708,0.5999999999999991,1.3189981479121967e-15,0.1024118020228288,-0.006327462338054569,-0.006827462338054569,0.9999999999999983
2026-01-02,0.0,1.5453099690486222e-16,0.39999999999999986,3.133897311977913e-17,0.6,0.0037641466263407686,0.003515352527352183,0.49758819797717113
2026-01-05,0.0,1.5453099690486222e-16,0.39999999999999986,3.133897311977913e-17,0.6,0.009639967251798895,0.009639967251798895,0.0
2026-01-06,0.026059030460927265,0.37394096953907274,0.6,1.843541520280144e-17,0.0,0.005873285875776333,0.005573285875776333,0.6
2026-01-07,0.0,0.4000000000000001,0.6,1.142798196329878e-17,8.737177777511832e-18,-0.0033986212874717032,-0.003411650802702167,0.026059030460927307
2026-01-08,0.5631434049272631,5.574179658504978e-16,0.43685659507273644,2.516793948895856e-18,0.0,0.0023553817855375965,0.002073810083073965,0.5631434049272631
2026-01-09,0.4000000000000001,0.0,0.6,0.0,8.842272371735728e-19,0.006990592558962483,0.006909020856498852,0.16314340492726356
2026-01-12,0.4000000000000001,0.0,0.6,0.0,8.842272371735728e-19,0.01186177553210097,0.01186177553210097,0.0
2026-01-13,0.6,0.0,0.4,0.0,0.0,-0.001768126363183109,-0.0018681263631831091,0.19999999999999993
2026-01-14,0.39999999999999997,0.0,0.6,0.0,0.0,0.004167211491605282,0.004067211491605282,0.19999999999999998
2026-01-15,0.6,0.0,0.40000000000000013,0.0,0.0,-0.000817091264313997,-0.0009170912643139969,0.19999999999999993
2026-01-16,0.40000000000000013,4.486068137921008e-18,0.6,2.4575566818663712e-18,2.591893850458474e-18,-0.0032264360764002963,-0.003326436076400296,0.19999999999999984
2026-01-20,5.551115123125783e-17,0.3999999999999999,0.6,7.04508371710196e-18,7.213949244445026e-18,0.01746255388755591,0.01726255388755591,0.4
2026-01-21,2.0231676113695628e-17,0.5999999999999998,0.15964076337753705,1.7660609091125483e-17,0.24035923662246314,0.007425859831590017,0.007205680213278786,0.44035923662246296
2026-01-22,9.367506770274758e-17,0.0,0.5999999999999995,2.0541958374955524e-18,0.40000000000000047,0.009317362191659786,0.009017362191659786,0.5999999999999999
2026-01-23,0.0,0.21738685927718318,0.5999999999999998,0.18261314072281706,0.0,0.014258021346951559,0.014058021346951558,0.4000000000000005
2026-01-26,0.40000000000000013,2.870819949809543e-16,0.5999999999999995,0.0,0.0,0.010808576166606926,0.010608576166606926,0.4000000000000002
2026-01-27,0.40000000000000013,2.870819949809543e-16,0.5999999999999995,0.0,0.0,0.01631288202241253,0.01631288202241253,0.0
2026-01-28,5.551115123125783e-17,0.3999999999999999,0.6,2.22070713870826e-18,1.6349615588516263e-17,0.022352805663718958,0.02215280566371896,0.4000000000000001
2026-01-29,1.3660947373317357e-17,0.0,0.39999999999999997,0.6000000000000001,2.8076674714078715e-18,0.020817512680434105,0.020517512680434103,0.6000000000000001
2026-01-30,3.070449088288745e-19,0.27869312130879575,0.5999999999999999,0.12130687869120425,0.0,-0.0626215645475863,-0.0628609111082407,0.4786931213087957
2026-02-02,0.0,4.004626830947099e-17,0.4,0.6,7.740449234680852e-18,-0.04763443396650398,-0.04787378052715838,0.4786931213087956
2026-02-03,0.43988619913872523,0.0,1.1137400451890148e-17,0.5601138008612747,2.0435271852393654e-18,0.012192513187078296,0.011972570087508932,0.4398861991387253
2026-02-04,1.229586175443598e-16,1.4499667970298655e-15,0.39999999999999847,0.6,0.0,0.0028936271760647138,0.0026736840764953512,0.4398861991387251
2026-02-05,0.0,0.0,0.5653639779682786,0.4346360220317213,0.0,-0.021697782136676134,-0.021780464125660273,0.16536397796828023
2026-02-06,0.08926955519937238,8.3454474046310555e-19,0.6,0.3107304448006276,2.195495278745707e-18,0.02136752218029067,0.021305569391675123,0.1239055772310937
2026-02-09,8.71444578236703e-17,0.4,0.6,0.0,6.965916995760157e-17,0.015150357188916485,0.014950357188916484,0.4
2026-02-10,8.71444578236703e-17,0.4,0.6,0.0,6.965916995760157e-17,-0.0013321477316926116,-0.0013321477316926116,0.0
2026-02-11,0.0,4.3798488934406204e-16,0.3999999999999999,0.5999999999999996,1.281879954581455e-18,0.011137077028325264,0.010837077028325265,0.5999999999999996
2026-02-12,0.0,0.3999999999999999,0.5999999999999999,0.0,2.200989046141031e-16,-0.015522386238866676,-0.015822386238866674,0.5999999999999996
2026-02-13,0.38235489706971765,0.0,0.5999999999999993,0.017645102930283173,1.0540412913310193e-17,0.015159652672467794,0.014959652672467794,0.4000000000000008
2026-02-17,0.0,0.568408528202516,0.4315914717974841,0.0,3.651984665343712e-18,-0.012502491314537872,-0.01278669557863913,0.568408528202516
2026-02-18,0.0,0.0,0.5999999999999998,0.18977223550132213,0.21022776449867805,0.024018710172989465,0.023734505908888207,0.5684085282025159
2026-02-19,1.05902129224904e-16,0.5999999999999996,2.575335481836523e-16,0.0,0.4,0.0011940287362484094,0.0007991426184977485,0.7897722355013217
2026-02-20,0.0,7.377681452181288e-17,0.5999999999999998,0.0,0.40000000000000013,0.011386214603933093,0.011086214603933093,0.5999999999999996
