date,gross,turnover,w_SPY,w_TLT,w_GLD,w_USO,w_UUP
2023-06-02,-0.00815986892036186,0.39999999999999986,0.0,0.39999999999999986,0.39999999999999986,6.968084882200886e-17,0.2000000000000001
2023-06-05,0.0013129405294826087,6.938893903907228e-17,0.0,0.3999999999999999,0.3999999999999999,6.968084882200888e-17,0.20000000000000012
2023-06-06,0.003427966139289306,0.0,0.0,0.3999999999999999,0.3999999999999999,6.968084882200888e-17,0.20000000000000012
2023-06-07,-0.01067188972803845,0.0,0.0,0.3999999999999999,0.3999999999999999,6.968084882200888e-17,0.20000000000000012
2023-06-08,0.008356022329538644,0.0,0.0,0.3999999999999999,0.3999999999999999,6.968084882200888e-17,0.20000000000000012
2023-06-09,-0.0009469819442650229,0.4453559093563516,0.4,0.15464409064364842,0.4,0.045355909356351566,0.0
2023-06-12,0.001793585353460699,0.0,0.4,0.15464409064364842,0.4,0.045355909356351566,0.0
2023-06-13,-0.0004073208324869281,0.0,0.4,0.15464409064364842,0.4,0.045355909356351566,0.0
2023-06-14,0.001709279049261485,0.0,0.4,0.15464409064364842,0.4,0.045355909356351566,0.0
2023-06-15,0.010415841251551414,0.0,0.4,0.15464409064364842,0.4,0.045355909356351566,0.0
2023-06-16,-0.001967216415848277,0.0032545487829822237,0.4,0.15789863942663063,0.4,0.04210136057336932,0.0
2023-06-20,-0.005404286364890354,0.0,0.4,0.15789863942663063,0.4,0.04210136057336932,0.0
2023-06-21,-0.0015082119432780396,0.0,0.4,0.15789863942663063,0.4,0.04210136057336932,0.0
2023-06-22,-0.006060071855705999,0.0,0.4,0.15789863942663063,0.4,0.04210136057336932,0.0
2023-06-23,-0.0004142236609233313,0.0,0.4,0.15789863942663063,0.4,0.04210136057336932,0.0
2023-06-26,-0.0005759464828103238,0.0037615367066070465,0.4000000000000001,0.16166017613323758,0.4000000000000001,0.03833982386676229,4.8405640040021737e-20
2023-06-27,0.0012519618216946297,1.734723475976807e-17,0.4000000000000001,0.1616601761332376,0.4000000000000001,0.038339823866762296,4.840564004002174e-20
2023-06-28,0.0007311710509054572,1.734723475976807e-17,0.4000000000000001,0.16166017613323763,0.4000000000000001,0.0383398238667623,4.840564004002175e-20
2023-06-29,-0.0014999976763579363,1.734723475976807e-17,0.4000000000000001,0.16166017613323766,0.4000000000000001,0.03833982386676231,4.8405640040021755e-20
2023-06-30,0.009661680766630496,0.00411124955924649,0.4,0.1657714256924841,0.4,0.03422857430751588,0.0
2023-07-03,-0.0015908866729307941,0.25709140324982105,0.17713717105769483,0.4,0.4,0.0,0.02286282894230518
2023-07-05,0.005084017111566562,0.7291854787301801,0.4,6.639246828159529e-18,0.07081452126981994,0.23405764065515128,0.29512783807502885
2023-07-06,-0.004798719866483702,0.16594235934484874,0.4,0.0,2.5972905049291832e-17,0.4,0.2
2023-07-07,0.006056504420679487,0.0,0.4,0.0,2.5972905049291832e-17,0.4,0.2
2023-07-10,-0.0013665966755564529,0.0,0.4,0.0,2.5972905049291832e-17,0.4,0.2
2023-07-11,0.011143980253261576,0.0,0.4,0.0,2.5972905049291832e-17,0.4,0.2
2023-07-12,0.005881487681940013,0.0,0.4,0.0,2.5972905049291832e-17,0.4,0.2
2023-07-13,0.008996039418086488,0.0,0.4,0.0,2.5972905049291832e-17,0.4,0.2
2023-07-14,-0.009265443139316255,0.0,0.4,0.0,2.5972905049291832e-17,0.4,0.2
2023-07-17,-0.004104791215016013,0.0,0.4,0.0,2.5972905049291832e-17,0.4,0.2
2023-07-18,0.009056603061661691,0.5633046377711697,0.4,0.16330463777116966,0.39999999999999997,0.03669536222883035,5.289195226006854e-17
2023-07-19,0.0026537794143193065,0.0,0.4,0.16330463777116966,0.39999999999999997,0.03669536222883035,5.289195226006854e-17
2023-07-20,-0.006466776595150708,0.0,0.4,0.16330463777116966,0.39999999999999997,0.03669536222883035,5.289195226006854e-17
2023-07-21,-0.0006707460781467557,0.0,0.4,0.16330463777116966,0.39999999999999997,0.03669536222883035,5.289195226006854e-17
2023-07-24,0.00038463648003499455,0.0,0.4,0.16330463777116966,0.39999999999999997,0.03669536222883035,5.289195226006854e-17
2023-07-25,0.0035377356488275782,0.5633046377711697,0.4,0.0,0.0,0.4,0.20000000000000004
2023-07-26,-0.0033199243299663066,0.0,0.4,0.0,0.0,0.4,0.20000000000000004
2023-07-27,0.003567343439236792,0.0,0.4,0.0,0.0,0.4,0.20000000000000004
2023-07-28,0.007328485576354992,0.0,0.4,0.0,0.0,0.4,0.20000000000000004
2023-07-31,0.007109103723449728,0.0,0.4,0.0,0.0,0.4,0.20000000000000004
2023-08-01,-0.0013712985347503533,0.0,0.4,0.0,0.0,0.4,0.20000000000000004
2023-08-02,-0.012972848879953647,0.0,0.4,0.0,0.0,0.4,0.20000000000000004
2023-08-03,0.008002308701928485,0.0,0.4,0.0,0.0,0.4,0.20000000000000004
2023-08-04,0.0007608600493088646,0.0,0.4,0.0,0.0,0.4,0.20000000000000004
2023-08-07,0.0037954155980016503,0.0,0.4,0.0,0.0,0.4,0.20000000000000004
2023-08-08,-0.002247847402531899,0.5647789119557306,0.4,0.16477891195573058,0.4,0.03522108804426938,0.0
2023-08-09,-0.0032306736357819816,0.0,0.4,0.16477891195573058,0.4,0.03522108804426938,0.0
2023-08-10,-0.0034146205047742547,0.0008955633188804102,0.4,0.16388334863685017,0.4,0.03611665136314979,0.0
2023-08-11,-0.0005883278610622925,0.0007883294173257306,0.4,0.1646716780541759,0.4,0.03532832194582406,3.4543266210899446e-19
2023-08-14,0.00041588382923637046,0.001045780852145375,0.4,0.16362589720203052,0.4,0.03637410279796943,0.0
2023-08-15,-0.010955054208726382,0.5636258972020305,0.4,3.500345037630078e-17,0.0,0.39491853047059206,0.20508146952940798
2023-08-16,-0.009160878943016933,0.0,0.4,3.500345037630078e-17,0.0,0.39491853047059206,0.20508146952940798
2023-08-17,0.000256101079877473,0.0,0.4,3.500345037630078e-17,0.0,0.39491853047059206,0.20508146952940798
2023-08-18,0.00477923344913926,0.0,0.4,3.500345037630078e-17,0.0,0.39491853047059206,0.20508146952940798
2023-08-21,0.001249319693815065,0.0,0.4,3.500345037630078e-17,0.0,0.39491853047059206,0.20508146952940798
2023-08-22,0.0006768575506192536,0.5632057642141741,0.4,0.16320576421417418,0.4,0.03679423578582582,0.0
2023-08-23,0.012096372468152435,0.0,0.4,0.16320576421417418,0.4,0.03679423578582582,0.0
2023-08-24,-0.0066911190688409665,0.000981506524261249,0.4,0.16418727073843545,0.4,0.03581272926156459,0.0
2023-08-25,0.0033525634221852826,0.0006933671110088031,0.40000000000000013,0.16488063784944404,0.40000000000000013,0.0351193621505558,2.5518188301136948e-20
2023-08-28,0.0038367341206909703,0.001331913080764906,0.4,0.1635487247686793,0.4,0.03645127523132064,2.81600326661025e-19
2023-08-29,0.006956630868584826,0.43645127523132055,8.326672684688674e-17,0.4,0.4,2.5594294016407e-18,0.19999999999999982
2023-08-30,0.00023829681950948765,0.0,8.326672684688674e-17,0.4,0.4,2.5594294016407e-18,0.19999999999999982
2023-08-31,0.0020961393403886135,0.0,8.326672684688674e-17,0.4,0.4,2.5594294016407e-18,0.19999999999999982
2023-09-01,-0.004785239287212263,0.0,8.326672684688674e-17,0.4,0.4,2.5594294016407e-18,0.19999999999999982
2023-09-05,-0.007841705357007192,0.0,8.326672684688674e-17,0.4,0.4,2.5594294016407e-18,0.19999999999999982
2023-09-06,0.0010566019750723544,0.7999999999999998,0.39999999999999986,3.591373615731535e-17,4.954249627863704e-17,0.3753706880959716,0.2246293119040282
2023-09-07,-0.003414989765353962,6.938893903907228e-17,0.3999999999999999,3.591373615731536e-17,4.9542496278637044e-17,0.3753706880959717,0.22462931190402824
2023-09-08,0.0025178823529819,6.938893903907228e-17,0.39999999999999997,3.5913736157315364e-17,4.954249627863705e-17,0.37537068809597174,0.22462931190402827
2023-09-11,0.0018939580142957675,1.3877787807814457e-16,0.39999999999999986,3.591373615731536e-17,4.954249627863704e-17,0.3753706880959716,0.2246293119040282
2023-09-12,0.004560831315399947,6.938893903907228e-17,0.3999999999999999,3.5913736157315364e-17,4.9542496278637044e-17,0.3753706880959717,0.22462931190402824
2023-09-13,0.0005443953571562874,0.01977127911124353,0.4000000000000001,2.3281141104833817e-19,8.411926801701014e-19,0.3555994089847283,0.24440059101527167
2023-09-14,0.011378957797921512,2.7755575615628914e-17,0.4,2.3281141104833817e-19,8.411926801701014e-19,0.3555994089847283,0.24440059101527167
2023-09-15,-0.004240182439316209,0.0,0.4,2.3281141104833817e-19,8.411926801701014e-19,0.3555994089847283,0.24440059101527167
2023-09-18,0.0005191034512814271,0.0,0.4,2.3281141104833817e-19,8.411926801701014e-19,0.3555994089847283,0.24440059101527167
2023-09-19,-0.0004448185842616865,0.0,0.4,2.3281141104833817e-19,8.411926801701014e-19,0.3555994089847283,0.24440059101527167
2023-09-20,-0.00891495053942376,0.01525351245833223,0.4000000000000001,2.939212783263235e-19,1.1612830163147272e-18,0.34034589652639613,0.2596541034736039
2023-09-21,-0.005288274385477929,2.7755575615628914e-17,0.4,2.939212783263235e-19,1.1612830163147272e-18,0.34034589652639613,0.2596541034736039
2023-09-22,0.0006487375303055338,0.0,0.4,2.939212783263235e-19,1.1612830163147272e-18,0.34034589652639613,0.2596541034736039
2023-09-25,0.001636214723225807,0.0,0.4,2.939212783263235e-19,1.1612830163147272e-18,0.34034589652639613,0.2596541034736039
2023-09-26,-0.00301363978971612,0.0,0.4,2.939212783263235e-19,1.1612830163147272e-18,0.34034589652639613,0.2596541034736039
2023-09-27,-0.006075303528161104,0.8000000000000002,0.0,0.4000000000000001,0.4000000000000001,1.0431831068107715e-17,0.19999999999999987
2023-09-28,-0.0018485918324492089,1.3877787807814457e-17,0.0,0.4000000000000001,0.4000000000000001,1.0431831068107717e-17,0.1999999999999999
2023-09-29,-0.003930457213521166,5.551115123125783e-17,0.0,0.4,0.4,1.0431831068107717e-17,0.1999999999999999
2023-10-02,-0.009348349208032316,0.0,0.0,0.4,0.4,1.0431831068107717e-17,0.1999999999999999
2023-10-03,-0.009559719385048782,0.0,0.0,0.4,0.4,1.0431831068107717e-17,0.1999999999999999
2023-10-04,0.004995771218885858,0.0,0.0,0.4,0.4,1.0431831068107717e-17,0.1999999999999999
2023-10-05,-0.0033962045381004113,0.0,0.0,0.4,0.4,1.0431831068107717e-17,0.1999999999999999
2023-10-06,-0.0031880280107553284,0.0,0.0,0.4,0.4,1.0431831068107717e-17,0.1999999999999999
2023-10-09,0.01667480048869459,0.0,0.0,0.4,0.4,1.0431831068107717e-17,0.1999999999999999
2023-10-10,-0.0016953038699950129,0.0,0.0,0.4,0.4,1.0431831068107717e-17,0.1999999999999999
2023-10-11,0.01127569449220749,0.0,0.0,0.4,0.4,1.0431831068107717e-17,0.1999999999999999
2023-10-12,-0.010385219152014005,0.0,0.0,0.4,0.4,1.0431831068107717e-17,0.1999999999999999
2023-10-13,0.020150029258956703,0.0,0.0,0.4,0.4,1.0431831068107717e-17,0.1999999999999999
2023-10-16,-0.009252272690235453,0.0,0.0,0.4,0.4,1.0431831068107717e-17,0.1999999999999999
2023-10-17,-0.0035996101749795617,0.0,0.0,0.4,0.4,1.0431831068107717e-17,0.1999999999999999
2023-10-18,-3.565981032990079e-05,0.8,0.4,0.0,3.5331064611239256e-17,0.32397883107564474,0.27602116892435524
2023-10-19,0.0031216456659941398,0.0,0.4,0.0,3.5331064611239256e-17,0.32397883107564474,0.27602116892435524
2023-10-20,-0.008709783726538536,0.0,0.4,0.0,3.5331064611239256e-17,0.32397883107564474,0.27602116892435524
2023-10-23,-0.009347204327928987,0.0,0.4,0.0,3.5331064611239256e-17,0.32397883107564474,0.27602116892435524
2023-10-24,-0.0034529177668610033,0.0,0.4,0.0,3.5331064611239256e-17,0.32397883107564474,0.27602116892435524
2023-10-25,-0.006685175535489619,0.8,0.0,0.4,0.4,1.1969117780445554e-18,0.20000000000000004
2023-10-26,0.007234439032920648,0.0,0.0,0.4,0.4,1.1969117780445554e-18,0.20000000000000004
2023-10-27,0.0026858144122253514,0.0,0.0,0.4,0.4,1.1969117780445554e-18,0.20000000000000004
2023-10-30,-0.0048586684023721235,0.0,0.0,0.4,0.4,1.1969117780445554e-18,0.20000000000000004
2023-10-31,-0.002929147538253485,0.0,0.0,0.4,0.4,1.1969117780445554e-18,0.20000000000000004
2023-11-01,0.003252486793315838,0.8,0.4,1.9500224443865938e-17,0.0,0.30854486466267816,0.29145513533732176
2023-11-02,0.01211294839244293,0.0,0.4,1.9500224443865938e-17,0.0,0.30854486466267816,0.29145513533732176
2023-11-03,-0.004467639645393999,0.0,0.4,1.9500224443865938e-17,0.0,0.30854486466267816,0.29145513533732176
2023-11-06,0.001462855267741213,0.0,0.4,1.9500224443865938e-17,0.0,0.30854486466267816,0.29145513533732176
2023-11-07,-0.010688001388636738,0.0,0.4,1.9500224443865938e-17,0.0,0.30854486466267816,0.29145513533732176
2023-11-08,0.0027592491820192626,0.7999999999999998,0.0,0.3999999999999999,0.3999999999999999,0.0,0.20000000000000004
2023-11-09,-0.006732763142006612,6.938893903907228e-17,0.0,0.39999999999999997,0.39999999999999997,0.0,0.20000000000000007
2023-11-10,-0.002258162957025322,0.0,0.0,0.39999999999999997,0.39999999999999997,0.0,0.20000000000000007
2023-11-13,0.0010511012486570158,0.0,0.0,0.39999999999999997,0.39999999999999997,0.0,0.20000000000000007
2023-11-14,0.009480497971378397,0.0,0.0,0.39999999999999997,0.39999999999999997,0.0,0.20000000000000007
2023-11-15,-0.00345104934000701,0.7999999999999998,0.4,1.0326357554496738e-17,0.0,0.29333868220877607,0.30666131779122385
2023-11-16,-0.01283030803311929,0.0,0.4,1.0326357554496738e-17,0.0,0.29333868220877607,0.30666131779122385
2023-11-17,0.010470687812215771,0.0,0.4,1.0326357554496738e-17,0.0,0.29333868220877607,0.30666131779122385
2023-11-20,0.008563661934439436,0.0,0.4,1.0326357554496738e-17,0.0,0.29333868220877607,0.30666131779122385
2023-11-21,0.0003763192005173515,0.0,0.4,1.0326357554496738e-17,0.0,0.29333868220877607,0.30666131779122385
2023-11-22,-0.0008483550985397522,0.017349236030772104,0.4,0.0,2.1081670468263673e-18,0.27598944617800397,0.32401055382199595
2023-11-24,-0.0042342211769256415,0.0,0.4,0.0,2.1081670468263673e-18,0.27598944617800397,0.32401055382199595
2023-11-27,-0.004737409736787617,0.0,0.4,0.0,2.1081670468263673e-18,0.27598944617800397,0.32401055382199595
2023-11-28,0.004412991739536757,0.0,0.4,0.0,2.1081670468263673e-18,0.27598944617800397,0.32401055382199595
2023-11-29,0.004933175504699014,0.0,0.4,0.0,2.1081670468263673e-18,0.27598944617800397,0.32401055382199595
2023-11-30,-0.001978880737063505,0.39999999999999997,0.4,0.4,5.09043936640733e-19,0.009434152803215688,0.19056584719678427
2023-12-01,0.009099154806705416,0.009657792393388338,0.4,0.4,2.845584286676736e-19,0.019091945196604013,0.18090805480339592
2023-12-04,-0.003098035891493941,0.0,0.4,0.4,2.845584286676736e-19,0.019091945196604013,0.18090805480339592
2023-12-05,0.008945480949615829,0.0,0.4,0.4,2.845584286676736e-19,0.019091945196604013,0.18090805480339592
2023-12-06,0.0033487649278750396,0.0,0.4,0.4,2.845584286676736e-19,0.019091945196604013,0.18090805480339592
2023-12-07,-0.00010657680279034564,0.0012656335172184004,0.4,0.4,0.0,0.02035757871382242,0.17964242128617752
2023-12-08,-0.0003791290401273543,0.0031714480252817857,0.4,0.4,1.4976012573996607e-19,0.02352902673910422,0.17647097326089575
2023-12-11,0.001044800862717595,0.0,0.4,0.4,1.4976012573996607e-19,0.02352902673910422,0.17647097326089575
2023-12-12,0.0016372288088006876,0.0,0.4,0.4,1.4976012573996607e-19,0.02352902673910422,0.17647097326089575
2023-12-13,0.013796869984455541,0.0,0.4,0.4,1.4976012573996607e-19,0.02352902673910422,0.17647097326089575
2023-12-14,0.010321293041665468,0.03197860155590301,0.4,0.4,0.031978601555903,3.2749619863693756e-17,0.16802139844409691
2023-12-15,-0.0020865400336971362,0.3782192750381381,0.021780724961861973,0.4,0.4,0.0,0.17821927503813803
2023-12-18,-0.0010899049608271063,0.031626145392836646,0.05340687035469863,0.4,0.4,1.8958201200509339e-19,0.14659312964530138
2023-12-19,0.005001022284058981,0.2112364257855261,0.2646432961402247,0.4,0.2417431907378262,1.890336125995836e-20,0.09361351312194907
2023-12-20,-0.0029705399220121102,0.1049371999475203,0.3695804960877449,0.3999999999999999,0.15982978094399694,1.0048571108648888e-19,0.07058972296825808
2023-12-21,-5.50319523209275e-05,0.15982978094399708,0.4,0.4,1.0650996084288098e-18,0.0,0.20000000000000004
2023-12-22,-0.0008371805553030016,0.052497416205575034,0.4,0.4,0.05249741620557502,1.3221188018670373e-18,0.147502583794425
2023-12-26,0.002384226640278664,0.052497416205575013,0.4,0.4,1.3877787807814457e-17,0.0,0.2
2023-12-27,0.0067776273223405965,0.0,0.4,0.4,1.3877787807814457e-17,0.0,0.2
2023-12-28,-0.0046490463688523345,0.37193806976396177,0.11560735965674855,0.4,0.37193806976396177,7.083343116903143e-20,0.1124545705792897
2023-12-29,-0.0043040846052481785,0.015859692882624427,0.10136204520188564,0.4,0.38779776264658616,1.702739782866399e-19,0.11084019215152816
2024-01-02,-0.0026819415494457478,0.020949301195806833,0.08041274400607881,0.4,0.4,7.8738012400566425e-19,0.11958725599392113
2024-01-03,-0.001397535743255864,0.046400008846278984,0.034012735159799815,0.4,0.4,0.0,0.1659872648402001
2024-01-04,-0.0057507176662218145,0.010815110283210992,0.023197624876588885,0.4,0.4,0.0,0.17680237512341115
2024-01-05,-0.0036589073822930183,0.052738139424164186,0.07593576430075304,0.4,0.4,0.0,0.12406423569924693
2024-01-08,0.0009677252793901525,0.0440892478839362,0.031846516416816836,0.4,0.4,1.6373130661509723e-19,0.16815348358318313
2024-01-09,-0.0018522490939508346,0.01362771202590849,0.01821880439090834,0.4,0.4,0.0,0.18178119560909162
2024-01-10,-0.0029442396739849243,0.008299355645229815,0.02651816003613798,0.40000000000000013,0.40000000000000013,9.674250435495084e-20,0.17348183996386185
2024-01-11,0.0031184647798932377,0.022424539929212492,0.04894269996535046,0.39886670476024944,0.4,2.0443154515028554e-19,0.15219059527440015
2024-01-12,0.0032127432775152028,0.06366840230940124,0.11261110227475166,0.3957422221090429,0.38785625009542074,0.0,0.10379042552078467
2024-01-16,-0.0077518623353494236,0.38785625009542063,0.4000000000000001,0.4,1.19229385633596e-16,0.04918692859995525,0.15081307140004457
2024-01-17,-0.002341091420847424,0.010312354363999729,0.4,0.4,7.824432076325392e-19,0.03887457423595565,0.16112542576404426
2024-01-18,0.0007494264263417949,0.00617867051830609,0.4,0.4,3.619091314987354e-19,0.0450532447542618,0.15494675524573823
2024-01-19,0.005881638034661866,0.0020710070296828358,0.4,0.4,0.0,0.047124251783944617,0.15287574821605537
2024-01-22,0.003877567569124245,0.0,0.4,0.4,0.0,0.047124251783944617,0.15287574821605537
2024-01-23,-0.0016618676712488875,0.008338744144239126,0.4,0.4,3.873647577122033e-19,0.05546299592818374,0.14453700407181624
2024-01-24,-0.0016211535049815607,0.0,0.4,0.4,3.873647577122033e-19,0.05546299592818374,0.14453700407181624
2024-01-25,0.006535555075684278,0.0,0.4,0.4,3.873647577122033e-19,0.05546299592818374,0.14453700407181624
2024-01-26,-0.0006222499847137138,0.0013079588410429867,0.4,0.4,1.7595896266431952e-19,0.05415503708714078,0.14584496291285926
2024-01-29,0.006977462684839999,0.0013252207974633612,0.4,0.4,0.0,0.05548025788460414,0.1445197421153959
2024-01-30,0.0038394663146962557,0.003653876549065016,0.4,0.4,5.448139156476444e-20,0.059134134433669154,0.14086586556633088
2024-01-31,-0.0037787022463128817,0.0,0.4,0.4,5.448139156476444e-20,0.059134134433669154,0.14086586556633088
2024-02-01,0.01083043820882645,0.0,0.4,0.4,5.448139156476444e-20,0.059134134433669154,0.14086586556633088
2024-02-02,-0.004595507940406217,0.002933136948070743,0.4,0.4,2.1683831779403984e-20,0.05620099748559838,0.14379900251440159
2024-02-05,-0.008323447022701106,0.026149910117950544,0.4,0.4,1.234681873679565e-20,0.03005108736764783,0.16994891263235212
2024-02-06,0.005196258807809161,0.02743685280394669,0.4,0.4,0.0,0.05748794017159452,0.14251205982840542
2024-02-07,0.0018063211708914536,0.004934967686719045,0.4000000000000001,0.4000000000000001,0.0,0.06242290785831347,0.1375770921416864
2024-02-08,-0.00011328752971217804,5.551115123125783e-17,0.4,0.4,0.0,0.06242290785831347,0.1375770921416864
2024-02-09,0.0015362581652312356,0.0,0.4,0.4,0.0,0.06242290785831347,0.1375770921416864
2024-02-12,0.000823959986229853,0.0,0.4,0.4,0.0,0.06242290785831347,0.1375770921416864
2024-02-13,-0.010816323614074246,0.002148736530900811,0.4,0.4,0.0,0.06457164438921434,0.13542835561078564
2024-02-14,0.004487621807651264,0.0025631270826358236,0.4,0.4,0.0,0.06200851730657853,0.13799148269342149
2024-02-15,0.005463030200249635,0.002512524151798829,0.4,0.4,7.723174580442883e-20,0.06452104145837735,0.13547895854162265
2024-02-16,-0.0037539170132984863,0.0,0.4,0.4,7.723174580442883e-20,0.06452104145837735,0.13547895854162265
2024-02-20,-0.002920353879141982,0.0,0.4,0.4,7.723174580442883e-20,0.06452104145837735,0.13547895854162265
2024-02-21,-0.0018925031965758817,0.003265127709033762,0.4,0.4,0.0,0.06778616916741112,0.1322138308325889
2024-02-22,0.010601382058212044,0.0,0.4,0.4,0.0,0.06778616916741112,0.1322138308325889
2024-02-23,0.00417749209651427,0.0,0.4,0.4,0.0,0.06778616916741112,0.1322138308325889
2024-02-26,-0.002073887096702127,0.0,0.4,0.4,0.0,0.06778616916741112,0.1322138308325889
2024-02-27,-0.000996171537274503,0.0,0.4,0.4,0.0,0.06778616916741112,0.1322138308325889
2024-02-28,0.0018817388013051247,0.0032939790679864453,0.4,0.4,4.39473603668757e-19,0.07108014823539756,0.12891985176460244
2024-02-29,0.004285781163990693,0.0,0.4,0.4,4.39473603668757e-19,0.07108014823539756,0.12891985176460244
2024-03-01,0.007568499640446452,0.0,0.4,0.4,4.39473603668757e-19,0.07108014823539756,0.12891985176460244
2024-03-04,-0.002938775588178929,0.0,0.4,0.4,4.39473603668757e-19,0.07108014823539756,0.12891985176460244
2024-03-05,0.0010232520863695466,0.0,0.4,0.4,4.39473603668757e-19,0.07108014823539756,0.12891985176460244
2024-03-06,0.004821805955618168,0.002976415130314887,0.4,0.4,2.490878260308361e-20,0.07405656336571245,0.12594343663428756
2024-03-07,0.002854353960655881,0.0,0.4,0.4,2.490878260308361e-20,0.07405656336571245,0.12594343663428756
2024-03-08,-0.003932728788720807,0.0,0.4,0.4,2.490878260308361e-20,0.07405656336571245,0.12594343663428756
2024-03-11,-0.00015434581878219072,0.0,0.4,0.4,2.490878260308361e-20,0.07405656336571245,0.12594343663428756
2024-03-12,0.0007774114845098411,0.0,0.4,0.4,2.490878260308361e-20,0.07405656336571245,0.12594343663428756
2024-03-13,-0.0009006367205869655,0.0017997575786696599,0.4,0.4,8.11094961547392e-21,0.0758563209443821,0.12414367905561789
2024-03-14,-0.005041236162538991,0.0,0.4,0.4,8.11094961547392e-21,0.0758563209443821,0.12414367905561789
2024-03-15,-0.0027126430845706368,0.0,0.4,0.4,8.11094961547392e-21,0.0758563209443821,0.12414367905561789
2024-03-18,0.0030781983400784054,0.0,0.4,0.4,8.11094961547392e-21,0.0758563209443821,0.12414367905561789
2024-03-19,0.004092752622714663,0.0,0.4,0.4,8.11094961547392e-21,0.0758563209443821,0.12414367905561789
2024-03-20,0.0018170871443919296,0.0036638785598388443,0.4,0.4,2.114505625187681e-19,0.07952019950422094,0.12047980049577904
2024-03-21,0.0025584577361973506,0.0,0.4,0.4,2.114505625187681e-19,0.07952019950422094,0.12047980049577904
2024-03-22,0.003562727996974661,0.0,0.4,0.4,2.114505625187681e-19,0.07952019950422094,0.12047980049577904
2024-03-25,-0.0022833382372790213,0.0,0.4,0.4,2.114505625187681e-19,0.07952019950422094,0.12047980049577904
2024-03-26,-2.2141340344460558e-05,0.0,0.4,0.4,2.114505625187681e-19,0.07952019950422094,0.12047980049577904
2024-03-27,0.007651955585738045,0.0053868851945498425,0.4,0.4,5.695450462755595e-19,0.08490708469877079,0.1150929153012292
2024-03-28,0.0012474811439126274,0.0,0.4,0.4,5.695450462755595e-19,0.08490708469877079,0.1150929153012292
2024-04-01,-0.006692257326577638,0.0,0.4,0.4,5.695450462755595e-19,0.08490708469877079,0.1150929153012292
2024-04-02,-0.0037154957879628465,0.0,0.4,0.4,5.695450462755595e-19,0.08490708469877079,0.1150929153012292
2024-04-03,0.00030982567557221905,0.0,0.4,0.4,5.695450462755595e-19,0.08490708469877079,0.1150929153012292
2024-04-04,-0.0008763688470968169,0.0056787592155531155,0.4,0.4,0.0,0.0905858439143239,0.10941415608567608
2024-04-05,-0.0011297082439737259,0.0,0.4,0.4,0.0,0.0905858439143239,0.10941415608567608
2024-04-08,-0.00019441323311733758,0.0,0.4,0.4,0.0,0.0905858439143239,0.10941415608567608
2024-04-09,0.002987746804271147,0.0,0.4,0.4,0.0,0.0905858439143239,0.10941415608567608
2024-04-10,-0.010513016156641762,0.0,0.4,0.4,0.0,0.0905858439143239,0.10941415608567608
2024-04-11,0.0006817094207094334,0.0,0.4,0.4,0.0,0.0905858439143239,0.10941415608567608
2024-04-12,-0.0025444575180707404,0.0022304878983637477,0.4,0.4,1.0845287034569377e-19,0.09281633181268764,0.10718366818731233
2024-04-15,-0.010891170219778937,0.0,0.4,0.4,1.0845287034569377e-19,0.09281633181268764,0.10718366818731233
2024-04-16,-0.003599808398580818,0.0,0.4,0.4,1.0845287034569377e-19,0.09281633181268764,0.10718366818731233
2024-04-17,-0.001023145731053692,0.0,0.4,0.4,1.0845287034569377e-19,0.09281633181268764,0.10718366818731233
2024-04-18,-0.0027865288467693117,0.004697860237615016,0.4000000000000001,0.4000000000000001,0.0,0.09751419205030255,0.10248580794969732
2024-04-19,-0.001963907895704703,1.3877787807814457e-17,0.4000000000000001,0.4000000000000001,0.0,0.09751419205030257,0.10248580794969733
2024-04-22,0.002959610309468054,1.3877787807814457e-17,0.4000000000000001,0.4000000000000001,0.0,0.09751419205030258,0.10248580794969735
2024-04-23,0.0059414191180743176,1.3877787807814457e-17,0.4000000000000001,0.4000000000000001,0.0,0.0975141920503026,0.10248580794969736
2024-04-24,-0.003328009734425263,5.551115123125783e-17,0.4,0.4,0.0,0.0975141920503026,0.10248580794969736
2024-04-25,-0.003558913683892431,0.0,0.4,0.4,0.0,0.0975141920503026,0.10248580794969736
2024-04-26,0.006262107657513225,0.00471456553736449,0.4,0.3971105649067225,1.3732110607663255e-19,0.10222875758766711,0.10066067750561045
2024-04-29,0.0033014348077904376,0.0,0.4,0.3971105649067225,1.3732110607663255e-19,0.10222875758766711,0.10066067750561045
2024-04-30,-0.01053934150074581,0.0,0.4,0.3971105649067225,1.3732110607663255e-19,0.10222875758766711,0.10066067750561045
2024-05-01,-0.0016715533119603867,0.0,0.4,0.3971105649067225,1.3732110607663255e-19,0.10222875758766711,0.10066067750561045
2024-05-02,0.004648348545825609,0.005392498902823437,0.4,0.391718066003899,1.643709562257091e-20,0.1064389006046018,0.10184303339149918
2024-05-03,0.007516922052088374,0.0,0.4,0.391718066003899,1.643709562257091e-20,0.1064389006046018,0.10184303339149918
2024-05-06,0.006514188424413519,0.0,0.4,0.391718066003899,1.643709562257091e-20,0.1064389006046018,0.10184303339149918
2024-05-07,0.0028892970340748474,0.0,0.4,0.391718066003899,1.643709562257091e-20,0.1064389006046018,0.10184303339149918
2024-05-08,-0.001334153966210458,0.0,0.4,0.391718066003899,1.643709562257091e-20,0.1064389006046018,0.10184303339149918
2024-05-09,0.004408154709515322,0.006677004515746696,0.4,0.3850410614881523,4.46140832642031e-19,0.10962626833332902,0.10533267017851865
2024-05-10,-0.0032526148035849772,0.0,0.4,0.3850410614881523,4.46140832642031e-19,0.10962626833332902,0.10533267017851865
2024-05-13,0.002208252175131,0.0,0.4,0.3850410614881523,4.46140832642031e-19,0.10962626833332902,0.10533267017851865
2024-05-14,0.0024639263567397293,0.0,0.4,0.3850410614881523,4.46140832642031e-19,0.10962626833332902,0.10533267017851865
2024-05-15,0.010523244290951316,0.0,0.4,0.3850410614881523,4.46140832642031e-19,0.10962626833332902,0.10533267017851865
2024-05-16,-0.00038879417910798986,0.0036696554236670467,0.3999999999999999,0.382656788905952,0.0,0.11329592375699597,0.10404728733705193
2024-05-17,-0.0009337099147627881,1.3877787807814457e-16,0.4,0.3826567889059521,0.0,0.113295923756996,0.10404728733705196
2024-05-20,-0.0008771099282187393,1.3877787807814457e-16,0.3999999999999999,0.382656788905952,0.0,0.11329592375699597,0.10404728733705193
2024-05-21,0.002113074446680151,1.3877787807814457e-16,0.4,0.3826567889059521,0.0,0.113295923756996,0.10404728733705196
2024-05-22,-0.002283660158038503,1.3877787807814457e-16,0.3999999999999999,0.382656788905952,0.0,0.11329592375699597,0.10404728733705193
2024-05-23,-0.005806449329718508,0.0033541466885530086,0.4,0.3801737851846226,0.0,0.11665007044554895,0.10317614436982843
2024-05-24,0.004860374629525455,0.0,0.4,0.3801737851846226,0.0,0.11665007044554895,0.10317614436982843
2024-05-28,-0.0017384243976478182,0.0,0.4,0.3801737851846226,0.0,0.11665007044554895,0.10317614436982843
2024-05-29,-0.008462179594460658,0.0,0.4,0.3801737851846226,0.0,0.11665007044554895,0.10317614436982843
2024-05-30,-0.000886124322915516,0.0,0.4,0.3801737851846226,0.0,0.11665007044554895,0.10317614436982843
2024-05-31,0.004982829871758632,0.006651119947831276,0.3999999999999999,0.37352266523679134,0.0,0.11935646030210839,0.10712087446110019
2024-06-03,0.0010373583846025923,6.938893903907228e-17,0.39999999999999997,0.3735226652367914,0.0,0.1193564603021084,0.1071208744611002
2024-06-04,0.0036819821051428357,0.0039673691027969984,0.4,0.37542367784157954,0.0,0.11538909119931148,0.10918723095910908
2024-06-05,0.008960690913534564,0.0,0.4,0.37542367784157954,0.0,0.11538909119931148,0.10918723095910908
2024-06-06,0.0014752440712546314,0.0,0.4,0.37542367784157954,0.0,0.11538909119931148,0.10918723095910908
2024-06-07,-0.0072044569163532525,0.019005540238348606,0.4,0.3944292180799281,7.450848592184736e-19,0.1036725019052268,0.1018982800148451
2024-06-10,0.006180567079853768,0.2723805611005115,0.4,0.12204865697941657,0.016833207162445792,0.14466493522801735,0.3164532006301203
2024-06-11,0.004455553082798682,0.18504402055431007,0.3999999999999999,0.3070926775337266,1.2786891634740018e-17,0.12423407522892115,0.16867324723735225
2024-06-12,0.006352796586443587,0.07863406161487649,0.4,0.385726739148603,0.0,0.10570518047519799,0.10856808037619897
2024-06-13,0.006662712634033187,0.00846823843725851,0.4,0.39419497758586153,0.0,0.1037271500374295,0.10207787237670897
2024-06-14,0.004508868534716808,0.009543130492404052,0.4000000000000001,0.3999870980464473,0.0,0.09418401954502548,0.10582888240852725
2024-06-17,0.0010733184028903883,2.7755575615628914e-17,0.4,0.3999870980464473,0.0,0.09418401954502548,0.10582888240852725
2024-06-18,0.0057152296893214095,0.0,0.4,0.3999870980464473,0.0,0.09418401954502548,0.10582888240852725
2024-06-20,-0.002425568298606201,0.0,0.4,0.3999870980464473,0.0,0.09418401954502548,0.10582888240852725
2024-06-21,-0.0011824153977771277,0.0,0.4,0.3999870980464473,0.0,0.09418401954502548,0.10582888240852725
2024-06-24,0.0011569247428499096,0.0032373392244970864,0.4,0.4,0.0,0.0909466803205284,0.1090533196794716
2024-06-25,0.0014185708111399953,0.0,0.4,0.4,0.0,0.0909466803205284,0.1090533196794716
2024-06-26,-0.0048619930104129095,0.0,0.4,0.4,0.0,0.0909466803205284,0.1090533196794716
2024-06-27,0.0034211090290910532,0.0,0.4,0.4,0.0,0.0909466803205284,0.1090533196794716
2024-06-28,-0.009391949489640193,0.0,0.4,0.4,0.0,0.0909466803205284,0.1090533196794716
2024-07-01,-0.0038849150191446837,0.0029112234475216353,0.4,0.4,3.6738240898595498e-19,0.08803545687300676,0.11196454312699324
2024-07-02,0.005188314952756675,0.0,0.4,0.4,3.6738240898595498e-19,0.08803545687300676,0.11196454312699324
2024-07-03,0.0067501214997646415,0.0,0.4,0.4,3.6738240898595498e-19,0.08803545687300676,0.11196454312699324
2024-07-05,0.005275180665522612,0.0,0.4,0.4,3.6738240898595498e-19,0.08803545687300676,0.11196454312699324
2024-07-08,0.000556029179067266,0.0,0.4,0.4,3.6738240898595498e-19,0.08803545687300676,0.11196454312699324
2024-07-09,-0.001988662995403817,0.005592619446209382,0.4,0.4,2.447147997937023e-19,0.09362807631921614,0.10637192368078385
2024-07-10,0.005937353445494188,0.0,0.4,0.4,2.447147997937023e-19,0.09362807631921614,0.10637192368078385
2024-07-11,0.0004208373600562373,0.0,0.4,0.4,2.447147997937023e-19,0.09362807631921614,0.10637192368078385
2024-07-12,0.0030659396897219885,0.0,0.4,0.4,2.447147997937023e-19,0.09362807631921614,0.10637192368078385
2024-07-15,-0.0034650110673752448,0.0,0.4,0.4,2.447147997937023e-19,0.09362807631921614,0.10637192368078385
2024-07-16,0.0068495130896178286,0.005537134971225377,0.4,0.4,0.0,0.08809094134799077,0.11190905865200923
2024-07-17,-0.004291381369914587,0.0,0.4,0.4,0.0,0.08809094134799077,0.11190905865200923
2024-07-18,-0.006409942158115698,0.0,0.4,0.4,0.0,0.08809094134799077,0.11190905865200923
2024-07-19,-0.006793304434425271,0.0,0.4,0.4,0.0,0.08809094134799077,0.11190905865200923
2024-07-22,0.0024549952369281496,0.0,0.4,0.4,0.0,0.08809094134799077,0.11190905865200923
2024-07-23,-0.0022016670815431716,0.00962027772358285,0.40000000000000013,0.3903797222764172,0.0,0.09510266144300412,0.11451761628057865
2024-07-24,-0.013088324829224385,5.551115123125783e-17,0.4,0.3903797222764172,0.0,0.09510266144300412,0.11451761628057865
2024-07-25,0.0019197610972947186,0.0,0.4,0.3903797222764172,0.0,0.09510266144300412,0.11451761628057865
2024-07-26,0.005789291446622678,0.0,0.4,0.3903797222764172,0.0,0.09510266144300412,0.11451761628057865
2024-07-29,0.001502445609618583,0.0,0.4,0.3903797222764172,0.0,0.09510266144300412,0.11451761628057865
2024-07-30,-0.001278647252600071,0.009620277723582815,0.4,0.4,3.392998198869802e-20,0.08948889430792514,0.11051110569207481
2024-07-31,0.01392407139096712,0.0,0.4,0.4,3.392998198869802e-20,0.08948889430792514,0.11051110569207481
2024-08-01,-0.003499372804305628,0.0,0.4,0.4,3.392998198869802e-20,0.08948889430792514,0.11051110569207481
2024-08-02,0.0005051031153933232,0.0,0.4,0.4,3.392998198869802e-20,0.08948889430792514,0.11051110569207481
2024-08-05,-0.011112277370614097,0.22096072984695628,0.35201399882272827,0.39807611876824495,0.2209607298469563,3.518022001694444e-17,0.028949152562070514
2024-08-06,-0.006132462742245945,0.08607485382032566,0.4,0.39999999999999997,0.13488587602663057,3.1145341900989435e-18,0.06511412397336931
2024-08-07,-0.0020134800541736523,0.17092959976470573,0.4000000000000001,0.3639562762619249,1.1230087467315777e-17,0.09459446962923117,0.14144925410884393
2024-08-08,0.007725229438273925,0.03604372373807518,0.4000000000000001,0.4000000000000001,0.0,0.08702274082625434,0.1129772591737456
2024-08-09,0.0065690438678019485,0.0011251472990860267,0.4,0.4,5.623213116776885e-20,0.08589759352716837,0.11410240647283157
2024-08-12,0.004258495383633654,0.0038604425181269775,0.4,0.4,3.514917565342598e-19,0.0820371510090414,0.11796284899095855
2024-08-13,0.007700143030087287,0.0,0.4,0.4,3.514917565342598e-19,0.0820371510090414,0.11796284899095855
2024-08-14,0.0027850332831029527,0.0,0.4,0.4,3.514917565342598e-19,0.0820371510090414,0.11796284899095855
2024-08-15,0.004920938193405639,0.0,0.4,0.4,3.514917565342598e-19,0.0820371510090414,0.11796284899095855
2024-08-16,0.0005638019631811887,0.0,0.4,0.4,3.514917565342598e-19,0.0820371510090414,0.11796284899095855
2024-08-19,0.0029863840266916193,0.0011207503551946554,0.4,0.4,0.0,0.08091640065384674,0.1190835993461532
2024-08-20,0.001546688982417064,0.007685340488340631,0.4,0.4,0.0,0.07323106016550611,0.12676893983449383
2024-08-21,-7.371481779245778e-06,0.0,0.4,0.4,0.0,0.07323106016550611,0.12676893983449383
2024-08-22,-0.005534116120240792,0.0,0.4,0.4,0.0,0.07323106016550611,0.12676893983449383
2024-08-23,0.007819687223928212,0.0019527193124275477,0.4,0.4,2.1021466874217123e-19,0.07518377947793367,0.1248162205220663
2024-08-26,0.0014004080511199985,0.04478045110951955,0.4,0.35521954889048046,2.8036569846258987e-20,0.09743225950072856,0.14734819160879095
2024-08-27,-0.0017307868805718882,0.044780451109519566,0.4,0.4,1.3844705125652317e-19,0.06746006502799955,0.1325399349720004
2024-08-28,-0.002943473338872151,0.0,0.4,0.4,1.3844705125652317e-19,0.06746006502799955,0.1325399349720004
2024-08-29,0.00035245309767221403,0.0,0.4,0.4,1.3844705125652317e-19,0.06746006502799955,0.1325399349720004
2024-08-30,-0.0022062765954482975,0.0,0.4,0.4,1.3844705125652317e-19,0.06746006502799955,0.1325399349720004
2024-09-03,-0.004404221093851035,0.0,0.4,0.4,1.3844705125652317e-19,0.06746006502799955,0.1325399349720004
2024-09-04,0.002541972334178943,0.016643583288585912,0.4,0.4,4.812914636349927e-19,0.05081648173941362,0.1491835182605863
2024-09-05,0.0013421161664236318,0.011024834044140591,0.4,0.4,3.549124353046435e-19,0.061841315783554264,0.13815868421644575
2024-09-06,-0.007425271780186951,0.0,0.4,0.4,3.549124353046435e-19,0.061841315783554264,0.13815868421644575
2024-09-09,0.00709945914337976,0.0,0.4,0.4,3.549124353046435e-19,0.061841315783554264,0.13815868421644575
2024-09-10,0.002529002378459161,0.0,0.4,0.4,3.549124353046435e-19,0.061841315783554264,0.13815868421644575
2024-09-11,0.004651102808970738,0.008426872488466495,0.4,0.4,0.0,0.053414443295087766,0.14658555670491225
2024-09-12,0.0024861134395625724,0.0,0.4,0.4,0.0,0.053414443295087766,0.14658555670491225
2024-09-13,0.0029214489521374987,0.0,0.4,0.4,0.0,0.053414443295087766,0.14658555670491225
2024-09-16,0.004583106322928549,0.0,0.4,0.4,0.0,0.053414443295087766,0.14658555670491225
2024-09-17,-0.0006681829043276513,0.0,0.4,0.4,0.0,0.053414443295087766,0.14658555670491225
2024-09-18,-0.006736760091653641,0.002611592413738043,0.4,0.4,0.0,0.05080285088134972,0.14919714911865029
2024-09-19,0.0063683611819696185,0.0,0.4,0.4,0.0,0.05080285088134972,0.14919714911865029
2024-09-20,-0.0018391754792035186,0.0012983736822741315,0.4,0.4,2.8436912579938227e-19,0.049504477199075574,0.1504955228009244
2024-09-23,-0.0001045294591632876,0.0012658649409826792,0.4,0.4,0.0,0.050770342140058246,0.14922965785994172
2024-09-24,0.0009470592837968839,0.0,0.4,0.4,0.0,0.050770342140058246,0.14922965785994172
2024-09-25,-0.004538890624899409,0.0028535324971627717,0.4,0.4,2.437965176804295e-19,0.053623874637221014,0.14637612536277894
2024-09-26,6.657989897132857e-05,0.0022648863602084367,0.4,0.4,1.659476435880262e-19,0.05135898827701258,0.14864101172298738
2024-09-27,0.0022354099222763697,0.008046394361671073,0.4,0.4,2.129108831814304e-19,0.04331259391534153,0.15668740608465848
2024-09-30,1.5567914281687436e-05,0.008803377042974733,0.4,0.4,0.0,0.05211597095831626,0.14788402904168374
2024-10-01,0.0016072331122095186,0.0015022193493333287,0.4,0.4,1.177561225410779e-19,0.053618190307649576,0.1463818096923504
2024-10-02,-0.0021196877662028163,0.00453094279640617,0.4,0.4,3.039641901839793e-19,0.04908724751124341,0.15091275248875657
2024-10-03,-0.002017830954228599,0.0,0.4,0.4,3.039641901839793e-19,0.04908724751124341,0.15091275248875657
2024-10-04,-3.668161947703976e-05,0.0,0.4,0.4,3.039641901839793e-19,0.04908724751124341,0.15091275248875657
2024-10-07,-0.004692716185490463,0.0,0.4,0.4,3.039641901839793e-19,0.04908724751124341,0.15091275248875657
2024-10-08,0.002344513924440415,0.0,0.4,0.4,3.039641901839793e-19,0.04908724751124341,0.15091275248875657
2024-10-09,0.0007480646864931719,0.007094380414322279,0.4,0.4,1.2596738678278825e-19,0.056181627925565684,0.1438183720744343
2024-10-10,-0.0004354590638309438,0.0,0.4,0.4,1.2596738678278825e-19,0.056181627925565684,0.1438183720744343
2024-10-11,0.0006771581115885749,0.0,0.4,0.4,1.2596738678278825e-19,0.056181627925565684,0.1438183720744343
2024-10-14,0.002888046464358155,0.0,0.4,0.4,1.2596738678278825e-19,0.056181627925565684,0.1438183720744343
2024-10-15,-0.0004908820048038906,0.0,0.4,0.4,1.2596738678278825e-19,0.056181627925565684,0.1438183720744343
2024-10-16,0.003592980520513352,0.0063607921764046345,0.4,0.4,5.727917951054719e-19,0.04982083574916103,0.1501791642508389
2024-10-17,-0.005685741405600939,0.0,0.4,0.4,5.727917951054719e-19,0.04982083574916103,0.1501791642508389
2024-10-18,0.0005737604309062846,0.0,0.4,0.4,5.727917951054719e-19,0.04982083574916103,0.1501791642508389
2024-10-21,-0.006358552546696281,0.0,0.4,0.4,5.727917951054719e-19,0.04982083574916103,0.1501791642508389
2024-10-22,0.001518213060470704,0.0,0.4,0.4,5.727917951054719e-19,0.04982083574916103,0.1501791642508389
2024-10-23,-0.004513336808010681,0.0,0.4,0.4,5.727917951054719e-19,0.04982083574916103,0.1501791642508389
2024-10-24,0.002532633310893963,0.0,0.4,0.4,5.727917951054719e-19,0.04982083574916103,0.1501791642508389
2024-10-25,-0.001099228137986575,0.0022773958964812033,0.4,0.4,2.5202025804535444e-19,0.047543439852679836,0.15245656014732012
2024-10-28,-0.0022824705170689224,0.0,0.4,0.4,2.5202025804535444e-19,0.047543439852679836,0.15245656014732012
2024-10-29,0.0007173437303765704,0.0063492016622413786,0.4,0.4,8.880446070670874e-20,0.05389264151492122,0.14610735848507875
2024-10-30,0.0005451174930833933,0.01434889716887227,0.4,0.4,8.898918028390104e-19,0.03954374434604896,0.16045625565395102
2024-10-31,-0.006347971969516034,0.0,0.4,0.4,8.898918028390104e-19,0.03954374434604896,0.16045625565395102
2024-11-01,-0.003865310050689413,0.0,0.4,0.4,8.898918028390104e-19,0.03954374434604896,0.16045625565395102
2024-11-04,0.005991632687982236,0.0,0.4,0.4,8.898918028390104e-19,0.03954374434604896,0.16045625565395102
2024-11-05,0.006536457108784328,0.0,0.4,0.4,8.898918028390104e-19,0.03954374434604896,0.16045625565395102
2024-11-06,0.0014264410693266526,0.0030084309030744415,0.3999999999999999,0.3999999999999999,7.14925662900781e-20,0.0425521752491233,0.1574478247508767
2024-11-07,0.009236220179859063,0.45580853528948195,0.4,0.018388603944821242,0.4,0.09836071053860522,0.0832506855165735
2024-11-08,-0.0028355690656364464,0.0231776517840388,0.4,0.016142658583597966,0.4,0.12153836232264406,0.06231897909375802
2024-11-11,-0.009627330567398968,0.1948289192128893,0.4,0.21097157779648723,0.2832280008140082,0.0824364830192926,0.023363938370211966
2024-11-12,-0.007350737335379692,0.07443175881352425,0.4,0.27653187858769324,0.2108407724531339,0.08039195256664262,0.03223539639253019
2024-11-13,-0.0035164096172036158,0.2765318785876933,0.3999999999999999,0.0,0.3999999999999999,0.15938116797159857,0.04061883202840149
2024-11-14,-0.0021841166610696147,0.001837041266433935,0.3999999999999999,3.1089479215535564e-20,0.3999999999999999,0.16121820923803248,0.038781790761967534
2024-11-15,-0.009353474130182473,7.28583859910259e-17,0.39999999999999997,3.108947921553557e-20,0.39999999999999997,0.1612182092380325,0.03878179076196754
2024-11-18,0.014416028979888883,0.0,0.39999999999999997,3.108947921553557e-20,0.39999999999999997,0.1612182092380325,0.03878179076196754
2024-11-19,0.005569805063127173,0.0,0.39999999999999997,3.108947921553557e-20,0.39999999999999997,0.1612182092380325,0.03878179076196754
2024-11-20,0.00048800981561353154,0.4,0.4,0.0,0.0,0.2942780632484331,0.305721936751567
2024-11-21,0.007985528663691649,0.0,0.4,0.0,0.0,0.2942780632484331,0.305721936751567
2024-11-22,0.0070823893548593725,0.0,0.4,0.0,0.0,0.2942780632484331,0.305721936751567
2024-11-25,-0.009281138403908418,0.0,0.4,0.0,0.0,0.2942780632484331,0.305721936751567
2024-11-26,0.0006277968101170224,0.016393446147507235,0.4,8.906230453571538e-19,2.3261307368750258e-20,0.27788461710092577,0.32211538289907415
2024-11-27,-0.0004522442214524348,0.4,0.4,7.514452433026287e-19,0.4,0.15702369014788314,0.042976309852116826
2024-11-29,0.005622017753555228,0.0,0.4,7.514452433026287e-19,0.4,0.15702369014788314,0.042976309852116826
2024-12-02,-0.00377551070683199,0.0,0.4,7.514452433026287e-19,0.4,0.15702369014788314,0.042976309852116826
2024-12-03,-0.0021341373155423144,0.5149493115125439,0.4,0.4,3.892695800099377e-17,0.042074378635339305,0.1579256213646607
2024-12-04,0.00606115134133659,0.0,0.4,0.4,3.892695800099377e-17,0.042074378635339305,0.1579256213646607
2024-12-05,-0.0009335855380791652,0.003856687991488842,0.4,0.4,0.0,0.045931066626828145,0.1540689333731719
2024-12-06,0.0009749647673892439,0.0,0.4,0.4,0.0,0.045931066626828145,0.1540689333731719
2024-12-09,-0.004881204832618653,0.0,0.4,0.4,0.0,0.045931066626828145,0.1540689333731719
2024-12-10,-0.0026174197634311423,0.0,0.4,0.4,0.0,0.045931066626828145,0.1540689333731719
2024-12-11,0.0010646677365173697,0.0,0.4,0.4,0.0,0.045931066626828145,0.1540689333731719
2024-12-12,-0.006508803325104109,0.004983203326275606,0.4,0.4,3.8019868604390155e-19,0.05091426995310375,0.1490857300468963
2024-12-13,-0.0034189138853889466,0.0,0.4,0.4,3.8019868604390155e-19,0.05091426995310375,0.1490857300468963
2024-12-16,0.0023097517908471114,0.0,0.4,0.4,3.8019868604390155e-19,0.05091426995310375,0.1490857300468963
2024-12-17,-0.0008031510323886887,0.0,0.4,0.4,3.8019868604390155e-19,0.05091426995310375,0.1490857300468963
2024-12-18,-0.015447552491013445,0.0,0.4,0.4,3.8019868604390155e-19,0.05091426995310375,0.1490857300468963
2024-12-19,-7.468993986068121e-05,0.48978002943706084,0.4,0.0,0.4,0.14069429939016456,0.059305700609835456
2024-12-20,0.009625176609090002,0.0010396687204562126,0.4,0.0,0.4,0.13965463066970835,0.060345369330291665
2024-12-23,0.0006566162641137691,0.0,0.4,0.0,0.4,0.13965463066970835,0.060345369330291665
2024-12-24,0.006535368924198559,0.0,0.4,0.0,0.4,0.13965463066970835,0.060345369330291665
2024-12-26,0.0016347224468311937,0.0033515964053835237,0.4,7.217503475587553e-20,0.4,0.13630303426432483,0.0636969657356752
2024-12-27,-0.007236875618546992,0.4848431980156549,0.4,0.4,5.579166738531798e-18,0.05145983624866997,0.14854016375133003
2024-12-30,-0.0005217632232489208,0.0,0.4,0.4,5.579166738531798e-18,0.05145983624866997,0.14854016375133003
2024-12-31,-0.0024351588207502124,0.0,0.4,0.4,5.579166738531798e-18,0.05145983624866997,0.14854016375133003
2025-01-02,0.0023186619538991425,0.0,0.4,0.4,5.579166738531798e-18,0.05145983624866997,0.14854016375133003
2025-01-03,0.003934171623935457,0.0,0.4,0.4,5.579166738531798e-18,0.05145983624866997,0.14854016375133003
2025-01-06,-0.0008465884322625566,0.0,0.4,0.4,5.579166738531798e-18,0.05145983624866997,0.14854016375133003
2025-01-07,-0.007897422312881586,0.0,0.4,0.4,5.579166738531798e-18,0.05145983624866997,0.14854016375133003
2025-01-08,0.0010776364165437677,0.0,0.4,0.4,5.579166738531798e-18,0.05145983624866997,0.14854016375133003
2025-01-10,-0.005781234849172438,0.0,0.4,0.4,5.579166738531798e-18,0.05145983624866997,0.14854016375133003
2025-01-13,0.0019018303540582846,0.0025051023342783666,0.4,0.4,2.113210287007139e-20,0.048954733914391604,0.1510452660856084
2025-01-14,-0.003391855206285355,0.3999999999999999,0.3999999999999999,1.4005125101582837e-16,0.0,0.27685905942060035,0.32314094057939957
2025-01-15,0.015782420839386174,0.0,0.3999999999999999,1.4005125101582837e-16,0.0,0.27685905942060035,0.32314094057939957
2025-01-16,-0.005364957248129074,0.0,0.3999999999999999,1.4005125101582837e-16,0.0,0.27685905942060035,0.32314094057939957
2025-01-17,0.0038144086598556003,0.0,0.3999999999999999,1.4005125101582837e-16,0.0,0.27685905942060035,0.32314094057939957
2025-01-21,-0.005200933641715229,0.0,0.3999999999999999,1.4005125101582837e-16,0.0,0.27685905942060035,0.32314094057939957
2025-01-22,0.00013151052285107542,0.39999999999999997,0.4,0.4,0.0,0.036314605656255376,0.1636853943437446
2025-01-23,-0.0017445081532203683,0.020793093635969945,0.3999999999999999,0.3871735758981231,6.668857184551749e-19,0.0571076992922252,0.15571872480965154
2025-01-24,-0.00010165880257048546,7.28583859910259e-17,0.39999999999999997,0.3871735758981232,6.66885718455175e-19,0.05710769929222521,0.15571872480965157
2025-01-27,-0.0022307344122330396,7.28583859910259e-17,0.4,0.38717357589812323,6.668857184551751e-19,0.057107699292225214,0.1557187248096516
2025-01-28,0.004495056894444838,1.3183898417423734e-16,0.3999999999999999,0.3871735758981231,6.668857184551749e-19,0.0571076992922252,0.15571872480965157
2025-01-29,-0.003015876159783577,0.017928552641586038,0.3999999999999999,0.36924502325653713,9.849329178772588e-19,0.05978736913417299,0.17096760760928986
2025-01-30,0.003508275987928417,0.0,0.3999999999999999,0.36924502325653713,9.849329178772588e-19,0.05978736913417299,0.17096760760928986
2025-01-31,-0.0036473727271592897,0.0,0.3999999999999999,0.36924502325653713,9.849329178772588e-19,0.05978736913417299,0.17096760760928986
2025-02-03,0.0009143905925726998,0.0,0.3999999999999999,0.36924502325653713,9.849329178772588e-19,0.05978736913417299,0.17096760760928986
2025-02-04,0.002018663454770798,0.0,0.3999999999999999,0.36924502325653713,9.849329178772588e-19,0.05978736913417299,0.17096760760928986
2025-02-05,0.006044095346027638,0.014416610072789288,0.4,0.3548284131837479,1.1212812078698097e-20,0.061301766407894406,0.1838698204083577
2025-02-06,0.0005912382459620843,0.0,0.4,0.3548284131837479,1.1212812078698097e-20,0.061301766407894406,0.1838698204083577
2025-02-07,-0.004802957510906635,0.0,0.4,0.3548284131837479,1.1212812078698097e-20,0.061301766407894406,0.1838698204083577
2025-02-10,0.003450103347021771,0.0,0.4,0.3548284131837479,1.1212812078698097e-20,0.061301766407894406,0.1838698204083577
2025-02-11,-0.0019021247940344157,0.0,0.4,0.3548284131837479,1.1212812078698097e-20,0.061301766407894406,0.1838698204083577
2025-02-12,-0.007357065335833579,0.014044061289860958,0.3999999999999999,0.340784351893887,0.0,0.06330410343493181,0.1959115446711812
2025-02-13,0.008348769288103332,0.0,0.3999999999999999,0.340784351893887,0.0,0.06330410343493181,0.1959115446711812
2025-02-14,0.0007774205329102777,0.0,0.3999999999999999,0.340784351893887,0.0,0.06330410343493181,0.1959115446711812
2025-02-18,-0.0014839679929914253,0.0,0.3999999999999999,0.340784351893887,0.0,0.06330410343493181,0.1959115446711812
2025-02-19,0.0019719008963553983,0.0,0.3999999999999999,0.340784351893887,0.0,0.06330410343493181,0.1959115446711812
2025-02-20,-0.0019004160920774043,0.024066248161131336,0.4000000000000001,0.3167181037327557,3.268727266047285e-19,0.06815650265938818,0.21512539360785604
2025-02-21,-0.0043840711645662086,2.7755575615628914e-17,0.4,0.3167181037327557,3.268727266047285e-19,0.06815650265938818,0.21512539360785604
2025-02-24,-0.0002103159759138059,0.0029805163981780625,0.4,0.31876927976043234,7.902099201579955e-20,0.06517598626121017,0.21605473397835753
2025-02-25,0.001019035290970101,0.002823362413540989,0.4,0.3170377174389866,0.0,0.06799934867475114,0.21496293388626225
2025-02-26,0.0022740440434035427,0.0013309917813830938,0.4000000000000001,0.3179290829176385,0.0,0.06666835689336809,0.21540256018899345
2025-02-27,-0.005412759201970105,0.021354889066761376,0.4,0.29657419385087713,8.033045981764912e-20,0.07211005523091704,0.23131575091820583
2025-02-28,0.010963457999024488,0.009314362060830847,0.4,0.305888555911708,0.0,0.06441886736852309,0.22969257671976895
2025-03-03,-0.009528029971123207,0.00513730587246615,0.4,0.3022654049292476,2.5268660525052263e-20,0.06955617324098923,0.2281784218297632
2025-03-04,-0.008775390742965263,0.2492894900469216,0.4,0.4,0.1515548949761692,0.0,0.04844510502383084
2025-03-05,-0.002195986960135894,0.28673155741038964,0.11326844258961033,0.4,0.4,1.5515310919289828e-18,0.0867315574103897
2025-03-06,-0.009280277387200568,0.2867315574103897,0.4000000000000001,0.3930421791099201,0.16772267167251734,0.0,0.0392351492175626
2025-03-07,0.0010058186526807986,0.02364385411368862,0.4,0.4,0.184408704896126,1.085548772097077e-19,0.015591295103873994
2025-03-10,-0.008137053151056815,0.27556026556303737,0.4,0.30884843933308864,0.0,0.05243342457932342,0.23871813608758796
2025-03-11,0.0006727871105562354,0.49115156066691146,0.013510738150519834,0.4,0.4,7.476041573003115e-17,0.18648926184947998
2025-03-12,-0.0001550916566069203,0.01351073815051997,5.204170427930421e-18,0.4,0.4,7.272425720502488e-19,0.2
2025-03-13,-0.008536270971530698,0.7999999999999999,0.4,0.0,6.90633105327696e-17,0.26964431812016226,0.3303556818798377
2025-03-14,0.00911341909035972,0.14339311940206165,0.4,7.035783357706113e-19,0.1290066512242737,0.12625119871810062,0.3447421500576257
2025-03-17,0.003299428917791546,0.13319803143730957,0.4,0.0,0.26220468266158325,0.010610159537314956,0.3271851578011018
2025-03-18,-0.004481085968160113,0.1639123766642647,0.4,0.0,0.09829230599731847,0.15400876414939257,0.3476989298532888
2025-03-19,0.006088553386680267,0.015675131009742986,0.4,1.605267230210377e-20,0.11396743700706151,0.1395744040849236,0.34645815890801485
2025-03-20,0.000315687839473933,0.6860325629929384,1.2311915849968119e-17,0.3999999999999999,0.3999999999999999,0.0,0.20000000000000012
2025-03-21,-0.004953773571741181,0.0,1.2311915849968119e-17,0.3999999999999999,0.3999999999999999,0.0,0.20000000000000012
2025-03-24,-0.005531599586197531,0.0,1.2311915849968119e-17,0.3999999999999999,0.3999999999999999,0.0,0.20000000000000012
2025-03-25,0.0015054565047082796,0.0,1.2311915849968119e-17,0.3999999999999999,0.3999999999999999,0.0,0.20000000000000012
2025-03-26,-0.0020479857576272123,0.0,1.2311915849968119e-17,0.3999999999999999,0.3999999999999999,0.0,0.20000000000000012
2025-03-27,-0.0025909621397685436,0.5128344340302576,0.4,0.28716556596974213,0.0,0.07399844353905063,0.23883599049120716
2025-03-28,-0.005196826957583509,0.0,0.4,0.28716556596974213,0.0,0.07399844353905063,0.23883599049120716
2025-03-31,0.008002460896412145,0.02154467353047538,0.4,0.30162138951412704,0.007088849986090471,0.05818573248778254,0.23310402801199986
2025-04-01,0.0036967104908544428,0.01569757025304993,0.4,0.29301266924716757,0.0,0.06881728530685799,0.23817004544597434
2025-04-02,0.001995520356607502,0.006546248174124622,0.4000000000000001,0.28845236377888683,0.0,0.0753635334809826,0.2361841027401305
2025-04-03,-0.0040927529088377055,0.5115476362211132,0.0,0.4,0.4,0.0,0.20000000000000004
2025-04-04,-0.002783738253297763,0.0,0.0,0.4,0.4,0.0,0.20000000000000004
2025-04-07,-0.01980758854550624,0.0,0.0,0.4,0.4,0.0,0.20000000000000004
2025-04-08,-0.0062899402340170114,0.0,0.0,0.4,0.4,0.0,0.20000000000000004
2025-04-09,0.0174338960200902,0.0,0.0,0.4,0.4,0.0,0.20000000000000004
2025-04-10,-0.008298226101970754,0.2949275172119085,0.0949275172119085,0.15641147384639686,0.34866100894169466,0.0,0.4000000000000001
2025-04-11,0.005608371188481724,0.001468262607043712,0.09556055641195729,0.15494321123935323,0.3494962323486896,2.392235285920492e-19,0.4
2025-04-14,0.0016173179446537715,0.4622622955446188,0.39999999999999997,0.0,0.4,0.10731908430526566,0.09268091569473436
2025-04-15,0.0009704391795008233,0.026936207557726313,0.4000000000000001,1.375626899353357e-19,0.4000000000000001,0.13425529186299187,0.06574470813700811
2025-04-16,0.006140244485850009,5.551115123125783e-17,0.4,1.375626899353357e-19,0.4,0.13425529186299187,0.06574470813700811
2025-04-17,-0.005142588202423415,0.5342552918629919,1.0408340855860843e-17,0.4,0.4,0.0,0.2
2025-04-21,0.0034776243090165696,0.0,1.0408340855860843e-17,0.4,0.4,0.0,0.2
2025-04-22,-0.0023362245640213605,0.0,1.0408340855860843e-17,0.4,0.4,0.0,0.2
2025-04-23,-0.003867256941008224,0.0,1.0408340855860843e-17,0.4,0.4,0.0,0.2
2025-04-24,0.009162210822150164,0.0,1.0408340855860843e-17,0.4,0.4,0.0,0.2
2025-04-25,-0.0008776979735373837,0.0,1.0408340855860843e-17,0.4,0.4,0.0,0.2
2025-04-28,0.006975453523644038,0.0,1.0408340855860843e-17,0.4,0.4,0.0,0.2
2025-04-29,0.00011950850720721107,0.0,1.0408340855860843e-17,0.4,0.4,0.0,0.2
2025-04-30,-0.005497781827085024,0.0,1.0408340855860843e-17,0.4,0.4,0.0,0.2
2025-05-01,-0.00916971742658168,0.0,1.0408340855860843e-17,0.4,0.4,0.0,0.2
2025-05-02,-0.00392055969297187,0.0,1.0408340855860843e-17,0.4,0.4,0.0,0.2
2025-05-05,0.009349816403346934,0.0,1.0408340855860843e-17,0.4,0.4,0.0,0.2
2025-05-06,0.011301981128170912,0.0,1.0408340855860843e-17,0.4,0.4,0.0,0.2
2025-05-07,-0.002841647623575039,0.0,1.0408340855860843e-17,0.4,0.4,0.0,0.2
2025-05-08,-0.010665300035453785,0.0,1.0408340855860843e-17,0.4,0.4,0.0,0.2
2025-05-09,0.002937627025457694,0.008835292907661715,0.008835292907661723,0.4,0.4,7.927868041183873e-19,0.1911647070923383
2025-05-12,-0.012010988975273914,0.0,0.008835292907661723,0.4,0.4,7.927868041183873e-19,0.1911647070923383
2025-05-13,-0.0014970232277275997,0.0,0.008835292907661723,0.4,0.4,7.927868041183873e-19,0.1911647070923383
2025-05-14,-0.010645952718878356,0.0,0.008835292907661723,0.4,0.4,7.927868041183873e-19,0.1911647070923383
2025-05-15,0.009464718058980191,0.0,0.008835292907661723,0.4,0.4,7.927868041183873e-19,0.1911647070923383
2025-05-16,-0.003124429273586645,0.01023073026283566,0.019066023170497267,0.3999999999999999,0.3999999999999999,2.980123728601357e-19,0.18093397682950274
2025-05-19,0.002781393403578792,7.112366251504909e-17,0.01906602317049727,0.39999999999999997,0.39999999999999997,2.9801237286013573e-19,0.18093397682950277
2025-05-20,0.003979960638731052,7.112366251504909e-17,0.019066023170497274,0.4,0.4,2.980123728601358e-19,0.1809339768295028
2025-05-21,-0.004992249976336869,1.2663481374630692e-16,0.01906602317049727,0.3999999999999999,0.3999999999999999,2.9801237286013573e-19,0.18093397682950277
2025-05-22,-0.0009145233255211925,7.112366251504909e-17,0.019066023170497274,0.39999999999999997,0.39999999999999997,2.980123728601358e-19,0.1809339768295028
2025-05-23,0.007986817103332029,0.008005461543441197,0.027071484713938356,0.4,0.4,0.0,0.1729285152860616
2025-05-27,0.000313342026109718,0.0,0.027071484713938356,0.4,0.4,0.0,0.1729285152860616
2025-05-28,-0.0022239089596335403,0.0,0.027071484713938356,0.4,0.4,0.0,0.1729285152860616
2025-05-29,0.005239228009051922,0.0,0.027071484713938356,0.4,0.4,0.0,0.1729285152860616
2025-05-30,-0.002120359700139654,0.0,0.027071484713938356,0.4,0.4,0.0,0.1729285152860616
2025-06-02,0.005997000760008672,0.010494369515954215,0.03756585422989259,0.4,0.4,1.5748378338966033e-19,0.1624341457701074
2025-06-03,-0.002959993860503237,0.0,0.03756585422989259,0.4,0.4,1.5748378338966033e-19,0.1624341457701074
2025-06-04,0.008349764882434284,0.0,0.03756585422989259,0.4,0.4,1.5748378338966033e-19,0.1624341457701074
2025-06-05,-0.0020426351448307486,0.0,0.03756585422989259,0.4,0.4,1.5748378338966033e-19,0.1624341457701074
2025-06-06,0.0018194435496237489,0.49395574933321107,0.4,0.0,0.4,0.1315216035631036,0.06847839643689632
2025-06-09,0.0019299383063348479,0.4936096570199571,0.03791194654314653,0.4,0.4,2.1397052066892302e-17,0.1620880534568535
2025-06-10,0.0025698692306783833,0.0,0.03791194654314653,0.4,0.4,2.1397052066892302e-17,0.1620880534568535
2025-06-11,0.002676240633147655,0.0,0.03791194654314653,0.4,0.4,2.1397052066892302e-17,0.1620880534568535
2025-06-12,0.008714251452426821,0.0,0.03791194654314653,0.4,0.4,2.1397052066892302e-17,0.1620880534568535
2025-06-13,0.0013804566664057964,0.0,0.03791194654314653,0.4,0.4,2.1397052066892302e-17,0.1620880534568535
2025-06-16,-0.004546996749261038,0.49604933432723736,0.4,1.938262732131769e-17,0.4,0.13396128087038384,0.06603871912961616
2025-06-17,0.0035481494355392683,0.0,0.4,1.938262732131769e-17,0.4,0.13396128087038384,0.06603871912961616
2025-06-18,-0.002142722124416761,0.0,0.4,1.938262732131769e-17,0.4,0.13396128087038384,0.06603871912961616
2025-06-20,0.00020475923113060283,0.0,0.4,1.938262732131769e-17,0.4,0.13396128087038384,0.06603871912961616
2025-06-23,-0.005903069316763333,0.0,0.4,1.938262732131769e-17,0.4,0.13396128087038384,0.06603871912961616
2025-06-24,-0.00822759432360995,0.0010540372432523313,0.4,1.0542173873710904e-19,0.4,0.13501531811363615,0.06498468188636383
2025-06-25,0.0018448218792049185,0.0,0.4,1.0542173873710904e-19,0.4,0.13501531811363615,0.06498468188636383
2025-06-26,0.00293843216522431,0.0,0.4,1.0542173873710904e-19,0.4,0.13501531811363615,0.06498468188636383
2025-06-27,-0.005710512205005431,0.0,0.4,1.0542173873710904e-19,0.4,0.13501531811363615,0.06498468188636383
2025-06-30,0.006056405478888179,0.0,0.4,1.0542173873710904e-19,0.4,0.13501531811363615,0.06498468188636383
2025-07-01,0.004787344195638776,0.014323764637584706,0.4,0.008197966305486077,0.4,0.12069155347605144,0.07111048021846246
2025-07-02,0.0066292253560818895,0.0,0.4,0.008197966305486077,0.4,0.12069155347605144,0.07111048021846246
2025-07-03,7.194727757648436e-05,0.0,0.4,0.008197966305486077,0.4,0.12069155347605144,0.07111048021846246
2025-07-07,-0.00045161326371416033,0.0,0.4,0.008197966305486077,0.4,0.12069155347605144,0.07111048021846246
2025-07-08,-0.003596940963135528,0.0,0.4,0.008197966305486077,0.4,0.12069155347605144,0.07111048021846246
2025-07-09,0.004520242113843283,0.03321075246056413,0.3999999999999999,0.0365191814940608,0.3999999999999999,0.12558109074804072,0.03789972775789842
2025-07-10,-0.0004002679369378161,1.3183898417423734e-16,0.4,0.036519181494060804,0.4,0.12558109074804075,0.037899727757898426
2025-07-11,0.005207292449645506,1.3183898417423734e-16,0.3999999999999999,0.0365191814940608,0.3999999999999999,0.12558109074804072,0.03789972775789842
2025-07-14,-0.003391403892876126,1.3183898417423734e-16,0.4,0.036519181494060804,0.4,0.12558109074804075,0.037899727757898426
2025-07-15,-0.004017047965550337,1.3183898417423734e-16,0.3999999999999999,0.0365191814940608,0.3999999999999999,0.12558109074804072,0.03789972775789842
2025-07-16,0.003268063688141276,0.029195951777607556,0.4000000000000001,0.0657151332716682,0.4000000000000001,0.12238253692328462,0.011902329805047141
2025-07-17,0.003194061961802545,5.551115123125783e-17,0.4,0.0657151332716682,0.4,0.12238253692328462,0.011902329805047141
2025-07-18,0.000460898054588719,0.0,0.4,0.0657151332716682,0.4,0.12238253692328462,0.011902329805047141
2025-07-21,0.006866261720707997,0.0,0.4,0.0657151332716682,0.4,0.12238253692328462,0.011902329805047141
2025-07-22,0.003798785288411039,0.0,0.4,0.0657151332716682,0.4,0.12238253692328462,0.011902329805047141
2025-07-23,-0.002096944107115787,0.011902329805047147,0.4,0.07657477621832066,0.4,0.1234252237816793,3.725457376779216e-18
2025-07-24,-0.001120336383420704,0.0,0.4,0.07657477621832066,0.4,0.1234252237816793,3.725457376779216e-18
2025-07-25,-0.0035402855986323904,0.0,0.4,0.07657477621832066,0.4,0.1234252237816793,3.725457376779216e-18
2025-07-28,0.0006396037100939453,0.0,0.4,0.07657477621832066,0.4,0.1234252237816793,3.725457376779216e-18
2025-07-29,0.005544563199560341,0.0,0.4,0.07657477621832066,0.4,0.1234252237816793,3.725457376779216e-18
2025-07-30,-0.006037792865940175,0.007150502456524753,0.4,0.08372527867484542,0.4,0.11627472132515455,0.0
2025-07-31,-0.0008745912409578306,0.0,0.4,0.08372527867484542,0.4,0.11627472132515455,0.0
2025-08-01,-0.0003578004273411973,0.0,0.4,0.08372527867484542,0.4,0.11627472132515455,0.0
2025-08-04,0.0066115040566663355,0.0,0.4,0.08372527867484542,0.4,0.11627472132515455,0.0
2025-08-05,-0.003114822593708008,0.0,0.4,0.08372527867484542,0.4,0.11627472132515455,0.0
2025-08-06,-0.00016229910181753777,0.0011372081954366259,0.4,0.08486248687028204,0.4,0.11513751312971793,3.104000641841477e-20
2025-08-07,0.0023178999713241977,0.0,0.4,0.08486248687028204,0.4,0.11513751312971793,3.104000641841477e-20
2025-08-08,0.0024736166795682316,0.0,0.4,0.08486248687028204,0.4,0.11513751312971793,3.104000641841477e-20
2025-08-11,-0.005658302849899046,0.0,0.4,0.08486248687028204,0.4,0.11513751312971793,3.104000641841477e-20
2025-08-12,0.002142028254384274,0.0,0.4,0.08486248687028204,0.4,0.11513751312971793,3.104000641841477e-20
2025-08-13,0.0026327567928611014,0.00763133025230503,0.4,0.09249381712258707,0.4,0.1075061828774129,1.5336382656517704e-19
2025-08-14,-0.001284957961816359,0.0,0.4,0.09249381712258707,0.4,0.1075061828774129,1.5336382656517704e-19
2025-08-15,-0.002731544501372085,0.0,0.4,0.09249381712258707,0.4,0.1075061828774129,1.5336382656517704e-19
2025-08-18,-0.00043280643839846086,0.0,0.4,0.09249381712258707,0.4,0.1075061828774129,1.5336382656517704e-19
2025-08-19,-0.005100778671043565,0.0,0.4,0.09249381712258707,0.4,0.1075061828774129,1.5336382656517704e-19
2025-08-20,0.004879275463462019,0.008420699682492344,0.4,0.10091451680507942,0.4,0.09908548319492055,0.0
2025-08-21,-0.002670295520916739,0.0,0.4,0.10091451680507942,0.4,0.09908548319492055,0.0
2025-08-22,0.011854400811572916,0.0,0.4,0.10091451680507942,0.4,0.09908548319492055,0.0
2025-08-25,-0.0015426709627790747,0.0,0.4,0.10091451680507942,0.4,0.09908548319492055,0.0
2025-08-26,0.0022978241879176237,0.0,0.4,0.10091451680507942,0.4,0.09908548319492055,0.0
2025-08-27,0.002410865064659488,0.00359653319519182,0.4,0.10451105000027124,0.4,0.09548894999972873,0.0
2025-08-28,0.005787638082150237,0.0,0.4,0.10451105000027124,0.4,0.09548894999972873,0.0
2025-08-29,0.00022395797187783656,0.0,0.4,0.10451105000027124,0.4,0.09548894999972873,0.0
2025-09-02,0.008164920648116476,0.0,0.4,0.10451105000027124,0.4,0.09548894999972873,0.0
2025-09-03,0.00404697362886154,0.0,0.4,0.10451105000027124,0.4,0.09548894999972873,0.0
2025-09-04,0.001590817947932262,0.0029452066399851123,0.4,0.10745625664025635,0.4,0.09254374335974362,0.0
2025-09-05,0.003884519920594388,0.0,0.4,0.10745625664025635,0.4,0.09254374335974362,0.0
2025-09-08,0.007492085105496218,0.0,0.4,0.10745625664025635,0.4,0.09254374335974362,0.0
2025-09-09,-0.0001504517521272226,0.0,0.4,0.10745625664025635,0.4,0.09254374335974362,0.0
2025-09-10,0.004871884176213129,0.0,0.4,0.10745625664025635,0.4,0.09254374335974362,0.0
2025-09-11,0.001545353941757526,0.007355728465854569,0.4,0.11481198510611092,0.4,0.08518801489388905,0.0
2025-09-12,0.0005209357006745759,0.0,0.4,0.11481198510611092,0.4,0.08518801489388905,0.0
2025-09-15,0.0076285724744604155,0.0,0.4,0.11481198510611092,0.4,0.08518801489388905,0.0
2025-09-16,0.0021463523774870575,0.0,0.4,0.11481198510611092,0.4,0.08518801489388905,0.0
2025-09-17,-0.004663328719726051,0.0,0.4,0.11481198510611092,0.4,0.08518801489388905,0.0
2025-09-18,-0.0018864290638691541,0.5058333530992494,2.763967508152118e-17,0.22064533820536025,0.3793546617946397,8.640681918001916e-18,0.4000000000000001
2025-09-19,0.004773364585896457,2.7755575615628914e-17,2.763967508152118e-17,0.22064533820536025,0.3793546617946397,8.640681918001916e-18,0.4
2025-09-22,0.004313817649775403,0.0,2.763967508152118e-17,0.22064533820536025,0.3793546617946397,8.640681918001916e-18,0.4
2025-09-23,0.0027998084325751953,0.0,2.763967508152118e-17,0.22064533820536025,0.3793546617946397,8.640681918001916e-18,0.4
2025-09-24,-0.001348663936905282,0.0,2.763967508152118e-17,0.22064533820536025,0.3793546617946397,8.640681918001916e-18,0.4
2025-09-25,0.00042906947757233446,0.4981014496964291,0.4,0.12254388850893114,0.4,0.07745611149106876,4.015168637427816e-17
2025-09-26,0.004520557866883327,0.0,0.4,0.12254388850893114,0.4,0.07745611149106876,4.015168637427816e-17
2025-09-29,0.0062852501814762395,0.0,0.4,0.12254388850893114,0.4,0.07745611149106876,4.015168637427816e-17
2025-09-30,0.0036950061421803858,0.0,0.4,0.12254388850893114,0.4,0.07745611149106876,4.015168637427816e-17
2025-10-01,0.001669018652304643,0.0,0.4,0.12254388850893114,0.4,0.07745611149106876,4.015168637427816e-17
2025-10-02,-0.002079529553611549,0.007687551481567591,0.4,0.13023143999049874,0.4,0.06976856000950123,1.3554975466576063e-19
2025-10-03,0.0031258747044200642,0.0,0.4,0.13023143999049874,0.4,0.06976856000950123,1.3554975466576063e-19
2025-10-06,0.009066853794764275,0.0,0.4,0.13023143999049874,0.4,0.06976856000950123,1.3554975466576063e-19
2025-10-07,0.0016457825620464586,0.0,0.4,0.13023143999049874,0.4,0.06976856000950123,1.3554975466576063e-19
2025-10-08,0.009398362799073882,0.0,0.4,0.13023143999049874,0.4,0.06976856000950123,1.3554975466576063e-19
2025-10-09,-0.003777570114837478,0.4494015299919385,0.4,0.0,0.08082990999856031,0.22566285490688037,0.29350723509455934
2025-10-10,-0.02117084979660692,0.0,0.4,0.0,0.08082990999856031,0.22566285490688037,0.29350723509455934
2025-10-13,0.012091319943948896,0.01853873813885748,0.3999999999999999,0.0,0.09116241988403624,0.20712411676802292,0.3017134633479408
2025-10-14,-0.004817442789358835,0.01670967047120365,0.4,0.0,0.08230513834375203,0.22383378723922656,0.2938610744170215
2025-10-15,0.0023099676722430473,0.0018181146693961592,0.4,0.0,0.0811867008483135,0.22565190190862272,0.29316139724306384
2025-10-16,0.00662290647496889,0.4575241666020061,0.4,0.13871086745031963,0.4,0.06128913254968037,0.0
2025-10-17,-0.005315288890279824,0.0,0.4,0.13871086745031963,0.4,0.06128913254968037,0.0
2025-10-20,0.019118113171253826,0.0,0.4,0.13871086745031963,0.4,0.06128913254968037,0.0
2025-10-21,-0.024634155521400938,0.0,0.4,0.13871086745031963,0.4,0.06128913254968037,0.0
2025-10-22,0.00014602190424710306,0.0007654769288123822,0.4,0.13947634437913203,0.4,0.060523655620868005,5.764248020441443e-21
2025-10-23,0.0011361931342232523,0.4081310061727369,0.09975329973107562,0.14760735055186888,0.3526393497170555,2.90152917234368e-17,0.4000000000000001
2025-10-24,0.001865462148728032,0.242566378164891,0.34231967789596657,4.6166554392352235e-18,0.2780226516948023,0.0,0.3796576704092312
2025-10-27,0.000691488899701489,0.26345675075209163,0.4,0.0,0.12834448117376057,0.20577642864805815,0.26587909017818134
2025-10-28,-0.005203592477438634,0.014682204480521557,0.4,0.0,0.12060843088126832,0.22045863312857966,0.258932935990152
2025-10-29,0.0025008761362701136,0.0022837387618310084,0.4,4.916415765055973e-20,0.11931482406639382,0.22274237189041066,0.2579428040431955
2025-10-30,0.006826181939424488,0.5593560993555082,0.06338627253490245,0.18016566343765208,0.3564480640274455,7.40664096110797e-18,0.4
2025-10-31,-0.0011424889602276258,0.0019457468111179143,0.06144052572378455,0.18090135662223997,0.35765811765397554,0.0,0.4
2025-11-03,0.0006031141268511387,0.014871078466993277,0.07631160419077784,0.1775979255999718,0.34609047020925043,0.0,0.4
2025-11-04,-0.006500697818345714,0.3745505233900154,0.4000000000000001,0.22846005318076495,0.166766360078006,6.227625341782958e-19,0.20477358674122909
2025-11-05,-6.663787473666378e-05,0.04878558815946763,0.4000000000000001,0.2655678342677357,0.11798077191853835,8.829192055486439e-20,0.21645139381372594
2025-11-06,-0.002699267361499124,0.07656687437680175,0.4,0.3023913703242384,0.07876406340359944,0.03974333832029906,0.17910122795186315
2025-11-07,0.00018331109167067845,0.019339788135637484,0.4,0.3073249930593108,0.060211915316423545,0.03895569827183746,0.1935073933524282
2025-11-10,0.00811161974881651,0.003507418054272078,0.4,0.3076281992220044,0.05758695861826391,0.038073236915725034,0.19671160524400672
2025-11-11,0.0028241042267161546,0.0,0.4,0.3076281992220044,0.05758695861826391,0.038073236915725034,0.19671160524400672
2025-11-12,0.0002334227059127631,0.0,0.4,0.3076281992220044,0.05758695861826391,0.038073236915725034,0.19671160524400672
2025-11-13,-0.010101066026749699,0.02174671186966101,0.4000000000000001,0.2858814873523434,0.07136478456738718,0.0407303338895717,0.20202339419069776
2025-11-14,-0.0018046560317634178,2.7755575615628914e-17,0.4,0.2858814873523434,0.07136478456738718,0.0407303338895717,0.20202339419069776
2025-11-17,-0.003379584875219551,0.0,0.4,0.2858814873523434,0.07136478456738718,0.0407303338895717,0.20202339419069776
2025-11-18,-0.0020362174647427993,0.0,0.4,0.2858814873523434,0.07136478456738718,0.0407303338895717,0.20202339419069776
2025-11-19,0.0014626854969698028,0.0,0.4,0.2858814873523434,0.07136478456738718,0.0407303338895717,0.20202339419069776
2025-11-20,-0.005322069775924327,0.01267714246605596,0.3999999999999999,0.2732043448862875,0.07744297432051858,0.041255839467822075,0.20809684132537185
2025-11-21,0.004044989563051358,0.0,0.3999999999999999,0.2732043448862875,0.07744297432051858,0.041255839467822075,0.20809684132537185
2025-11-24,0.009337962753688804,0.0,0.3999999999999999,0.2732043448862875,0.07744297432051858,0.041255839467822075,0.20809684132537185
2025-11-25,0.003164264647170729,0.0,0.3999999999999999,0.2732043448862875,0.07744297432051858,0.041255839467822075,0.20809684132537185
2025-11-26,0.004474381759472243,0.0,0.3999999999999999,0.2732043448862875,0.07744297432051858,0.041255839467822075,0.20809684132537185
2025-11-28,0.0017254387327052178,0.036727799583366805,0.4,0.29701269366589117,0.04285736257889135,0.03911365162608259,0.22101629212913493
2025-12-01,-0.0054008366678985,0.0,0.4,0.29701269366589117,0.04285736257889135,0.03911365162608259,0.22101629212913493
2025-12-02,4.692297302122996e-05,0.0,0.4,0.29701269366589117,0.04285736257889135,0.03911365162608259,0.22101629212913493
2025-12-03,0.0013400502067527093,0.0,0.4,0.29701269366589117,0.04285736257889135,0.03911365162608259,0.22101629212913493
2025-12-04,-0.0004037693690979663,0.0,0.4,0.29701269366589117,0.04285736257889135,0.03911365162608259,0.22101629212913493
2025-12-05,-0.0006190756915791042,0.017392056514218938,0.4,0.28766154072156336,0.06024941909311027,0.03875194687570168,0.2133370933096247
2025-12-08,-0.0027734608251721044,0.0,0.4,0.28766154072156336,0.06024941909311027,0.03875194687570168,0.2133370933096247
2025-12-09,0.0002159766791978639,0.0,0.4,0.28766154072156336,0.06024941909311027,0.03875194687570168,0.2133370933096247
2025-12-10,0.0032621192528623985,0.0,0.4,0.28766154072156336,0.06024941909311027,0.03875194687570168,0.2133370933096247
2025-12-11,-0.0002815849882497675,0.0,0.4,0.28766154072156336,0.06024941909311027,0.03875194687570168,0.2133370933096247
2025-12-12,-0.006489648397554929,0.016947341482921523,0.4,0.27737354866114494,0.07719676057603181,0.03840782782671193,0.20702186293611136
2025-12-15,-0.0010051968668212496,0.0,0.4,0.27737354866114494,0.07719676057603181,0.03840782782671193,0.20702186293611136
2025-12-16,-0.0007474400900133147,0.0,0.4,0.27737354866114494,0.07719676057603181,0.03840782782671193,0.20702186293611136
2025-12-17,-0.002495061015784706,0.0,0.4,0.27737354866114494,0.07719676057603181,0.03840782782671193,0.20702186293611136
2025-12-18,0.003909841750114202,0.0,0.4,0.27737354866114494,0.07719676057603181,0.03840782782671193,0.20702186293611136
2025-12-19,0.003864271933723627,0.020336779477604313,0.4,0.26669411778840835,0.09672666534715671,0.039214702533191335,0.19736451433124363
2025-12-22,0.00430408862115041,0.0,0.4,0.26669411778840835,0.09672666534715671,0.039214702533191335,0.19736451433124363
2025-12-23,0.003200802546612305,0.0,0.4,0.26669411778840835,0.09672666534715671,0.039214702533191335,0.19736451433124363
2025-12-24,0.0026400639680001416,0.0,0.4,0.26669411778840835,0.09672666534715671,0.039214702533191335,0.19736451433124363
2025-12-26,-0.0006040501000171546,0.0,0.4,0.26669411778840835,0.09672666534715671,0.039214702533191335,0.19736451433124363
2025-12-29,-0.004721184956398124,0.01718602597425559,0.3999999999999999,0.25677960398195815,0.11391269132141219,0.03793425710230998,0.1913734475943196
2025-12-30,-0.00045051300914424844,1.2836953722228372e-16,0.4,0.2567796039819582,0.11391269132141221,0.037934257102309986,0.19137344759431965
2025-12-31,-0.006203132873665311,1.2836953722228372e-16,0.3999999999999999,0.25677960398195815,0.11391269132141219,0.03793425710230998,0.1913734475943196
2026-01-02,0.001373153338611963,1.2836953722228372e-16,0.4,0.2567796039819582,0.11391269132141221,0.037934257102309986,0.19137344759431965
2026-01-05,0.007340908383495645,1.2836953722228372e-16,0.3999999999999999,0.25677960398195815,0.11391269132141219,0.03793425710230998,0.1913734475943196
2026-01-06,0.002970961411365331,0.014770127111753899,0.4,0.24721650290126268,0.1286828184331661,0.037421311260088214,0.18667936740548305
2026-01-07,-0.0011933612664492463,0.0,0.4,0.24721650290126268,0.1286828184331661,0.037421311260088214,0.18667936740548305
2026-01-08,0.001429464756343801,0.0,0.4,0.24721650290126268,0.1286828184331661,0.037421311260088214,0.18667936740548305
2026-01-09,0.005756909122369305,0.0,0.4,0.24721650290126268,0.1286828184331661,0.037421311260088214,0.18667936740548305
2026-01-12,0.0024248329312411623,0.0,0.4,0.24721650290126268,0.1286828184331661,0.037421311260088214,0.18667936740548305
2026-01-13,0.000844047628765201,0.018988732008726906,0.40000000000000013,0.23700056641185177,0.14633931332084293,0.038753548381138155,0.17790657188616704
2026-01-14,0.0003172162981966848,5.551115123125783e-17,0.4,0.23700056641185177,0.14633931332084293,0.038753548381138155,0.17790657188616704
2026-01-15,-5.1690929867156217e-08,0.0,0.4,0.23700056641185177,0.14633931332084293,0.038753548381138155,0.17790657188616704
2026-01-16,-0.0021256746046008886,0.0,0.4,0.23700056641185177,0.14633931332084293,0.038753548381138155,0.17790657188616704
2026-01-20,-0.007023327882491288,0.0,0.4,0.23700056641185177,0.14633931332084293,0.038753548381138155,0.17790657188616704
2026-01-21,0.009851287900253681,0.017229844126607118,0.4000000000000001,0.226805675722056,0.16356915744745004,0.03599797692348296,0.17362718990701093
2026-01-22,0.004528724121629887,0.001871504315327236,0.4,0.22607413185871597,0.16267370201590461,0.0378694812388102,0.17338268488656922
2026-01-23,0.002590359134250321,0.0,0.4,0.22607413185871597,0.16267370201590461,0.0378694812388102,0.17338268488656922
2026-01-26,0.004412531999805996,0.0,0.4,0.22607413185871597,0.16267370201590461,0.0378694812388102,0.17338268488656922
2026-01-27,0.0032935155052806653,0.0,0.4,0.22607413185871597,0.16267370201590461,0.0378694812388102,0.17338268488656922
2026-01-28,0.007956629727050276,0.018571094452458328,0.4000000000000001,0.2159556835141742,0.18062905993704925,0.03848521777012383,0.16493003877865264
2026-01-29,0.0007629838348686159,4.5102810375396984e-17,0.4000000000000001,0.21595568351417424,0.18062905993704928,0.038485217770123835,0.16493003877865267
2026-01-30,-0.019161496798102272,2.7755575615628914e-17,0.4,0.21595568351417424,0.18062905993704928,0.038485217770123835,0.16493003877865267
2026-02-02,-0.012711160732613996,0.3981019160128192,0.12798444308633145,0.1283545421851474,0.37244531797295977,1.7354168129455723e-17,0.3712156967555613
2026-02-03,0.021757493145511002,0.027810575414604653,0.14349853743930263,0.14065102324678094,0.36998861996949167,0.0,0.34586181934442484
2026-02-04,-0.0002640403476773293,0.01654067826656927,0.1525273554417908,0.1426335055712383,0.3755179979091154,4.029767483385972e-20,0.32932114107785554
2026-02-05,-0.009013090113375243,0.29080426495463724,0.4,0.18596512596766632,0.24544654904100238,0.0,0.1685883249913313
2026-02-06,0.013715036758136633,0.04512581022884736,0.4000000000000001,0.2029733216886304,0.20428084739678984,0.02811761450788325,0.1646282164066965
2026-02-09,0.006070618947648189,0.012438402602487634,0.4,0.2055887136099655,0.19627963882531493,0.037940625189035744,0.1601910223756838
2026-02-10,-0.0005625460724170053,0.0020716510927677144,0.4,0.20501525575865917,0.19551220195315655,0.04001227628180348,0.15946026600638083
2026-02-11,0.001768323192120483,0.009095977714155972,0.4000000000000001,0.1960225985918564,0.2015535104432556,0.03990895573445028,0.1625149352304377
2026-02-12,-0.011905059920385375,4.5102810375396984e-17,0.4000000000000001,0.19602259859185642,0.20155351044325562,0.03990895573445029,0.16251493523043772
2026-02-13,0.0063255484721101585,0.003024366629939254,0.4,0.19686064329648334,0.20258112772119363,0.03688458910451102,0.16367363987781197
2026-02-17,-0.005014430350480969,0.002970331424079601,0.4,0.1955506291178678,0.20141365759738217,0.03985492052859065,0.1631807927561594
2026-02-18,0.00876736724152688,0.0,0.4,0.1955506291178678,0.20141365759738217,0.03985492052859065,0.1631807927561594
2026-02-19,0.0008705671992927659,0.00990481352205112,0.4,0.18564581559581664,0.20614761705007148,0.04061266243336155,0.16759390492075027
2026-02-20,0.0061663439206222255,0.0,0.4,0.18564581559581664,0.20614761705007148,0.04061266243336155,0.16759390492075027
