date,gross,turnover,w_SPX,w_IEF,w_GLD,w_USO,w_UUP
2023-06-05,0.00012417876514468054,0.0911117846997103,0.2,0.2694675757198168,0.2,0.10888821530028968,0.22164420897989354
2023-06-06,0.001145276355932501,0.0,0.2,0.2694675757198168,0.2,0.10888821530028968,0.22164420897989354
2023-06-07,-0.003516311632028493,0.0,0.2,0.2694675757198168,0.2,0.10888821530028968,0.22164420897989354
2023-06-08,0.0017527987772396553,0.0,0.2,0.2694675757198168,0.2,0.10888821530028968,0.22164420897989354
2023-06-09,-0.0014909291090030082,0.0,0.2,0.2694675757198168,0.2,0.10888821530028968,0.22164420897989354
2023-06-12,-0.0025550723439236016,0.0,0.2,0.2694675757198168,0.2,0.10888821530028968,0.22164420897989354
2023-06-13,0.0006611960423198822,0.0,0.2,0.2694675757198168,0.2,0.10888821530028968,0.22164420897989354
2023-06-14,-0.0010021651292040242,0.0,0.2,0.2694675757198168,0.2,0.10888821530028968,0.22164420897989354
2023-06-15,0.007396478011615358,0.0,0.2,0.2694675757198168,0.2,0.10888821530028968,0.22164420897989354
2023-06-16,-0.00021317901045521523,0.0,0.2,0.2694675757198168,0.2,0.10888821530028968,0.22164420897989354
2023-06-20,-0.002325746005542759,0.0,0.2,0.2694675757198168,0.2,0.10888821530028968,0.22164420897989354
2023-06-21,-0.00022340166328429709,0.0,0.2,0.2694675757198168,0.2,0.10888821530028968,0.22164420897989354
2023-06-22,-0.00629632889646649,0.0,0.2,0.2694675757198168,0.2,0.10888821530028968,0.22164420897989354
2023-06-23,0.0011268678509832205,0.0,0.2,0.2694675757198168,0.2,0.10888821530028968,0.22164420897989354
2023-06-26,0.0004183236850704914,0.0,0.2,0.2694675757198168,0.2,0.10888821530028968,0.22164420897989354
2023-06-27,-0.0026450733911885724,0.0,0.2,0.2694675757198168,0.2,0.10888821530028968,0.22164420897989354
2023-06-28,0.0037117966986877715,0.0,0.2,0.2694675757198168,0.2,0.10888821530028968,0.22164420897989354
2023-06-29,-0.0004041407432007993,0.0,0.2,0.2694675757198168,0.2,0.10888821530028968,0.22164420897989354
2023-06-30,0.0044340287505352976,0.0,0.2,0.2694675757198168,0.2,0.10888821530028968,0.22164420897989354
2023-07-03,-0.0007534053804805082,0.0,0.2,0.2694675757198168,0.2,0.10888821530028968,0.22164420897989354
2023-07-05,0.0007250082707397111,0.0,0.2,0.2694675757198168,0.2,0.10888821530028968,0.22164420897989354
2023-07-06,-0.005262833233236237,0.0,0.2,0.2694675757198168,0.2,0.10888821530028968,0.22164420897989354
2023-07-07,0.0010597248665000798,0.0,0.2,0.2694675757198168,0.2,0.10888821530028968,0.22164420897989354
2023-07-10,0.000965287640085329,0.0,0.2,0.2694675757198168,0.2,0.10888821530028968,0.22164420897989354
2023-07-11,0.004554455274823465,0.0,0.2,0.2694675757198168,0.2,0.10888821530028968,0.22164420897989354
2023-07-12,0.005520997320593742,0.0,0.2,0.2694675757198168,0.2,0.10888821530028968,0.22164420897989354
2023-07-13,0.004479046451472897,0.0,0.2,0.2694675757198168,0.2,0.10888821530028968,0.22164420897989354
2023-07-14,-0.004362013937777756,0.0,0.2,0.2694675757198168,0.2,0.10888821530028968,0.22164420897989354
2023-07-17,-0.0003276899978815965,0.0,0.2,0.2694675757198168,0.2,0.10888821530028968,0.22164420897989354
2023-07-18,0.006397567490072999,0.0,0.2,0.2694675757198168,0.2,0.10888821530028968,0.22164420897989354
2023-07-19,0.0018685153436928754,0.0,0.2,0.2694675757198168,0.2,0.10888821530028968,0.22164420897989354
2023-07-20,-0.002662640196233565,0.0,0.2,0.2694675757198168,0.2,0.10888821530028968,0.22164420897989354
2023-07-21,0.0018033850943759964,0.0,0.2,0.2694675757198168,0.2,0.10888821530028968,0.22164420897989354
2023-07-24,0.0027455532256010417,0.0,0.2,0.2694675757198168,0.2,0.10888821530028968,0.22164420897989354
2023-07-25,0.0016525464153547783,0.0,0.2,0.2694675757198168,0.2,0.10888821530028968,0.22164420897989354
2023-07-26,0.0004655578971891378,0.0,0.2,0.2694675757198168,0.2,0.10888821530028968,0.22164420897989354
2023-07-27,-0.004176533271753322,0.0,0.2,0.2694675757198168,0.2,0.10888821530028968,0.22164420897989354
2023-07-28,0.005117893928801688,0.0,0.2,0.2694675757198168,0.2,0.10888821530028968,0.22164420897989354
2023-07-31,0.0031818786549102224,0.0,0.2,0.2694675757198168,0.2,0.10888821530028968,0.22164420897989354
2023-08-01,-0.003490820719497385,0.0,0.2,0.2694675757198168,0.2,0.10888821530028968,0.22164420897989354
2023-08-02,-0.005733540201060254,0.0,0.2,0.2694675757198168,0.2,0.10888821530028968,0.22164420897989354
2023-08-03,-0.0002313191817464571,0.0,0.2,0.2694675757198168,0.2,0.10888821530028968,0.22164420897989354
2023-08-04,0.002379191463263131,0.0,0.2,0.2694675757198168,0.2,0.10888821530028968,0.22164420897989354
2023-08-07,0.0008892708893644346,0.0,0.2,0.2694675757198168,0.2,0.10888821530028968,0.22164420897989354
2023-08-08,0.0006118490368117839,0.0,0.2,0.2694675757198168,0.2,0.10888821530028968,0.22164420897989354
2023-08-09,-0.000522758313102242,0.0,0.2,0.2694675757198168,0.2,0.10888821530028968,0.22164420897989354
2023-08-10,-0.003158316689652582,0.0,0.2,0.2694675757198168,0.2,0.10888821530028968,0.22164420897989354
2023-08-11,-0.0011022236250468685,0.0,0.2,0.2694675757198168,0.2,0.10888821530028968,0.22164420897989354
2023-08-14,0.0002353366622425267,0.0,0.2,0.2694675757198168,0.2,0.10888821530028968,0.22164420897989354
2023-08-15,-0.005064471096785996,0.0,0.2,0.2694675757198168,0.2,0.10888821530028968,0.22164420897989354
2023-08-16,-0.0049847287909412594,0.0,0.2,0.2694675757198168,0.2,0.10888821530028968,0.22164420897989354
2023-08-17,-0.0013530054148684812,0.0,0.2,0.2694675757198168,0.2,0.10888821530028968,0.22164420897989354
2023-08-18,0.0021843284485024363,0.0,0.2,0.2694675757198168,0.2,0.10888821530028968,0.22164420897989354
2023-08-21,-0.0003028329108271219,0.0,0.2,0.2694675757198168,0.2,0.10888821530028968,0.22164420897989354
2023-08-22,0.00020799901530865186,0.0,0.2,0.2694675757198168,0.2,0.10888821530028968,0.22164420897989354
2023-08-23,0.004963676867233009,0.0,0.2,0.2694675757198168,0.2,0.10888821530028968,0.22164420897989354
2023-08-24,-0.0019163582450603938,0.0,0.2,0.2694675757198168,0.2,0.10888821530028968,0.22164420897989354
2023-08-25,0.002874208846460717,0.0,0.2,0.2694675757198168,0.2,0.10888821530028968,0.22164420897989354
2023-08-28,0.0021267854745553867,0.0,0.2,0.2694675757198168,0.2,0.10888821530028968,0.22164420897989354
2023-08-29,0.006871769120524304,0.0,0.2,0.2694675757198168,0.2,0.10888821530028968,0.22164420897989354
2023-08-30,0.0013550729142643822,0.0,0.2,0.2694675757198168,0.2,0.10888821530028968,0.22164420897989354
2023-08-31,0.0030147927917819686,0.0,0.2,0.2694675757198168,0.2,0.10888821530028968,0.22164420897989354
2023-09-01,0.0028494068620409847,0.0,0.2,0.2694675757198168,0.2,0.10888821530028968,0.22164420897989354
2023-09-05,-0.0017957202473854869,0.0,0.2,0.2694675757198168,0.2,0.10888821530028968,0.22164420897989354
2023-09-06,-0.0018664487226265803,0.0,0.2,0.2694675757198168,0.2,0.10888821530028968,0.22164420897989354
2023-09-07,0.00023106227821469128,0.0,0.2,0.2694675757198168,0.2,0.10888821530028968,0.22164420897989354
2023-09-08,0.001124832008245465,0.0,0.2,0.2694675757198168,0.2,0.10888821530028968,0.22164420897989354
2023-09-11,0.0002858495261457493,0.0,0.2,0.2694675757198168,0.2,0.10888821530028968,0.22164420897989354
2023-09-12,0.0004102868399747956,0.0,0.2,0.2694675757198168,0.2,0.10888821530028968,0.22164420897989354
2023-09-13,0.00022674582547870878,0.0,0.2,0.2694675757198168,0.2,0.10888821530028968,0.22164420897989354
2023-09-14,0.004484850349034043,0.0,0.2,0.2694675757198168,0.2,0.10888821530028968,0.22164420897989354
2023-09-15,-0.0018912703566132533,0.0,0.2,0.2694675757198168,0.2,0.10888821530028968,0.22164420897989354
2023-09-18,0.001415764590793847,0.0,0.2,0.2694675757198168,0.2,0.10888821530028968,0.22164420897989354
2023-09-19,-0.0013876078484025057,0.0,0.2,0.2694675757198168,0.2,0.10888821530028968,0.22164420897989354
2023-09-20,-0.0034016736834581625,0.0,0.2,0.2694675757198168,0.2,0.10888821530028968,0.22164420897989354
2023-09-21,-0.0062572678042715464,0.0,0.2,0.2694675757198168,0.2,0.10888821530028968,0.22164420897989354
2023-09-22,0.0020545853834871373,0.0,0.2,0.2694675757198168,0.2,0.10888821530028968,0.22164420897989354
2023-09-25,-0.0017198409001887695,0.0,0.2,0.2694675757198168,0.2,0.10888821530028968,0.22164420897989354
2023-09-26,-0.003327839237463639,0.0,0.2,0.2694675757198168,0.2,0.10888821530028968,0.22164420897989354
2023-09-27,7.741043459531978e-05,0.0,0.2,0.2694675757198168,0.2,0.10888821530028968,0.22164420897989354
2023-09-28,-0.0020417038022224414,0.0,0.2,0.2694675757198168,0.2,0.10888821530028968,0.22164420897989354
2023-09-29,-0.003352335812098672,0.0,0.2,0.2694675757198168,0.2,0.10888821530028968,0.22164420897989354
2023-10-02,-0.0045793115582432415,0.0,0.2,0.2694675757198168,0.2,0.10888821530028968,0.22164420897989354
2023-10-03,-0.004626089761918159,0.0,0.2,0.2694675757198168,0.2,0.10888821530028968,0.22164420897989354
2023-10-04,-0.0034495104765538357,0.0,0.2,0.2694675757198168,0.2,0.10888821530028968,0.22164420897989354
2023-10-05,-0.0031938292789516903,0.0,0.2,0.2694675757198168,0.2,0.10888821530028968,0.22164420897989354
2023-10-06,0.0015992558799048176,0.0,0.2,0.2694675757198168,0.2,0.10888821530028968,0.22164420897989354
2023-10-09,0.012520503469503046,0.0,0.2,0.2694675757198168,0.2,0.10888821530028968,0.22164420897989354
2023-10-10,-0.0009463353222356268,0.0,0.2,0.2694675757198168,0.2,0.10888821530028968,0.22164420897989354
2023-10-11,0.0023016529857244304,0.0,0.2,0.2694675757198168,0.2,0.10888821530028968,0.22164420897989354
2023-10-12,-0.0029670550680380736,0.0,0.2,0.2694675757198168,0.2,0.10888821530028968,0.22164420897989354
2023-10-13,0.012224705194194128,0.0,0.2,0.2694675757198168,0.2,0.10888821530028968,0.22164420897989354
2023-10-16,-0.0021972914104844607,0.01983723033942513,0.20000000000000004,0.26946757571981683,0.20000000000000004,0.08905098496086458,0.2414814393193186
2023-10-17,-0.001760849747357418,1.1796119636642288e-16,0.19999999999999998,0.2694675757198168,0.19999999999999998,0.08905098496086457,0.24148143931931854
2023-10-18,0.0009692180293635466,7.632783294297951e-17,0.2,0.26946757571981683,0.2,0.08905098496086458,0.24148143931931856
2023-10-19,0.0007079624341394021,0.0,0.2,0.26946757571981683,0.2,0.08905098496086458,0.24148143931931856
2023-10-20,-0.0014108711714170975,0.0,0.2,0.26946757571981683,0.2,0.08905098496086458,0.24148143931931856
2023-10-23,-0.0029889458096747567,0.0,0.2,0.26946757571981683,0.2,0.08905098496086458,0.24148143931931856
2023-10-24,0.0010436988216160348,0.0,0.2,0.26946757571981683,0.2,0.08905098496086458,0.24148143931931856
2023-10-25,-0.002023420103953501,0.0,0.2,0.26946757571981683,0.2,0.08905098496086458,0.24148143931931856
2023-10-26,-0.0012561812947201726,0.0,0.2,0.26946757571981683,0.2,0.08905098496086458,0.24148143931931856
2023-10-27,0.00313357107502254,0.0,0.2,0.26946757571981683,0.2,0.08905098496086458,0.24148143931931856
2023-10-30,-0.0026780505299951857,0.023073545715270496,0.2,0.26946757571981683,0.2,0.0659774392455941,0.2645549850345891
2023-10-31,0.0005034432609710169,0.009515871953396069,0.2,0.26946757571981683,0.2,0.056461567292198055,0.27407085698798517
2023-11-01,0.004432660519528118,0.0,0.2,0.26946757571981683,0.2,0.056461567292198055,0.27407085698798517
2023-11-02,0.005762880584474492,0.0,0.2,0.26946757571981683,0.2,0.056461567292198055,0.27407085698798517
2023-11-03,0.001089019512303783,0.0,0.2,0.26946757571981683,0.2,0.056461567292198055,0.27407085698798517
2023-11-06,-0.0024546050081637695,0.0,0.2,0.26946757571981683,0.2,0.056461567292198055,0.27407085698798517
2023-11-07,-0.00020092401322557081,0.0,0.2,0.26946757571981683,0.2,0.056461567292198055,0.27407085698798517
2023-11-08,-0.0020891957746586387,0.0,0.2,0.26946757571981683,0.2,0.056461567292198055,0.27407085698798517
2023-11-09,-0.0022632768613576265,0.0,0.2,0.26946757571981683,0.2,0.056461567292198055,0.27407085698798517
2023-11-10,0.002241731969445192,0.0,0.2,0.26946757571981683,0.2,0.056461567292198055,0.27407085698798517
2023-11-13,0.0013100526312671379,0.0,0.2,0.26946757571981683,0.2,0.056461567292198055,0.27407085698798517
2023-11-14,0.005040524007238739,0.0,0.2,0.26946757571981683,0.2,0.056461567292198055,0.27407085698798517
2023-11-15,-0.002346928381579589,0.0,0.2,0.26946757571981683,0.2,0.056461567292198055,0.27407085698798517
2023-11-16,0.0020211727101417535,0.0,0.2,0.26946757571981683,0.2,0.056461567292198055,0.27407085698798517
2023-11-17,0.0011135434643457307,0.0,0.2,0.26946757571981683,0.2,0.056461567292198055,0.27407085698798517
2023-11-20,0.0019045438007806834,0.0,0.2,0.26946757571981683,0.2,0.056461567292198055,0.27407085698798517
2023-11-21,0.0025528416416920937,0.0,0.2,0.26946757571981683,0.2,0.056461567292198055,0.27407085698798517
2023-11-22,8.412830422727509e-05,0.0,0.2,0.26946757571981683,0.2,0.056461567292198055,0.27407085698798517
2023-11-24,-0.0020847499352375154,0.0,0.2,0.26946757571981683,0.2,0.056461567292198055,0.27407085698798517
2023-11-27,0.0017351470244732128,0.0,0.2,0.26946757571981683,0.2,0.056461567292198055,0.27407085698798517
2023-11-28,0.004128050640647796,0.0,0.2,0.26946757571981683,0.2,0.056461567292198055,0.27407085698798517
2023-11-29,0.0027892682836340005,0.0,0.2,0.26946757571981683,0.2,0.056461567292198055,0.27407085698798517
2023-11-30,-0.0013156378272885885,0.0,0.2,0.26946757571981683,0.2,0.056461567292198055,0.27407085698798517
2023-12-01,0.0055540024067484185,0.0,0.2,0.26946757571981683,0.2,0.056461567292198055,0.27407085698798517
2023-12-04,-0.00598852326596757,0.0,0.2,0.26946757571981683,0.2,0.056461567292198055,0.27407085698798517
2023-12-05,0.0013085756571284894,0.0,0.2,0.26946757571981683,0.2,0.056461567292198055,0.27407085698798517
2023-12-06,-0.0006904676388307666,0.0,0.2,0.26946757571981683,0.2,0.056461567292198055,0.27407085698798517
2023-12-07,0.00033271681975320763,0.0,0.2,0.26946757571981683,0.2,0.056461567292198055,0.27407085698798517
2023-12-08,-0.0013691659369821328,0.0,0.2,0.26946757571981683,0.2,0.056461567292198055,0.27407085698798517
2023-12-11,-0.0008082336013050808,0.0,0.2,0.26946757571981683,0.2,0.056461567292198055,0.27407085698798517
2023-12-12,-0.0015599993686085333,0.0,0.2,0.26946757571981683,0.2,0.056461567292198055,0.27407085698798517
2023-12-13,0.009753320687389976,0.0,0.2,0.26946757571981683,0.2,0.056461567292198055,0.27407085698798517
2023-12-14,0.002939670487752996,0.0,0.2,0.26946757571981683,0.2,0.056461567292198055,0.27407085698798517
2023-12-15,-0.00029395425169645396,0.0,0.2,0.26946757571981683,0.2,0.056461567292198055,0.27407085698798517
2023-12-18,0.0019652730481715852,0.0,0.2,0.26946757571981683,0.2,0.056461567292198055,0.27407085698798517
2023-12-19,0.0028717988551389215,0.0,0.2,0.26946757571981683,0.2,0.056461567292198055,0.27407085698798517
2023-12-20,-0.001994493513723642,0.0,0.2,0.26946757571981683,0.2,0.056461567292198055,0.27407085698798517
2023-12-21,0.0014256208713235574,0.0,0.2,0.26946757571981683,0.2,0.056461567292198055,0.27407085698798517
2023-12-22,0.0005848669862850704,0.0,0.2,0.26946757571981683,0.2,0.056461567292198055,0.27407085698798517
2023-12-26,0.0031604260835441924,0.0,0.2,0.26946757571981683,0.2,0.056461567292198055,0.27407085698798517
2023-12-27,0.0008159473420108374,0.0,0.2,0.26946757571981683,0.2,0.056461567292198055,0.27407085698798517
2023-12-28,-0.0026523245290914505,0.0,0.2,0.26946757571981683,0.2,0.056461567292198055,0.27407085698798517
2023-12-29,-0.0014906820892278145,0.0,0.2,0.26946757571981683,0.2,0.056461567292198055,0.27407085698798517
2024-01-02,-0.0010483664600224726,0.0,0.2,0.26946757571981683,0.2,0.056461567292198055,0.27407085698798517
2024-01-03,0.0003021760281021863,0.0,0.2,0.26946757571981683,0.2,0.056461567292198055,0.27407085698798517
2024-01-04,-0.002630265781401618,0.0,0.2,0.26946757571981683,0.2,0.056461567292198055,0.27407085698798517
2024-01-05,0.0006158671310223906,0.0,0.2,0.26946757571981683,0.2,0.056461567292198055,0.27407085698798517
2024-01-08,-0.0005567242719315259,0.0,0.2,0.26946757571981683,0.2,0.056461567292198055,0.27407085698798517
2024-01-09,0.0013909765951759599,0.0,0.2,0.26946757571981683,0.2,0.056461567292198055,0.27407085698798517
2024-01-10,-0.000950552166210538,0.0,0.2,0.26946757571981683,0.2,0.056461567292198055,0.27407085698798517
2024-01-11,0.0028129860221953176,0.0,0.2,0.26946757571981683,0.2,0.056461567292198055,0.27407085698798517
2024-01-12,0.0034360538330240283,0.0,0.2,0.26946757571981683,0.2,0.056461567292198055,0.27407085698798517
2024-01-16,-0.0031044186666648317,0.0,0.2,0.26946757571981683,0.2,0.056461567292198055,0.27407085698798517
2024-01-17,-0.0034443673945740868,0.0,0.2,0.26946757571981683,0.2,0.056461567292198055,0.27407085698798517
2024-01-18,0.004017557899151956,0.0,0.2,0.26946757571981683,0.2,0.056461567292198055,0.27407085698798517
2024-01-19,0.0024808317821840443,0.0,0.2,0.26946757571981683,0.2,0.056461567292198055,0.27407085698798517
2024-01-22,0.0013114040485812588,0.0,0.2,0.26946757571981683,0.2,0.056461567292198055,0.27407085698798517
2024-01-23,0.001348927984161057,0.0,0.2,0.26946757571981683,0.2,0.056461567292198055,0.27407085698798517
2024-01-24,-0.002342492598720798,0.0,0.2,0.26946757571981683,0.2,0.056461567292198055,0.27407085698798517
2024-01-25,0.005132762828378205,0.0,0.2,0.26946757571981683,0.2,0.056461567292198055,0.27407085698798517
2024-01-26,-7.536834555548337e-05,0.0,0.2,0.26946757571981683,0.2,0.056461567292198055,0.27407085698798517
2024-01-29,0.0037082067019314495,0.0,0.2,0.26946757571981683,0.2,0.056461567292198055,0.27407085698798517
2024-01-30,0.0009172887518891559,0.0,0.2,0.26946757571981683,0.2,0.056461567292198055,0.27407085698798517
2024-01-31,-0.0019465004111988294,0.0,0.2,0.26946757571981683,0.2,0.056461567292198055,0.27407085698798517
2024-02-01,0.003341974200040271,0.0,0.2,0.26946757571981683,0.2,0.056461567292198055,0.27407085698798517
2024-02-02,-0.002130431955636433,0.0,0.2,0.26946757571981683,0.2,0.056461567292198055,0.27407085698798517
2024-02-05,-0.0023544261149406453,0.0,0.2,0.26946757571981683,0.2,0.056461567292198055,0.27407085698798517
2024-02-06,0.002689711677464929,0.0,0.2,0.26946757571981683,0.2,0.056461567292198055,0.27407085698798517
2024-02-07,0.0013113202680667163,0.0,0.2,0.26946757571981683,0.2,0.056461567292198055,0.27407085698798517
2024-02-08,0.0010289035240039334,0.0,0.2,0.26946757571981683,0.2,0.056461567292198055,0.27407085698798517
2024-02-09,-0.00019344904893300267,0.0,0.2,0.26946757571981683,0.2,0.056461567292198055,0.27407085698798517
2024-02-12,0.00018287834316790548,0.0,0.2,0.26946757571981683,0.2,0.056461567292198055,0.27407085698798517
2024-02-13,-0.005945411463057644,0.0,0.2,0.26946757571981683,0.2,0.056461567292198055,0.27407085698798517
2024-02-14,0.0014467761252337015,0.0,0.2,0.26946757571981683,0.2,0.056461567292198055,0.27407085698798517
2024-02-15,0.0031836602289740208,0.0,0.2,0.26946757571981683,0.2,0.056461567292198055,0.27407085698798517
2024-02-16,-0.000870132518081647,0.0,0.2,0.26946757571981683,0.2,0.056461567292198055,0.27407085698798517
2024-02-20,-0.0006930932319129905,0.0,0.2,0.26946757571981683,0.2,0.056461567292198055,0.27407085698798517
2024-02-21,-0.0002874510652829264,0.0,0.2,0.26946757571981683,0.2,0.056461567292198055,0.27407085698798517
2024-02-22,0.004602428689980015,0.0,0.2,0.26946757571981683,0.2,0.056461567292198055,0.27407085698798517
2024-02-23,0.0013235400431487632,0.0,0.2,0.26946757571981683,0.2,0.056461567292198055,0.27407085698798517
2024-02-26,-0.0014163379775009289,0.0,0.2,0.26946757571981683,0.2,0.056461567292198055,0.27407085698798517
2024-02-27,0.0005369502982638133,0.0,0.2,0.26946757571981683,0.2,0.056461567292198055,0.27407085698798517
2024-02-28,0.0010252198254770174,0.0,0.2,0.26946757571981683,0.2,0.056461567292198055,0.27407085698798517
2024-02-29,0.0030007474909879038,0.0,0.2,0.26946757571981683,0.2,0.056461567292198055,0.27407085698798517
2024-03-01,0.007299301468580046,0.0,0.2,0.26946757571981683,0.2,0.056461567292198055,0.27407085698798517
2024-03-04,0.0016500978402123703,0.0,0.2,0.26946757571981683,0.2,0.056461567292198055,0.27407085698798517
2024-03-05,8.333236930554142e-05,0.0,0.2,0.26946757571981683,0.2,0.056461567292198055,0.27407085698798517
2024-03-06,0.003014862093333206,0.0,0.2,0.26946757571981683,0.2,0.056461567292198055,0.27407085698798517
2024-03-07,0.0021755065978312296,0.0,0.2,0.26946757571981683,0.2,0.056461567292198055,0.27407085698798517
2024-03-08,4.59873767905155e-06,0.0,0.2,0.26946757571981683,0.2,0.056461567292198055,0.27407085698798517
2024-03-11,0.0002978988777664047,0.0,0.2,0.26946757571981683,0.2,0.056461567292198055,0.27407085698798517
2024-03-12,-0.0010900389254730385,0.0,0.2,0.26946757571981683,0.2,0.056461567292198055,0.27407085698798517
2024-03-13,0.0014414461867202305,0.0,0.2,0.26946757571981683,0.2,0.056461567292198055,0.27407085698798517
2024-03-14,-0.0010376977117261467,0.0,0.2,0.26946757571981683,0.2,0.056461567292198055,0.27407085698798517
2024-03-15,-0.002084516302497079,0.0,0.2,0.26946757571981683,0.2,0.056461567292198055,0.27407085698798517
2024-03-18,0.0030578114408528236,0.0,0.2,0.26946757571981683,0.2,0.056461567292198055,0.27407085698798517
2024-03-19,0.00268140063447525,0.0,0.2,0.26946757571981683,0.2,0.056461567292198055,0.27407085698798517
2024-03-20,0.0026461108989890604,0.0,0.2,0.26946757571981683,0.2,0.056461567292198055,0.27407085698798517
2024-03-21,0.002006703289163514,0.0,0.2,0.26946757571981683,0.2,0.056461567292198055,0.27407085698798517
2024-03-22,0.0007760839631800846,0.0,0.2,0.26946757571981683,0.2,0.056461567292198055,0.27407085698798517
2024-03-25,-0.0005764166777500414,0.0,0.2,0.26946757571981683,0.2,0.056461567292198055,0.27407085698798517
2024-03-26,0.00033665747879954436,0.0,0.2,0.26946757571981683,0.2,0.056461567292198055,0.27407085698798517
2024-03-27,0.004541668862383693,0.0,0.2,0.26946757571981683,0.2,0.056461567292198055,0.27407085698798517
2024-03-28,0.00418631228904562,0.0,0.2,0.26946757571981683,0.2,0.056461567292198055,0.27407085698798517
2024-04-01,0.0009096231960282139,0.0,0.2,0.26946757571981683,0.2,0.056461567292198055,0.27407085698798517
2024-04-02,0.001305906998322336,0.0,0.2,0.26946757571981683,0.2,0.056461567292198055,0.27407085698798517
2024-04-03,0.0013472772884249688,0.0,0.2,0.26946757571981683,0.2,0.056461567292198055,0.27407085698798517
2024-04-04,-0.0020067741753782074,0.0,0.2,0.26946757571981683,0.2,0.056461567292198055,0.27407085698798517
2024-04-05,0.004193181168836815,0.0,0.2,0.26946757571981683,0.2,0.056461567292198055,0.27407085698798517
2024-04-08,3.425223731597874e-05,0.0,0.2,0.26946757571981683,0.2,0.056461567292198055,0.27407085698798517
2024-04-09,0.0016332991949464313,0.0,0.2,0.26946757571981683,0.2,0.056461567292198055,0.27407085698798517
2024-04-10,-0.0038662364444534475,0.0,0.2,0.26946757571981683,0.2,0.056461567292198055,0.27407085698798517
2024-04-11,0.004771109796695753,0.0,0.2,0.26946757571981683,0.2,0.056461567292198055,0.27407085698798517
2024-04-12,-0.00230489298336058,0.0,0.2,0.26946757571981683,0.2,0.056461567292198055,0.27407085698798517
2024-04-15,0.00012033736391302134,0.0,0.2,0.26946757571981683,0.2,0.056461567292198055,0.27407085698798517
2024-04-16,-0.0010697419034669331,0.0,0.2,0.26946757571981683,0.2,0.056461567292198055,0.27407085698798517
2024-04-17,-0.0034926949941104456,0.0,0.2,0.26946757571981683,0.2,0.056461567292198055,0.27407085698798517
2024-04-18,-0.0002231679381445422,0.0,0.2,0.26946757571981683,0.2,0.056461567292198055,0.27407085698798517
2024-04-19,-0.0007313068760924893,0.0,0.2,0.26946757571981683,0.2,0.056461567292198055,0.27407085698798517
2024-04-22,-0.0031898680117327573,0.0,0.2,0.26946757571981683,0.2,0.056461567292198055,0.27407085698798517
2024-04-23,0.0019521844112260329,0.0,0.2,0.26946757571981683,0.2,0.056461567292198055,0.27407085698798517
2024-04-24,-0.001107440197855458,0.0,0.2,0.26946757571981683,0.2,0.056461567292198055,0.27407085698798517
2024-04-25,-0.000766768656114803,0.0,0.2,0.26946757571981683,0.2,0.056461567292198055,0.27407085698798517
2024-04-26,0.004617110341275805,0.0,0.2,0.26946757571981683,0.2,0.056461567292198055,0.27407085698798517
2024-04-29,-0.00016809118930626672,0.0,0.2,0.26946757571981683,0.2,0.056461567292198055,0.27407085698798517
2024-04-30,-0.007556667517592381,0.0,0.2,0.26946757571981683,0.2,0.056461567292198055,0.27407085698798517
2024-05-01,0.00010414951835487009,0.0,0.2,0.26946757571981683,0.2,0.056461567292198055,0.27407085698798517
2024-05-02,0.0003714303403300819,0.0,0.2,0.26946757571981683,0.2,0.056461567292198055,0.27407085698798517
2024-05-03,0.0024642931669394334,0.0,0.2,0.26946757571981683,0.2,0.056461567292198055,0.27407085698798517
2024-05-06,0.005064143190196079,0.0,0.2,0.26946757571981683,0.2,0.056461567292198055,0.27407085698798517
2024-05-07,0.0006881197159574328,0.0,0.2,0.26946757571981683,0.2,0.056461567292198055,0.27407085698798517
2024-05-08,-0.0005111043984433181,0.0,0.2,0.26946757571981683,0.2,0.056461567292198055,0.27407085698798517
2024-05-09,0.004311015101505794,0.0,0.2,0.26946757571981683,0.2,0.056461567292198055,0.27407085698798517
2024-05-10,0.0005472433396451748,0.0,0.2,0.26946757571981683,0.2,0.056461567292198055,0.27407085698798517
2024-05-13,-0.001457482457622276,0.0,0.2,0.26946757571981683,0.2,0.056461567292198055,0.27407085698798517
2024-05-14,0.002175604986718649,0.0,0.2,0.26946757571981683,0.2,0.056461567292198055,0.27407085698798517
2024-05-15,0.00567881303183679,0.0,0.2,0.26946757571981683,0.2,0.056461567292198055,0.27407085698798517
2024-05-16,-0.0007686038021683302,0.0,0.2,0.26946757571981683,0.2,0.056461567292198055,0.27407085698798517
2024-05-17,0.0031981070183790573,0.0,0.2,0.26946757571981683,0.2,0.056461567292198055,0.27407085698798517
2024-05-20,0.0007881641483804822,0.0,0.2,0.26946757571981683,0.2,0.056461567292198055,0.27407085698798517
2024-05-21,0.0004793931426040353,0.0,0.2,0.26946757571981683,0.2,0.056461567292198055,0.27407085698798517
2024-05-22,-0.004701537543872312,0.0,0.2,0.26946757571981683,0.2,0.056461567292198055,0.27407085698798517
2024-05-23,-0.006212812377912866,0.0,0.2,0.26946757571981683,0.2,0.056461567292198055,0.27407085698798517
2024-05-24,0.0017481951232770029,0.0,0.2,0.26946757571981683,0.2,0.056461567292198055,0.27407085698798517
2024-05-28,0.001950655152290803,0.0,0.2,0.26946757571981683,0.2,0.056461567292198055,0.27407085698798517
2024-05-29,-0.003934632276447735,0.0,0.2,0.26946757571981683,0.2,0.056461567292198055,0.27407085698798517
2024-05-30,-0.0011048163751731495,0.0,0.2,0.26946757571981683,0.2,0.056461567292198055,0.27407085698798517
2024-05-31,0.0009500076271167599,0.0,0.2,0.26946757571981683,0.2,0.056461567292198055,0.27407085698798517
2024-06-03,1.7498962996397374e-05,0.0,0.2,0.26946757571981683,0.2,0.056461567292198055,0.27407085698798517
2024-06-04,-0.0005201444882711557,0.0,0.2,0.26946757571981683,0.2,0.056461567292198055,0.27407085698798517
2024-06-05,0.006703251223914691,0.0,0.2,0.26946757571981683,0.2,0.056461567292198055,0.27407085698798517
2024-06-06,0.002000083056140176,0.0,0.2,0.26946757571981683,0.2,0.056461567292198055,0.27407085698798517
2024-06-07,-0.008234562757744913,0.0,0.2,0.26946757571981683,0.2,0.056461567292198055,0.27407085698798517
2024-06-10,0.004282246185965439,0.0,0.2,0.26946757571981683,0.2,0.056461567292198055,0.27407085698798517
2024-06-11,0.0029488797906838202,0.0,0.2,0.26946757571981683,0.2,0.056461567292198055,0.27407085698798517
2024-06-12,0.002837717395877134,0.0,0.2,0.26946757571981683,0.2,0.056461567292198055,0.27407085698798517
2024-06-13,0.0014756701817811525,0.0,0.2,0.26946757571981683,0.2,0.056461567292198055,0.27407085698798517
2024-06-14,0.0046085684408826025,0.0,0.2,0.26946757571981683,0.2,0.056461567292198055,0.27407085698798517
2024-06-17,-0.00017776801910471084,0.0,0.2,0.26946757571981683,0.2,0.056461567292198055,0.27407085698798517
2024-06-18,0.0030145174152914978,0.0,0.2,0.26946757571981683,0.2,0.056461567292198055,0.27407085698798517
2024-06-20,0.002954796292749653,0.0,0.2,0.26946757571981683,0.2,0.056461567292198055,0.27407085698798517
2024-06-21,-0.0032613878792326044,0.0,0.2,0.26946757571981683,0.2,0.056461567292198055,0.27407085698798517
2024-06-24,0.0002097295458270897,0.0,0.2,0.26946757571981683,0.2,0.056461567292198055,0.27407085698798517
2024-06-25,-0.00026776800957701294,0.0,0.2,0.26946757571981683,0.2,0.056461567292198055,0.27407085698798517
2024-06-26,-0.0019589278901396443,0.0,0.2,0.26946757571981683,0.2,0.056461567292198055,0.27407085698798517
2024-06-27,0.003494327719211921,0.0,0.2,0.26946757571981683,0.2,0.056461567292198055,0.27407085698798517
2024-06-28,-0.0024683566406867702,0.0,0.2,0.26946757571981683,0.2,0.056461567292198055,0.27407085698798517
2024-07-01,0.0005020214652389101,0.0,0.2,0.26946757571981683,0.2,0.056461567292198055,0.27407085698798517
2024-07-02,0.0015667256579301849,0.0,0.2,0.26946757571981683,0.2,0.056461567292198055,0.27407085698798517
2024-07-03,0.0040251818232244704,0.0,0.2,0.26946757571981683,0.2,0.056461567292198055,0.27407085698798517
2024-07-05,0.004338830452113137,0.0,0.2,0.26946757571981683,0.2,0.056461567292198055,0.27407085698798517
2024-07-08,-0.0023542071432559,0.0,0.2,0.26946757571981683,0.2,0.056461567292198055,0.27407085698798517
2024-07-09,3.528818891333481e-05,0.0,0.2,0.26946757571981683,0.2,0.056461567292198055,0.27407085698798517
2024-07-10,0.0032361440763749773,0.0,0.2,0.26946757571981683,0.2,0.056461567292198055,0.27407085698798517
2024-07-11,0.0023646047179382724,0.0,0.2,0.26946757571981683,0.2,0.056461567292198055,0.27407085698798517
2024-07-12,0.00010618190778869697,0.0,0.2,0.26946757571981683,0.2,0.056461567292198055,0.27407085698798517
2024-07-15,0.0007416652176397065,0.0,0.2,0.26946757571981683,0.2,0.056461567292198055,0.27407085698798517
2024-07-16,0.005660876142033819,0.0,0.2,0.26946757571981683,0.2,0.056461567292198055,0.27407085698798517
2024-07-17,-0.003648482761949924,0.0,0.2,0.26946757571981683,0.2,0.056461567292198055,0.27407085698798517
2024-07-18,-0.0028795030008223563,0.0,0.2,0.26946757571981683,0.2,0.056461567292198055,0.27407085698798517
2024-07-19,-0.006503620134331244,0.0,0.2,0.26946757571981683,0.2,0.056461567292198055,0.27407085698798517
2024-07-22,0.0014874116591255075,0.0,0.2,0.26946757571981683,0.2,0.056461567292198055,0.27407085698798517
2024-07-23,0.0003330109748433401,0.0,0.2,0.26946757571981683,0.2,0.056461567292198055,0.27407085698798517
2024-07-24,-0.005940628361302557,0.0,0.2,0.26946757571981683,0.2,0.056461567292198055,0.27407085698798517
2024-07-25,-0.003109969951086567,0.0,0.2,0.26946757571981683,0.2,0.056461567292198055,0.27407085698798517
2024-07-26,0.004398256279062307,0.0,0.2,0.26946757571981683,0.2,0.056461567292198055,0.27407085698798517
2024-07-29,0.00040792901744876164,0.0,0.2,0.26946757571981683,0.2,0.056461567292198055,0.27407085698798517
2024-07-30,0.0011971004530342986,0.0,0.2,0.26946757571981683,0.2,0.056461567292198055,0.27407085698798517
2024-07-31,0.009607723459249205,0.0,0.2,0.26946757571981683,0.2,0.056461567292198055,0.27407085698798517
2024-08-01,-0.0024108760900658985,0.0,0.2,0.26946757571981683,0.2,0.056461567292198055,0.27407085698798517
2024-08-02,-0.0049058586143956185,0.0,0.2,0.26946757571981683,0.2,0.056461567292198055,0.27407085698798517
2024-08-05,-0.010034393214990403,0.0,0.2,0.26946757571981683,0.2,0.056461567292198055,0.27407085698798517
2024-08-06,-0.0027456109195464727,0.11817069636947221,0.13829087092272585,0.34998229086740335,0.2376559812218857,1.270389639140207e-18,0.27407085698798517
2024-08-07,-0.0019253095538756277,0.0,0.13829087092272585,0.34998229086740335,0.2376559812218857,1.270389639140207e-18,0.27407085698798517
2024-08-08,0.006180812296902475,0.0,0.13829087092272585,0.34998229086740335,0.2376559812218857,1.270389639140207e-18,0.27407085698798517
2024-08-09,0.0023546125918469723,0.0,0.13829087092272585,0.34998229086740335,0.2376559812218857,1.270389639140207e-18,0.27407085698798517
2024-08-12,0.005022168855069713,0.0,0.13829087092272585,0.34998229086740335,0.2376559812218857,1.270389639140207e-18,0.27407085698798517
2024-08-13,0.0020524736608589066,0.0,0.13829087092272585,0.34998229086740335,0.2376559812218857,1.270389639140207e-18,0.27407085698798517
2024-08-14,-0.0006622996948896507,0.0,0.13829087092272585,0.34998229086740335,0.2376559812218857,1.270389639140207e-18,0.27407085698798517
2024-08-15,0.0017229254829749332,0.0,0.13829087092272585,0.34998229086740335,0.2376559812218857,1.270389639140207e-18,0.27407085698798517
2024-08-16,0.004875305041892671,0.0,0.13829087092272585,0.34998229086740335,0.2376559812218857,1.270389639140207e-18,0.27407085698798517
2024-08-19,-3.4079616628709475e-05,0.0,0.13829087092272585,0.34998229086740335,0.2376559812218857,1.270389639140207e-18,0.27407085698798517
2024-08-20,0.0010257080914545462,0.0,0.13829087092272585,0.34998229086740335,0.2376559812218857,1.270389639140207e-18,0.27407085698798517
2024-08-21,0.00010715544106074983,0.0,0.13829087092272585,0.34998229086740335,0.2376559812218857,1.270389639140207e-18,0.27407085698798517
2024-08-22,-0.0044518844204540255,0.0,0.13829087092272585,0.34998229086740335,0.2376559812218857,1.270389639140207e-18,0.27407085698798517
2024-08-23,0.0035807440508376217,0.0,0.13829087092272585,0.34998229086740335,0.2376559812218857,1.270389639140207e-18,0.27407085698798517
2024-08-26,0.0004776976775036327,0.0,0.13829087092272585,0.34998229086740335,0.2376559812218857,1.270389639140207e-18,0.27407085698798517
2024-08-27,-0.00016225264631089097,0.0,0.13829087092272585,0.34998229086740335,0.2376559812218857,1.270389639140207e-18,0.27407085698798517
2024-08-28,-0.0011185174740720883,0.0,0.13829087092272585,0.34998229086740335,0.2376559812218857,1.270389639140207e-18,0.27407085698798517
2024-08-29,0.0015857550606093388,0.0,0.13829087092272585,0.34998229086740335,0.2376559812218857,1.270389639140207e-18,0.27407085698798517
2024-08-30,-0.0007579077302978514,0.0,0.13829087092272585,0.34998229086740335,0.2376559812218857,1.270389639140207e-18,0.27407085698798517
2024-09-03,-0.001202294375532647,0.0,0.13829087092272585,0.34998229086740335,0.2376559812218857,1.270389639140207e-18,0.27407085698798517
2024-09-04,0.0006062101248610254,0.0,0.13829087092272585,0.34998229086740335,0.2376559812218857,1.270389639140207e-18,0.27407085698798517
2024-09-05,0.0019850953959237505,0.0,0.13829087092272585,0.34998229086740335,0.2376559812218857,1.270389639140207e-18,0.27407085698798517
2024-09-06,-0.003285640061573101,0.0,0.13829087092272585,0.34998229086740335,0.2376559812218857,1.270389639140207e-18,0.27407085698798517
2024-09-09,0.0042519968844154255,0.0,0.13829087092272585,0.34998229086740335,0.2376559812218857,1.270389639140207e-18,0.27407085698798517
2024-09-10,0.0032474861046887715,0.0,0.13829087092272585,0.34998229086740335,0.2376559812218857,1.270389639140207e-18,0.27407085698798517
2024-09-11,0.0011313128116149209,0.0,0.13829087092272585,0.34998229086740335,0.2376559812218857,1.270389639140207e-18,0.27407085698798517
2024-09-12,0.0034414835165812014,0.0,0.13829087092272585,0.34998229086740335,0.2376559812218857,1.270389639140207e-18,0.27407085698798517
2024-09-13,0.0033816692382685927,0.0,0.13829087092272585,0.34998229086740335,0.2376559812218857,1.270389639140207e-18,0.27407085698798517
2024-09-16,0.00019612043177475653,0.0,0.13829087092272585,0.34998229086740335,0.2376559812218857,1.270389639140207e-18,0.27407085698798517
2024-09-17,-0.001040757369371894,0.0,0.13829087092272585,0.34998229086740335,0.2376559812218857,1.270389639140207e-18,0.27407085698798517
2024-09-18,-0.003473214085898124,0.0,0.13829087092272585,0.34998229086740335,0.2376559812218857,1.270389639140207e-18,0.27407085698798517
2024-09-19,0.004540414736448326,0.0,0.13829087092272585,0.34998229086740335,0.2376559812218857,1.270389639140207e-18,0.27407085698798517
2024-09-20,0.003113787193916439,0.0,0.13829087092272585,0.34998229086740335,0.2376559812218857,1.270389639140207e-18,0.27407085698798517
2024-09-23,0.001024614044056902,0.0,0.13829087092272585,0.34998229086740335,0.2376559812218857,1.270389639140207e-18,0.27407085698798517
2024-09-24,0.002474306756754679,0.0,0.13829087092272585,0.34998229086740335,0.2376559812218857,1.270389639140207e-18,0.27407085698798517
2024-09-25,-0.00015864833427747945,0.0,0.13829087092272585,0.34998229086740335,0.2376559812218857,1.270389639140207e-18,0.27407085698798517
2024-09-26,0.00024732490000192037,0.0,0.13829087092272585,0.34998229086740335,0.2376559812218857,1.270389639140207e-18,0.27407085698798517
2024-09-27,-0.0007744833651033426,0.0,0.13829087092272585,0.34998229086740335,0.2376559812218857,1.270389639140207e-18,0.27407085698798517
2024-09-30,-0.0012138104508352854,0.0,0.13829087092272585,0.34998229086740335,0.2376559812218857,1.270389639140207e-18,0.27407085698798517
2024-10-01,0.0036205725178667936,0.0,0.13829087092272585,0.34998229086740335,0.2376559812218857,1.270389639140207e-18,0.27407085698798517
2024-10-02,0.00022773737108234887,0.0,0.13829087092272585,0.34998229086740335,0.2376559812218857,1.270389639140207e-18,0.27407085698798517
2024-10-03,-0.001322467244461861,0.0,0.13829087092272585,0.34998229086740335,0.2376559812218857,1.270389639140207e-18,0.27407085698798517
2024-10-04,-0.0010997896343419885,0.0,0.13829087092272585,0.34998229086740335,0.2376559812218857,1.270389639140207e-18,0.27407085698798517
2024-10-07,-0.0032195246521178967,0.0,0.13829087092272585,0.34998229086740335,0.2376559812218857,1.270389639140207e-18,0.27407085698798517
2024-10-08,-0.0001337408320105945,0.0,0.13829087092272585,0.34998229086740335,0.2376559812218857,1.270389639140207e-18,0.27407085698798517
2024-10-09,-0.000390788592559615,0.0,0.13829087092272585,0.34998229086740335,0.2376559812218857,1.270389639140207e-18,0.27407085698798517
2024-10-10,0.0013205082634358215,0.0,0.13829087092272585,0.34998229086740335,0.2376559812218857,1.270389639140207e-18,0.27407085698798517
2024-10-11,0.0037136651692685355,0.0,0.13829087092272585,0.34998229086740335,0.2376559812218857,1.270389639140207e-18,0.27407085698798517
2024-10-14,0.0009073707205937292,0.0,0.13829087092272585,0.34998229086740335,0.2376559812218857,1.270389639140207e-18,0.27407085698798517
2024-10-15,0.0017435604135069619,0.0,0.13829087092272585,0.34998229086740335,0.2376559812218857,1.270389639140207e-18,0.27407085698798517
2024-10-16,0.003133177798998618,0.0,0.13829087092272585,0.34998229086740335,0.2376559812218857,1.270389639140207e-18,0.27407085698798517
2024-10-17,0.0004226262098815343,0.0,0.13829087092272585,0.34998229086740335,0.2376559812218857,1.270389639140207e-18,0.27407085698798517
2024-10-18,0.002705583613231097,0.0,0.13829087092272585,0.34998229086740335,0.2376559812218857,1.270389639140207e-18,0.27407085698798517
2024-10-21,-0.0017849003705902385,0.0,0.13829087092272585,0.34998229086740335,0.2376559812218857,1.270389639140207e-18,0.27407085698798517
2024-10-22,0.002434996839454713,0.0,0.13829087092272585,0.34998229086740335,0.2376559812218857,1.270389639140207e-18,0.27407085698798517
2024-10-23,-0.004031427699638028,0.0,0.13829087092272585,0.34998229086740335,0.2376559812218857,1.270389639140207e-18,0.27407085698798517
2024-10-24,0.0018603193563780413,0.0,0.13829087092272585,0.34998229086740335,0.2376559812218857,1.270389639140207e-18,0.27407085698798517
2024-10-25,0.0006108180492491193,0.0,0.13829087092272585,0.34998229086740335,0.2376559812218857,1.270389639140207e-18,0.27407085698798517
2024-10-28,-0.00043682300694850414,0.0,0.13829087092272585,0.34998229086740335,0.2376559812218857,1.270389639140207e-18,0.27407085698798517
2024-10-29,0.003039712885612045,0.0,0.13829087092272585,0.34998229086740335,0.2376559812218857,1.270389639140207e-18,0.27407085698798517
2024-10-30,-0.00032566236319238036,0.0,0.13829087092272585,0.34998229086740335,0.2376559812218857,1.270389639140207e-18,0.27407085698798517
2024-10-31,-0.006682662731012851,0.0,0.13829087092272585,0.34998229086740335,0.2376559812218857,1.270389639140207e-18,0.27407085698798517
2024-11-01,-0.0013668353058936503,0.0,0.13829087092272585,0.34998229086740335,0.2376559812218857,1.270389639140207e-18,0.27407085698798517
2024-11-04,0.0007821830742832823,0.0,0.13829087092272585,0.34998229086740335,0.2376559812218857,1.270389639140207e-18,0.27407085698798517
2024-11-05,0.0012785717028352785,0.0,0.13829087092272585,0.34998229086740335,0.2376559812218857,1.270389639140207e-18,0.27407085698798517
2024-11-06,-0.0031077891404799086,0.0,0.13829087092272585,0.34998229086740335,0.2376559812218857,1.270389639140207e-18,0.27407085698798517
2024-11-07,0.005383406796862,0.0,0.13829087092272585,0.34998229086740335,0.2376559812218857,1.270389639140207e-18,0.27407085698798517
2024-11-08,0.001511287950060344,0.0,0.13829087092272585,0.34998229086740335,0.2376559812218857,1.270389639140207e-18,0.27407085698798517
2024-11-11,-0.00490416361103896,0.0,0.13829087092272585,0.34998229086740335,0.2376559812218857,1.270389639140207e-18,0.27407085698798517
2024-11-12,-0.0034684432554518444,0.0,0.13829087092272585,0.34998229086740335,0.2376559812218857,1.270389639140207e-18,0.27407085698798517
2024-11-13,-0.001042910441999837,0.0,0.13829087092272585,0.34998229086740335,0.2376559812218857,1.270389639140207e-18,0.27407085698798517
2024-11-14,-0.0004030805839832061,0.0,0.13829087092272585,0.34998229086740335,0.2376559812218857,1.270389639140207e-18,0.27407085698798517
2024-11-15,-0.002382707898589745,0.0,0.13829087092272585,0.34998229086740335,0.2376559812218857,1.270389639140207e-18,0.27407085698798517
2024-11-18,0.00443509307045461,0.0,0.13829087092272585,0.34998229086740335,0.2376559812218857,1.270389639140207e-18,0.27407085698798517
2024-11-19,0.00332277963526795,0.0,0.13829087092272585,0.34998229086740335,0.2376559812218857,1.270389639140207e-18,0.27407085698798517
2024-11-20,0.0021851284529143806,0.0,0.13829087092272585,0.34998229086740335,0.2376559812218857,1.270389639140207e-18,0.27407085698798517
2024-11-21,0.0034332422290722126,0.0,0.13829087092272585,0.34998229086740335,0.2376559812218857,1.270389639140207e-18,0.27407085698798517
2024-11-22,0.0051971222614216415,0.0,0.13829087092272585,0.34998229086740335,0.2376559812218857,1.270389639140207e-18,0.27407085698798517
2024-11-25,-0.004837177236549708,0.0,0.13829087092272585,0.34998229086740335,0.2376559812218857,1.270389639140207e-18,0.27407085698798517
2024-11-26,0.0008724090796973083,0.0,0.13829087092272585,0.34998229086740335,0.2376559812218857,1.270389639140207e-18,0.27407085698798517
2024-11-27,-0.0009660988630180612,0.0,0.13829087092272585,0.34998229086740335,0.2376559812218857,1.270389639140207e-18,0.27407085698798517
2024-11-29,0.0038292730602237615,0.0,0.13829087092272585,0.34998229086740335,0.2376559812218857,1.270389639140207e-18,0.27407085698798517
2024-12-02,-0.0001333175417171685,0.0,0.13829087092272585,0.34998229086740335,0.2376559812218857,1.270389639140207e-18,0.27407085698798517
2024-12-03,-0.0005481344097278025,0.0,0.13829087092272585,0.34998229086740335,0.2376559812218857,1.270389639140207e-18,0.27407085698798517
2024-12-04,0.0027918644362357496,0.0,0.13829087092272585,0.34998229086740335,0.2376559812218857,1.270389639140207e-18,0.27407085698798517
2024-12-05,-0.0035254212277336097,0.0,0.13829087092272585,0.34998229086740335,0.2376559812218857,1.270389639140207e-18,0.27407085698798517
2024-12-06,0.0022701137104009783,0.0,0.13829087092272585,0.34998229086740335,0.2376559812218857,1.270389639140207e-18,0.27407085698798517
2024-12-09,0.0007365998373823635,0.0,0.13829087092272585,0.34998229086740335,0.2376559812218857,1.270389639140207e-18,0.27407085698798517
2024-12-10,0.00270959146626444,0.0,0.13829087092272585,0.34998229086740335,0.2376559812218857,1.270389639140207e-18,0.27407085698798517
2024-12-11,0.0032547069876992904,0.0,0.13829087092272585,0.34998229086740335,0.2376559812218857,1.270389639140207e-18,0.27407085698798517
2024-12-12,-0.004689932112683985,0.0,0.13829087092272585,0.34998229086740335,0.2376559812218857,1.270389639140207e-18,0.27407085698798517
2024-12-13,-0.004443984140440049,0.0,0.13829087092272585,0.34998229086740335,0.2376559812218857,1.270389639140207e-18,0.27407085698798517
2024-12-16,0.0007565141113855004,0.0,0.13829087092272585,0.34998229086740335,0.2376559812218857,1.270389639140207e-18,0.27407085698798517
2024-12-17,-0.0011773772476289658,0.0,0.13829087092272585,0.34998229086740335,0.2376559812218857,1.270389639140207e-18,0.27407085698798517
2024-12-18,-0.00830541899391548,0.0,0.13829087092272585,0.34998229086740335,0.2376559812218857,1.270389639140207e-18,0.27407085698798517
2024-12-19,-0.0008346132226068168,0.0,0.13829087092272585,0.34998229086740335,0.2376559812218857,1.270389639140207e-18,0.27407085698798517
2024-12-20,0.0039045968021398057,0.0,0.13829087092272585,0.34998229086740335,0.2376559812218857,1.270389639140207e-18,0.27407085698798517
2024-12-23,-0.0006674516944808296,0.0,0.13829087092272585,0.34998229086740335,0.2376559812218857,1.270389639140207e-18,0.27407085698798517
2024-12-24,0.0029289453475760197,0.0,0.13829087092272585,0.34998229086740335,0.2376559812218857,1.270389639140207e-18,0.27407085698798517
2024-12-26,0.0012479015210213366,0.0,0.13829087092272585,0.34998229086740335,0.2376559812218857,1.270389639140207e-18,0.27407085698798517
2024-12-27,-0.004554708936468156,0.0,0.13829087092272585,0.34998229086740335,0.2376559812218857,1.270389639140207e-18,0.27407085698798517
2024-12-30,8.007260555693537e-05,0.0,0.13829087092272585,0.34998229086740335,0.2376559812218857,1.270389639140207e-18,0.27407085698798517
2024-12-31,0.0014537923355630688,0.0,0.13829087092272585,0.34998229086740335,0.2376559812218857,1.270389639140207e-18,0.27407085698798517
2025-01-02,0.0054078271548680034,0.0,0.13829087092272585,0.34998229086740335,0.2376559812218857,1.270389639140207e-18,0.27407085698798517
2025-01-03,-0.0015458948602138898,0.0,0.13829087092272585,0.34998229086740335,0.2376559812218857,1.270389639140207e-18,0.27407085698798517
2025-01-06,-0.0016365228965607773,0.0,0.13829087092272585,0.34998229086740335,0.2376559812218857,1.270389639140207e-18,0.27407085698798517
2025-01-07,-0.0007820834625271013,0.0,0.13829087092272585,0.34998229086740335,0.2376559812218857,1.270389639140207e-18,0.27407085698798517
2025-01-08,0.0031048649817313097,0.0,0.13829087092272585,0.34998229086740335,0.2376559812218857,1.270389639140207e-18,0.27407085698798517
2025-01-10,-0.001060327753468839,0.0,0.13829087092272585,0.34998229086740335,0.2376559812218857,1.270389639140207e-18,0.27407085698798517
2025-01-13,-0.0019452635506243521,0.0,0.13829087092272585,0.34998229086740335,0.2376559812218857,1.270389639140207e-18,0.27407085698798517
2025-01-14,-0.00023218572550229972,0.0,0.13829087092272585,0.34998229086740335,0.2376559812218857,1.270389639140207e-18,0.27407085698798517
2025-01-15,0.007485165244122082,0.0,0.13829087092272585,0.34998229086740335,0.2376559812218857,1.270389639140207e-18,0.27407085698798517
2025-01-16,0.002178744351798501,0.0,0.13829087092272585,0.34998229086740335,0.2376559812218857,1.270389639140207e-18,0.27407085698798517
2025-01-17,0.001391512397452068,0.0,0.13829087092272585,0.34998229086740335,0.2376559812218857,1.270389639140207e-18,0.27407085698798517
2025-01-21,0.002504062319048644,0.0,0.13829087092272585,0.34998229086740335,0.2376559812218857,1.270389639140207e-18,0.27407085698798517
2025-01-22,0.001623509373610755,0.0,0.13829087092272585,0.34998229086740335,0.2376559812218857,1.270389639140207e-18,0.27407085698798517
2025-01-23,-0.0006060395773563297,0.0,0.13829087092272585,0.34998229086740335,0.2376559812218857,1.270389639140207e-18,0.27407085698798517
2025-01-24,0.00011356810087739073,0.0,0.13829087092272585,0.34998229086740335,0.2376559812218857,1.270389639140207e-18,0.27407085698798517
2025-01-27,-0.0021595443822403316,0.0,0.13829087092272585,0.34998229086740335,0.2376559812218857,1.270389639140207e-18,0.27407085698798517
2025-01-28,0.004478504098892586,0.0,0.13829087092272585,0.34998229086740335,0.2376559812218857,1.270389639140207e-18,0.27407085698798517
2025-01-29,-0.0014167815710383592,0.0,0.13829087092272585,0.34998229086740335,0.2376559812218857,1.270389639140207e-18,0.27407085698798517
2025-01-30,0.005052150209609489,0.0,0.13829087092272585,0.34998229086740335,0.2376559812218857,1.270389639140207e-18,0.27407085698798517
2025-01-31,0.00032244324527240027,0.0,0.13829087092272585,0.34998229086740335,0.2376559812218857,1.270389639140207e-18,0.27407085698798517
2025-02-03,0.0016625140602356645,0.0,0.13829087092272585,0.34998229086740335,0.2376559812218857,1.270389639140207e-18,0.27407085698798517
2025-02-04,0.0016830936476689758,0.0,0.13829087092272585,0.34998229086740335,0.2376559812218857,1.270389639140207e-18,0.27407085698798517
2025-02-05,0.0035694422479522017,0.0,0.13829087092272585,0.34998229086740335,0.2376559812218857,1.270389639140207e-18,0.27407085698798517
2025-02-06,-0.0007262647616015415,0.0,0.13829087092272585,0.34998229086740335,0.2376559812218857,1.270389639140207e-18,0.27407085698798517
2025-02-07,-0.0008411355517188567,0.0,0.13829087092272585,0.34998229086740335,0.2376559812218857,1.270389639140207e-18,0.27407085698798517
2025-02-10,0.005678646390276343,0.0,0.13829087092272585,0.34998229086740335,0.2376559812218857,1.270389639140207e-18,0.27407085698798517
2025-02-11,-0.0026557078773647687,0.0,0.13829087092272585,0.34998229086740335,0.2376559812218857,1.270389639140207e-18,0.27407085698798517
2025-02-12,-0.002362117476796294,0.0,0.13829087092272585,0.34998229086740335,0.2376559812218857,1.270389639140207e-18,0.27407085698798517
2025-02-13,0.004131740098764271,0.0,0.13829087092272585,0.34998229086740335,0.2376559812218857,1.270389639140207e-18,0.27407085698798517
2025-02-14,-0.0028569716249516293,0.0,0.13829087092272585,0.34998229086740335,0.2376559812218857,1.270389639140207e-18,0.27407085698798517
2025-02-18,0.002925080563825643,0.0,0.13829087092272585,0.34998229086740335,0.2376559812218857,1.270389639140207e-18,0.27407085698798517
2025-02-19,0.0013067174761909617,0.0,0.13829087092272585,0.34998229086740335,0.2376559812218857,1.270389639140207e-18,0.27407085698798517
2025-02-20,-0.001929908716000768,0.0,0.13829087092272585,0.34998229086740335,0.2376559812218857,1.270389639140207e-18,0.27407085698798517
2025-02-21,0.0004046226458786842,0.0,0.13829087092272585,0.34998229086740335,0.2376559812218857,1.270389639140207e-18,0.27407085698798517
2025-02-24,0.0015327160270428158,0.0,0.13829087092272585,0.34998229086740335,0.2376559812218857,1.270389639140207e-18,0.27407085698798517
2025-02-25,-0.0020948130984359465,0.0,0.13829087092272585,0.34998229086740335,0.2376559812218857,1.270389639140207e-18,0.27407085698798517
2025-02-26,0.001908034698327877,0.0,0.13829087092272585,0.34998229086740335,0.2376559812218857,1.270389639140207e-18,0.27407085698798517
2025-02-27,-0.004293064635591905,0.0,0.13829087092272585,0.34998229086740335,0.2376559812218857,1.270389639140207e-18,0.27407085698798517
2025-02-28,0.0038109578427564165,0.0,0.13829087092272585,0.34998229086740335,0.2376559812218857,1.270389639140207e-18,0.27407085698798517
2025-03-03,-0.0006987178225702658,0.0,0.13829087092272585,0.34998229086740335,0.2376559812218857,1.270389639140207e-18,0.27407085698798517
2025-03-04,-0.0032056601157190645,0.0,0.13829087092272585,0.34998229086740335,0.2376559812218857,1.270389639140207e-18,0.27407085698798517
2025-03-05,-0.003272618569083994,0.0,0.13829087092272585,0.34998229086740335,0.2376559812218857,1.270389639140207e-18,0.27407085698798517
2025-03-06,-0.004074529167640168,0.0,0.13829087092272585,0.34998229086740335,0.2376559812218857,1.270389639140207e-18,0.27407085698798517
2025-03-07,-0.0004268131721557999,0.0,0.13829087092272585,0.34998229086740335,0.2376559812218857,1.270389639140207e-18,0.27407085698798517
2025-03-10,-0.003239644107559778,0.0,0.13829087092272585,0.34998229086740335,0.2376559812218857,1.270389639140207e-18,0.27407085698798517
2025-03-11,-0.0010817958096784766,0.0,0.13829087092272585,0.34998229086740335,0.2376559812218857,1.270389639140207e-18,0.27407085698798517
2025-03-12,0.0013470179560025647,0.0,0.13829087092272585,0.34998229086740335,0.2376559812218857,1.270389639140207e-18,0.27407085698798517
2025-03-13,0.004620039994196903,0.0,0.13829087092272585,0.34998229086740335,0.2376559812218857,1.270389639140207e-18,0.27407085698798517
2025-03-14,0.0014952218467499802,0.0,0.13829087092272585,0.34998229086740335,0.2376559812218857,1.270389639140207e-18,0.27407085698798517
2025-03-17,0.0013997993269223461,0.0,0.13829087092272585,0.34998229086740335,0.2376559812218857,1.270389639140207e-18,0.27407085698798517
2025-03-18,0.0014896790351958506,0.0,0.13829087092272585,0.34998229086740335,0.2376559812218857,1.270389639140207e-18,0.27407085698798517
2025-03-19,0.004207988768667236,0.0,0.13829087092272585,0.34998229086740335,0.2376559812218857,1.270389639140207e-18,0.27407085698798517
2025-03-20,0.0006814804124741443,0.0,0.13829087092272585,0.34998229086740335,0.2376559812218857,1.270389639140207e-18,0.27407085698798517
2025-03-21,-0.001234507308704715,0.0,0.13829087092272585,0.34998229086740335,0.2376559812218857,1.270389639140207e-18,0.27407085698798517
2025-03-24,-0.00019278727647350342,0.0,0.13829087092272585,0.34998229086740335,0.2376559812218857,1.270389639140207e-18,0.27407085698798517
2025-03-25,0.001565088786556112,0.0,0.13829087092272585,0.34998229086740335,0.2376559812218857,1.270389639140207e-18,0.27407085698798517
2025-03-26,-0.0013161114781208992,0.0,0.13829087092272585,0.34998229086740335,0.2376559812218857,1.270389639140207e-18,0.27407085698798517
2025-03-27,0.0015477232851838617,0.0,0.13829087092272585,0.34998229086740335,0.2376559812218857,1.270389639140207e-18,0.27407085698798517
2025-03-28,0.001326391934206967,0.0,0.13829087092272585,0.34998229086740335,0.2376559812218857,1.270389639140207e-18,0.27407085698798517
2025-03-31,0.005470421666542333,0.0,0.13829087092272585,0.34998229086740335,0.2376559812218857,1.270389639140207e-18,0.27407085698798517
2025-04-01,0.0015666236438248435,0.0,0.13829087092272585,0.34998229086740335,0.2376559812218857,1.270389639140207e-18,0.27407085698798517
2025-04-02,-6.945795057109513e-05,0.0,0.13829087092272585,0.34998229086740335,0.2376559812218857,1.270389639140207e-18,0.27407085698798517
2025-04-03,-0.009578712109309016,0.0,0.13829087092272585,0.34998229086740335,0.2376559812218857,1.270389639140207e-18,0.27407085698798517
2025-04-04,-0.010142330193817111,0.0,0.13829087092272585,0.34998229086740335,0.2376559812218857,1.270389639140207e-18,0.27407085698798517
2025-04-07,-0.008516576098850025,0.0,0.13829087092272585,0.34998229086740335,0.2376559812218857,1.270389639140207e-18,0.27407085698798517
2025-04-08,-0.003921693700263225,0.0,0.13829087092272585,0.34998229086740335,0.2376559812218857,1.270389639140207e-18,0.27407085698798517
2025-04-09,0.02048246477232455,0.0,0.13829087092272585,0.34998229086740335,0.2376559812218857,1.270389639140207e-18,0.27407085698798517
2025-04-10,-0.007101327979103515,0.0,0.13829087092272585,0.34998229086740335,0.2376559812218857,1.270389639140207e-18,0.27407085698798517
2025-04-11,0.00251011833719692,0.0,0.13829087092272585,0.34998229086740335,0.2376559812218857,1.270389639140207e-18,0.27407085698798517
2025-04-14,0.0016302383441292785,0.0,0.13829087092272585,0.34998229086740335,0.2376559812218857,1.270389639140207e-18,0.27407085698798517
2025-04-15,0.00353769143727753,0.0,0.13829087092272585,0.34998229086740335,0.2376559812218857,1.270389639140207e-18,0.27407085698798517
2025-04-16,0.0036896619280653675,0.0,0.13829087092272585,0.34998229086740335,0.2376559812218857,1.270389639140207e-18,0.27407085698798517
2025-04-17,-0.00165814768539526,0.0,0.13829087092272585,0.34998229086740335,0.2376559812218857,1.270389639140207e-18,0.27407085698798517
2025-04-21,-0.0005705948979869337,0.0,0.13829087092272585,0.34998229086740335,0.2376559812218857,1.270389639140207e-18,0.27407085698798517
2025-04-22,0.0018089212247291181,0.0,0.13829087092272585,0.34998229086740335,0.2376559812218857,1.270389639140207e-18,0.27407085698798517
2025-04-23,-0.0006033931895713628,0.0,0.13829087092272585,0.34998229086740335,0.2376559812218857,1.270389639140207e-18,0.27407085698798517
2025-04-24,0.006893820131336204,0.0,0.13829087092272585,0.34998229086740335,0.2376559812218857,1.270389639140207e-18,0.27407085698798517
2025-04-25,0.0004524411777370131,0.0,0.13829087092272585,0.34998229086740335,0.2376559812218857,1.270389639140207e-18,0.27407085698798517
2025-04-28,0.0031370544858537585,0.0,0.13829087092272585,0.34998229086740335,0.2376559812218857,1.270389639140207e-18,0.27407085698798517
2025-04-29,0.0005850819242208133,0.0,0.13829087092272585,0.34998229086740335,0.2376559812218857,1.270389639140207e-18,0.27407085698798517
2025-04-30,-3.1692909976367744e-05,0.0,0.13829087092272585,0.34998229086740335,0.2376559812218857,1.270389639140207e-18,0.27407085698798517
2025-05-01,-0.004052589840116721,0.0,0.13829087092272585,0.34998229086740335,0.2376559812218857,1.270389639140207e-18,0.27407085698798517
2025-05-02,-0.0003183539392255315,0.0,0.13829087092272585,0.34998229086740335,0.2376559812218857,1.270389639140207e-18,0.27407085698798517
2025-05-05,0.004981943638550159,0.0,0.13829087092272585,0.34998229086740335,0.2376559812218857,1.270389639140207e-18,0.27407085698798517
2025-05-06,0.00468709968802258,0.0,0.13829087092272585,0.34998229086740335,0.2376559812218857,1.270389639140207e-18,0.27407085698798517
2025-05-07,-6.854391157495084e-05,0.0,0.13829087092272585,0.34998229086740335,0.2376559812218857,1.270389639140207e-18,0.27407085698798517
2025-05-08,-0.004381929731354557,0.0,0.13829087092272585,0.34998229086740335,0.2376559812218857,1.270389639140207e-18,0.27407085698798517
2025-05-09,0.001087703477264816,0.0,0.13829087092272585,0.34998229086740335,0.2376559812218857,1.270389639140207e-18,0.27407085698798517
2025-05-12,-0.000760493112616647,0.0,0.13829087092272585,0.34998229086740335,0.2376559812218857,1.270389639140207e-18,0.27407085698798517
2025-05-13,-0.0006077406299857709,0.0,0.13829087092272585,0.34998229086740335,0.2376559812218857,1.270389639140207e-18,0.27407085698798517
2025-05-14,-0.005630856190354925,0.0,0.13829087092272585,0.34998229086740335,0.2376559812218857,1.270389639140207e-18,0.27407085698798517
2025-05-15,0.005925123508393025,0.0,0.13829087092272585,0.34998229086740335,0.2376559812218857,1.270389639140207e-18,0.27407085698798517
2025-05-16,-0.0010253985072482747,0.0,0.13829087092272585,0.34998229086740335,0.2376559812218857,1.270389639140207e-18,0.27407085698798517
2025-05-19,0.0011022728541340062,0.0,0.13829087092272585,0.34998229086740335,0.2376559812218857,1.270389639140207e-18,0.27407085698798517
2025-05-20,0.002606959034676396,0.0,0.13829087092272585,0.34998229086740335,0.2376559812218857,1.270389639140207e-18,0.27407085698798517
2025-05-21,-0.004129911812117872,0.0,0.13829087092272585,0.34998229086740335,0.2376559812218857,1.270389639140207e-18,0.27407085698798517
2025-05-22,-6.786570459773808e-05,0.0,0.13829087092272585,0.34998229086740335,0.2376559812218857,1.270389639140207e-18,0.27407085698798517
2025-05-23,0.0032329173539113586,0.0,0.13829087092272585,0.34998229086740335,0.2376559812218857,1.270389639140207e-18,0.27407085698798517
2025-05-27,0.001688674700515289,0.0,0.13829087092272585,0.34998229086740335,0.2376559812218857,1.270389639140207e-18,0.27407085698798517
2025-05-28,-0.001384758764375161,0.0,0.13829087092272585,0.34998229086740335,0.2376559812218857,1.270389639140207e-18,0.27407085698798517
2025-05-29,0.0019151710564189995,0.0,0.13829087092272585,0.34998229086740335,0.2376559812218857,1.270389639140207e-18,0.27407085698798517
2025-05-30,-0.0006415432499493998,0.0,0.13829087092272585,0.34998229086740335,0.2376559812218857,1.270389639140207e-18,0.27407085698798517
2025-06-02,0.0037069623044758034,0.0,0.13829087092272585,0.34998229086740335,0.2376559812218857,1.270389639140207e-18,0.27407085698798517
2025-06-03,0.0001541672720807132,0.0,0.13829087092272585,0.34998229086740335,0.2376559812218857,1.270389639140207e-18,0.27407085698798517
2025-06-04,0.0028987561733113494,0.0,0.13829087092272585,0.34998229086740335,0.2376559812218857,1.270389639140207e-18,0.27407085698798517
2025-06-05,-0.0031737118511375815,0.0,0.13829087092272585,0.34998229086740335,0.2376559812218857,1.270389639140207e-18,0.27407085698798517
2025-06-06,-0.003189526853317989,0.0,0.13829087092272585,0.34998229086740335,0.2376559812218857,1.270389639140207e-18,0.27407085698798517
2025-06-09,0.0011815832160447825,0.0,0.13829087092272585,0.34998229086740335,0.2376559812218857,1.270389639140207e-18,0.27407085698798517
2025-06-10,0.001723372946907145,0.0,0.13829087092272585,0.34998229086740335,0.2376559812218857,1.270389639140207e-18,0.27407085698798517
2025-06-11,0.0013523480268885237,0.0,0.13829087092272585,0.34998229086740335,0.2376559812218857,1.270389639140207e-18,0.27407085698798517
2025-06-12,0.0029652693623540274,0.0,0.13829087092272585,0.34998229086740335,0.2376559812218857,1.270389639140207e-18,0.27407085698798517
2025-06-13,0.0009325637598056481,0.0,0.13829087092272585,0.34998229086740335,0.2376559812218857,1.270389639140207e-18,0.27407085698798517
2025-06-16,-0.002821516663214965,0.0,0.13829087092272585,0.34998229086740335,0.2376559812218857,1.270389639140207e-18,0.27407085698798517
2025-06-17,0.0024779368319948563,0.0,0.13829087092272585,0.34998229086740335,0.2376559812218857,1.270389639140207e-18,0.27407085698798517
2025-06-18,-0.0006039199681261277,0.0,0.13829087092272585,0.34998229086740335,0.2376559812218857,1.270389639140207e-18,0.27407085698798517
2025-06-20,-0.0004791273129000453,0.0,0.13829087092272585,0.34998229086740335,0.2376559812218857,1.270389639140207e-18,0.27407085698798517
2025-06-23,0.0021652866240698936,0.0,0.13829087092272585,0.34998229086740335,0.2376559812218857,1.270389639140207e-18,0.27407085698798517
2025-06-24,-0.002431060034170074,0.0,0.13829087092272585,0.34998229086740335,0.2376559812218857,1.270389639140207e-18,0.27407085698798517
2025-06-25,0.00015971831762141907,0.0,0.13829087092272585,0.34998229086740335,0.2376559812218857,1.270389639140207e-18,0.27407085698798517
2025-06-26,0.0009722268468234805,0.0,0.13829087092272585,0.34998229086740335,0.2376559812218857,1.270389639140207e-18,0.27407085698798517
2025-06-27,-0.00403527645217241,0.0,0.13829087092272585,0.34998229086740335,0.2376559812218857,1.270389639140207e-18,0.27407085698798517
2025-06-30,0.0035113208560597544,0.0,0.13829087092272585,0.34998229086740335,0.2376559812218857,1.270389639140207e-18,0.27407085698798517
2025-07-01,0.00120498281319794,0.0,0.13829087092272585,0.34998229086740335,0.2376559812218857,1.270389639140207e-18,0.27407085698798517
2025-07-02,0.0010252814384466625,0.0,0.13829087092272585,0.34998229086740335,0.2376559812218857,1.270389639140207e-18,0.27407085698798517
2025-07-03,-0.0003715213572089528,0.0,0.13829087092272585,0.34998229086740335,0.2376559812218857,1.270389639140207e-18,0.27407085698798517
2025-07-07,-0.0011108156505283662,0.0,0.13829087092272585,0.34998229086740335,0.2376559812218857,1.270389639140207e-18,0.27407085698798517
2025-07-08,-0.0029106259184133853,0.0,0.13829087092272585,0.34998229086740335,0.2376559812218857,1.270389639140207e-18,0.27407085698798517
2025-07-09,0.0037095300676869974,0.0,0.13829087092272585,0.34998229086740335,0.2376559812218857,1.270389639140207e-18,0.27407085698798517
2025-07-10,0.0012284219378551546,0.0,0.13829087092272585,0.34998229086740335,0.2376559812218857,1.270389639140207e-18,0.27407085698798517
2025-07-11,0.0009920233168613242,0.0,0.13829087092272585,0.34998229086740335,0.2376559812218857,1.270389639140207e-18,0.27407085698798517
2025-07-14,-0.0001203237765945908,0.0,0.13829087092272585,0.34998229086740335,0.2376559812218857,1.270389639140207e-18,0.27407085698798517
2025-07-15,-0.0014118065528417071,0.0,0.13829087092272585,0.34998229086740335,0.2376559812218857,1.270389639140207e-18,0.27407085698798517
2025-07-16,0.0015904538866497132,0.0,0.13829087092272585,0.34998229086740335,0.2376559812218857,1.270389639140207e-18,0.27407085698798517
2025-07-17,0.0013128449265721813,0.0,0.13829087092272585,0.34998229086740335,0.2376559812218857,1.270389639140207e-18,0.27407085698798517
2025-07-18,0.0011705243532168777,0.0,0.13829087092272585,0.34998229086740335,0.2376559812218857,1.270389639140207e-18,0.27407085698798517
2025-07-21,0.0032346437537370022,0.0,0.13829087092272585,0.34998229086740335,0.2376559812218857,1.270389639140207e-18,0.27407085698798517
2025-07-22,0.0019154777228751361,0.0,0.13829087092272585,0.34998229086740335,0.2376559812218857,1.270389639140207e-18,0.27407085698798517
2025-07-23,-0.0035491540621602462,0.0,0.13829087092272585,0.34998229086740335,0.2376559812218857,1.270389639140207e-18,0.27407085698798517
2025-07-24,-0.0011719737007605778,0.0,0.13829087092272585,0.34998229086740335,0.2376559812218857,1.270389639140207e-18,0.27407085698798517
2025-07-25,-0.00024084382797953186,0.0,0.13829087092272585,0.34998229086740335,0.2376559812218857,1.270389639140207e-18,0.27407085698798517
2025-07-28,0.0008114235752320553,0.0,0.13829087092272585,0.34998229086740335,0.2376559812218857,1.270389639140207e-18,0.27407085698798517
2025-07-29,0.0032275464077364353,0.0,0.13829087092272585,0.34998229086740335,0.2376559812218857,1.270389639140207e-18,0.27407085698798517
2025-07-30,-0.002858819916378606,0.0,0.13829087092272585,0.34998229086740335,0.2376559812218857,1.270389639140207e-18,0.27407085698798517
2025-07-31,0.0019473487109791551,0.0,0.13829087092272585,0.34998229086740335,0.2376559812218857,1.270389639140207e-18,0.27407085698798517
2025-08-01,0.003291813564259304,0.0,0.13829087092272585,0.34998229086740335,0.2376559812218857,1.270389639140207e-18,0.27407085698798517
2025-08-04,0.0037788113954760503,0.0,0.13829087092272585,0.34998229086740335,0.2376559812218857,1.270389639140207e-18,0.27407085698798517
2025-08-05,-0.0007382440296613686,0.0,0.13829087092272585,0.34998229086740335,0.2376559812218857,1.270389639140207e-18,0.27407085698798517
2025-08-06,-0.0013529488159427661,0.0,0.13829087092272585,0.34998229086740335,0.2376559812218857,1.270389639140207e-18,0.27407085698798517
2025-08-07,0.0014302489475870638,0.0,0.13829087092272585,0.34998229086740335,0.2376559812218857,1.270389639140207e-18,0.27407085698798517
2025-08-08,0.000715085728719852,0.0,0.13829087092272585,0.34998229086740335,0.2376559812218857,1.270389639140207e-18,0.27407085698798517
2025-08-11,-0.0025808445104128826,0.0,0.13829087092272585,0.34998229086740335,0.2376559812218857,1.270389639140207e-18,0.27407085698798517
2025-08-12,-0.00012582605393056064,0.0,0.13829087092272585,0.34998229086740335,0.2376559812218857,1.270389639140207e-18,0.27407085698798517
2025-08-13,0.0017137763621301416,0.0,0.13829087092272585,0.34998229086740335,0.2376559812218857,1.270389639140207e-18,0.27407085698798517
2025-08-14,-0.0016035383626271222,0.0,0.13829087092272585,0.34998229086740335,0.2376559812218857,1.270389639140207e-18,0.27407085698798517
2025-08-15,-0.0018603549406226595,0.0,0.13829087092272585,0.34998229086740335,0.2376559812218857,1.270389639140207e-18,0.27407085698798517
2025-08-18,-1.5363320904722183e-05,0.0,0.13829087092272585,0.34998229086740335,0.2376559812218857,1.270389639140207e-18,0.27407085698798517
2025-08-19,-0.0005360392942585293,0.0,0.13829087092272585,0.34998229086740335,0.2376559812218857,1.270389639140207e-18,0.27407085698798517
2025-08-20,0.0023706038706575003,0.0,0.13829087092272585,0.34998229086740335,0.2376559812218857,1.270389639140207e-18,0.27407085698798517
2025-08-21,-0.0010145700367069608,0.0,0.13829087092272585,0.34998229086740335,0.2376559812218857,1.270389639140207e-18,0.27407085698798517
2025-08-22,0.003863116127716131,0.0,0.13829087092272585,0.34998229086740335,0.2376559812218857,1.270389639140207e-18,0.27407085698798517
2025-08-25,0.0003364877140867551,0.0,0.13829087092272585,0.34998229086740335,0.2376559812218857,1.270389639140207e-18,0.27407085698798517
2025-08-26,0.0025071097741568324,0.0,0.13829087092272585,0.34998229086740335,0.2376559812218857,1.270389639140207e-18,0.27407085698798517
2025-08-27,0.001566067283855455,0.0,0.13829087092272585,0.34998229086740335,0.2376559812218857,1.270389639140207e-18,0.27407085698798517
2025-08-28,0.0019947208670962908,0.0,0.13829087092272585,0.34998229086740335,0.2376559812218857,1.270389639140207e-18,0.27407085698798517
2025-08-29,0.0009035086737953246,0.0,0.13829087092272585,0.34998229086740335,0.2376559812218857,1.270389639140207e-18,0.27407085698798517
2025-09-02,0.005343272895321757,0.0,0.13829087092272585,0.34998229086740335,0.2376559812218857,1.270389639140207e-18,0.27407085698798517
2025-09-03,0.003266352723347017,0.0,0.13829087092272585,0.34998229086740335,0.2376559812218857,1.270389639140207e-18,0.27407085698798517
2025-09-04,0.0020613711604485436,0.0,0.13829087092272585,0.34998229086740335,0.2376559812218857,1.270389639140207e-18,0.27407085698798517
2025-09-05,0.003019362282362272,0.0,0.13829087092272585,0.34998229086740335,0.2376559812218857,1.270389639140207e-18,0.27407085698798517
2025-09-08,0.003163628781991697,0.0,0.13829087092272585,0.34998229086740335,0.2376559812218857,1.270389639140207e-18,0.27407085698798517
2025-09-09,0.00010267498277459212,0.0,0.13829087092272585,0.34998229086740335,0.2376559812218857,1.270389639140207e-18,0.27407085698798517
2025-09-10,0.002402285372053424,0.0,0.13829087092272585,0.34998229086740335,0.2376559812218857,1.270389639140207e-18,0.27407085698798517
2025-09-11,0.00045364071092379905,0.0,0.13829087092272585,0.34998229086740335,0.2376559812218857,1.270389639140207e-18,0.27407085698798517
2025-09-12,-0.0002072089005971032,0.0,0.13829087092272585,0.34998229086740335,0.2376559812218857,1.270389639140207e-18,0.27407085698798517
2025-09-15,0.0027842547304986085,0.0,0.13829087092272585,0.34998229086740335,0.2376559812218857,1.270389639140207e-18,0.27407085698798517
2025-09-16,-0.0011977421098616696,0.0,0.13829087092272585,0.34998229086740335,0.2376559812218857,1.270389639140207e-18,0.27407085698798517
2025-09-17,-0.001824155290679524,0.0,0.13829087092272585,0.34998229086740335,0.2376559812218857,1.270389639140207e-18,0.27407085698798517
2025-09-18,-0.00014408098937255685,0.0,0.13829087092272585,0.34998229086740335,0.2376559812218857,1.270389639140207e-18,0.27407085698798517
2025-09-19,0.0038371360863642522,0.0,0.13829087092272585,0.34998229086740335,0.2376559812218857,1.270389639140207e-18,0.27407085698798517
2025-09-22,0.0031053915811931113,0.0,0.13829087092272585,0.34998229086740335,0.2376559812218857,1.270389639140207e-18,0.27407085698798517
2025-09-23,0.0009837111906729837,0.0,0.13829087092272585,0.34998229086740335,0.2376559812218857,1.270389639140207e-18,0.27407085698798517
2025-09-24,-0.0015000410766486795,0.0,0.13829087092272585,0.34998229086740335,0.2376559812218857,1.270389639140207e-18,0.27407085698798517
2025-09-25,0.0014171555005382673,0.0,0.13829087092272585,0.34998229086740335,0.2376559812218857,1.270389639140207e-18,0.27407085698798517
2025-09-26,0.0010086250332436882,0.0,0.13829087092272585,0.34998229086740335,0.2376559812218857,1.270389639140207e-18,0.27407085698798517
2025-09-29,0.00467300526086356,0.0,0.13829087092272585,0.34998229086740335,0.2376559812218857,1.270389639140207e-18,0.27407085698798517
2025-09-30,0.002141734252275673,0.0,0.13829087092272585,0.34998229086740335,0.2376559812218857,1.270389639140207e-18,0.27407085698798517
2025-10-01,0.0019209715305888516,0.0,0.13829087092272585,0.34998229086740335,0.2376559812218857,1.270389639140207e-18,0.27407085698798517
2025-10-02,1.7280975858367255e-05,0.0,0.13829087092272585,0.34998229086740335,0.2376559812218857,1.270389639140207e-18,0.27407085698798517
2025-10-03,0.0007232738756472923,0.0,0.13829087092272585,0.34998229086740335,0.2376559812218857,1.270389639140207e-18,0.27407085698798517
2025-10-06,0.0052155476800595894,0.0,0.13829087092272585,0.34998229086740335,0.2376559812218857,1.270389639140207e-18,0.27407085698798517
2025-10-07,0.00315077244408799,0.0,0.13829087092272585,0.34998229086740335,0.2376559812218857,1.270389639140207e-18,0.27407085698798517
2025-10-08,0.005354763843188676,0.0,0.13829087092272585,0.34998229086740335,0.2376559812218857,1.270389639140207e-18,0.27407085698798517
2025-10-09,-0.003198183004469112,0.0,0.13829087092272585,0.34998229086740335,0.2376559812218857,1.270389639140207e-18,0.27407085698798517
2025-10-10,-0.0006120846609722181,0.0,0.13829087092272585,0.34998229086740335,0.2376559812218857,1.270389639140207e-18,0.27407085698798517
2025-10-13,0.009008246884790266,0.0,0.13829087092272585,0.34998229086740335,0.2376559812218857,1.270389639140207e-18,0.27407085698798517
2025-10-14,0.0015913609512212892,0.0,0.13829087092272585,0.34998229086740335,0.2376559812218857,1.270389639140207e-18,0.27407085698798517
2025-10-15,0.0034564831884884664,0.0,0.13829087092272585,0.34998229086740335,0.2376559812218857,1.270389639140207e-18,0.27407085698798517
2025-10-16,0.005153734546995696,0.0,0.13829087092272585,0.34998229086740335,0.2376559812218857,1.270389639140207e-18,0.27407085698798517
2025-10-17,-0.00406565872781178,0.0,0.13829087092272585,0.34998229086740335,0.2376559812218857,1.270389639140207e-18,0.27407085698798517
2025-10-20,0.011122725736057538,0.0,0.13829087092272585,0.34998229086740335,0.2376559812218857,1.270389639140207e-18,0.27407085698798517
2025-10-21,-0.014055332149616597,0.0,0.13829087092272585,0.34998229086740335,0.2376559812218857,1.270389639140207e-18,0.27407085698798517
2025-10-22,-0.0008796498752507359,0.013584176090279391,0.12470669483244647,0.34998229086740335,0.2376559812218857,1.5600086242437742e-18,0.28765503307826457
2025-10-23,0.0006290043768535228,0.0,0.12470669483244647,0.34998229086740335,0.2376559812218857,1.5600086242437742e-18,0.28765503307826457
2025-10-24,0.000506639034018879,0.0,0.12470669483244647,0.34998229086740335,0.2376559812218857,1.5600086242437742e-18,0.28765503307826457
2025-10-27,-0.005496141280355683,0.0,0.12470669483244647,0.34998229086740335,0.2376559812218857,1.5600086242437742e-18,0.28765503307826457
2025-10-28,-0.001307636070568777,0.0,0.12470669483244647,0.34998229086740335,0.2376559812218857,1.5600086242437742e-18,0.28765503307826457
2025-10-29,-0.0015267938386998112,0.0,0.12470669483244647,0.34998229086740335,0.2376559812218857,1.5600086242437742e-18,0.28765503307826457
2025-10-30,0.004002712161129296,0.0,0.12470669483244647,0.34998229086740335,0.2376559812218857,1.5600086242437742e-18,0.28765503307826457
2025-10-31,-6.602331738702239e-06,0.0,0.12470669483244647,0.34998229086740335,0.2376559812218857,1.5600086242437742e-18,0.28765503307826457
2025-11-03,0.0006771715297668541,0.0,0.12470669483244647,0.34998229086740335,0.2376559812218857,1.5600086242437742e-18,0.28765503307826457
2025-11-04,-0.004321709658912633,0.0,0.12470669483244647,0.34998229086740335,0.2376559812218857,1.5600086242437742e-18,0.28765503307826457
2025-11-05,0.0016187278732295073,0.0,0.12470669483244647,0.34998229086740335,0.2376559812218857,1.5600086242437742e-18,0.28765503307826457
2025-11-06,-0.001435581762253996,0.0,0.12470669483244647,0.34998229086740335,0.2376559812218857,1.5600086242437742e-18,0.28765503307826457
2025-11-07,0.0015476690042761107,0.0,0.12470669483244647,0.34998229086740335,0.2376559812218857,1.5600086242437742e-18,0.28765503307826457
2025-11-10,0.008049861570831636,0.0,0.12470669483244647,0.34998229086740335,0.2376559812218857,1.5600086242437742e-18,0.28765503307826457
2025-11-11,0.0018695745296716322,0.0,0.12470669483244647,0.34998229086740335,0.2376559812218857,1.5600086242437742e-18,0.28765503307826457
2025-11-12,0.004051252172930152,0.0,0.12470669483244647,0.34998229086740335,0.2376559812218857,1.5600086242437742e-18,0.28765503307826457
2025-11-13,-0.0058424472957022,0.0,0.12470669483244647,0.34998229086740335,0.2376559812218857,1.5600086242437742e-18,0.28765503307826457
2025-11-14,-0.004561544856297421,0.0,0.12470669483244647,0.34998229086740335,0.2376559812218857,1.5600086242437742e-18,0.28765503307826457
2025-11-17,-0.0027736342530780703,0.0,0.12470669483244647,0.34998229086740335,0.2376559812218857,1.5600086242437742e-18,0.28765503307826457
2025-11-18,0.0015719925680850576,0.0,0.12470669483244647,0.34998229086740335,0.2376559812218857,1.5600086242437742e-18,0.28765503307826457
2025-11-19,0.002430339161385635,0.0,0.12470669483244647,0.34998229086740335,0.2376559812218857,1.5600086242437742e-18,0.28765503307826457
2025-11-20,-0.0009917890047144088,0.0,0.12470669483244647,0.34998229086740335,0.2376559812218857,1.5600086242437742e-18,0.28765503307826457
2025-11-21,0.0018026537377843677,0.0,0.12470669483244647,0.34998229086740335,0.2376559812218857,1.5600086242437742e-18,0.28765503307826457
2025-11-24,0.006189803863110332,0.0,0.12470669483244647,0.34998229086740335,0.2376559812218857,1.5600086242437742e-18,0.28765503307826457
2025-11-25,0.0011358806363089657,0.0,0.12470669483244647,0.34998229086740335,0.2376559812218857,1.5600086242437742e-18,0.28765503307826457
2025-11-26,0.002224368830488794,0.0,0.12470669483244647,0.34998229086740335,0.2376559812218857,1.5600086242437742e-18,0.28765503307826457
2025-11-28,0.00278702384867039,0.0,0.12470669483244647,0.34998229086740335,0.2376559812218857,1.5600086242437742e-18,0.28765503307826457
2025-12-01,-0.0015089510265003242,0.0,0.12470669483244647,0.34998229086740335,0.2376559812218857,1.5600086242437742e-18,0.28765503307826457
2025-12-02,-0.0010420211482173936,0.0,0.12470669483244647,0.34998229086740335,0.2376559812218857,1.5600086242437742e-18,0.28765503307826457
2025-12-03,-0.0005595880084987799,0.0,0.12470669483244647,0.34998229086740335,0.2376559812218857,1.5600086242437742e-18,0.28765503307826457
2025-12-04,-0.00018156836922323262,0.0,0.12470669483244647,0.34998229086740335,0.2376559812218857,1.5600086242437742e-18,0.28765503307826457
2025-12-05,-0.001214686173207367,0.0,0.12470669483244647,0.34998229086740335,0.2376559812218857,1.5600086242437742e-18,0.28765503307826457
2025-12-08,-0.001379365397326744,0.0,0.12470669483244647,0.34998229086740335,0.2376559812218857,1.5600086242437742e-18,0.28765503307826457
2025-12-09,0.0010080441448848784,0.0,0.12470669483244647,0.34998229086740335,0.2376559812218857,1.5600086242437742e-18,0.28765503307826457
2025-12-10,0.0014393364478947302,0.0,0.12470669483244647,0.34998229086740335,0.2376559812218857,1.5600086242437742e-18,0.28765503307826457
2025-12-11,0.0018123721242610021,0.0,0.12470669483244647,0.34998229086740335,0.2376559812218857,1.5600086242437742e-18,0.28765503307826457
2025-12-12,-0.0005438004490568928,0.0,0.12470669483244647,0.34998229086740335,0.2376559812218857,1.5600086242437742e-18,0.28765503307826457
2025-12-15,0.00010197998812540804,0.0,0.12470669483244647,0.34998229086740335,0.2376559812218857,1.5600086242437742e-18,0.28765503307826457
2025-12-16,0.0004274701677970856,0.0,0.12470669483244647,0.34998229086740335,0.2376559812218857,1.5600086242437742e-18,0.28765503307826457
2025-12-17,0.0011237177630757018,0.0,0.12470669483244647,0.34998229086740335,0.2376559812218857,1.5600086242437742e-18,0.28765503307826457
2025-12-18,0.0016676198442203503,0.0,0.12470669483244647,0.34998229086740335,0.2376559812218857,1.5600086242437742e-18,0.28765503307826457
2025-12-19,0.001498576882191299,0.0,0.12470669483244647,0.34998229086740335,0.2376559812218857,1.5600086242437742e-18,0.28765503307826457
2025-12-22,0.004659334645755933,0.0,0.12470669483244647,0.34998229086740335,0.2376559812218857,1.5600086242437742e-18,0.28765503307826457
2025-12-23,0.002589905684110092,0.0,0.12470669483244647,0.34998229086740335,0.2376559812218857,1.5600086242437742e-18,0.28765503307826457
2025-12-24,0.00043265722718145337,0.0,0.12470669483244647,0.34998229086740335,0.2376559812218857,1.5600086242437742e-18,0.28765503307826457
2025-12-26,0.0032611272083644515,0.0,0.12470669483244647,0.34998229086740335,0.2376559812218857,1.5600086242437742e-18,0.28765503307826457
2025-12-29,-0.01039858409500314,0.0,0.12470669483244647,0.34998229086740335,0.2376559812218857,1.5600086242437742e-18,0.28765503307826457
2025-12-30,0.00038400475633012664,0.0,0.12470669483244647,0.34998229086740335,0.2376559812218857,1.5600086242437742e-18,0.28765503307826457
2025-12-31,-0.0038385422265753426,0.0,0.12470669483244647,0.34998229086740335,0.2376559812218857,1.5600086242437742e-18,0.28765503307826457
2026-01-02,0.001973285148956873,0.0,0.12470669483244647,0.34998229086740335,0.2376559812218857,1.5600086242437742e-18,0.28765503307826457
2026-01-05,0.007592580789773925,0.0,0.12470669483244647,0.34998229086740335,0.2376559812218857,1.5600086242437742e-18,0.28765503307826457
2026-01-06,0.0040268438941188,0.0,0.12470669483244647,0.34998229086740335,0.2376559812218857,1.5600086242437742e-18,0.28765503307826457
2026-01-07,-0.0016357426632618507,0.0,0.12470669483244647,0.34998229086740335,0.2376559812218857,1.5600086242437742e-18,0.28765503307826457
2026-01-08,0.0010042071688854642,0.0,0.12470669483244647,0.34998229086740335,0.2376559812218857,1.5600086242437742e-18,0.28765503307826457
2026-01-09,0.003552015481002518,0.0,0.12470669483244647,0.34998229086740335,0.2376559812218857,1.5600086242437742e-18,0.28765503307826457
2026-01-12,0.0036418731411487996,0.0,0.12470669483244647,0.34998229086740335,0.2376559812218857,1.5600086242437742e-18,0.28765503307826457
2026-01-13,0.0005935579745319351,0.0,0.12470669483244647,0.34998229086740335,0.2376559812218857,1.5600086242437742e-18,0.28765503307826457
2026-01-14,0.0022657796234935358,0.0,0.12470669483244647,0.34998229086740335,0.2376559812218857,1.5600086242437742e-18,0.28765503307826457
2026-01-15,-0.0008148852588987201,0.0,0.12470669483244647,0.34998229086740335,0.2376559812218857,1.5600086242437742e-18,0.28765503307826457
2026-01-16,-0.002575416074275209,0.0,0.12470669483244647,0.34998229086740335,0.2376559812218857,1.5600086242437742e-18,0.28765503307826457
2026-01-20,0.0025213290647720654,0.0,0.12470669483244647,0.34998229086740335,0.2376559812218857,1.5600086242437742e-18,0.28765503307826457
2026-01-21,0.006422330530674125,0.0,0.12470669483244647,0.34998229086740335,0.2376559812218857,1.5600086242437742e-18,0.28765503307826457
2026-01-22,0.003725029498585067,0.0,0.12470669483244647,0.34998229086740335,0.2376559812218857,1.5600086242437742e-18,0.28765503307826457
2026-01-23,0.0013151330308309559,0.0,0.12470669483244647,0.34998229086740335,0.2376559812218857,1.5600086242437742e-18,0.28765503307826457
2026-01-26,0.003191458788541779,0.0,0.12470669483244647,0.34998229086740335,0.2376559812218857,1.5600086242437742e-18,0.28765503307826457
2026-01-27,0.002517676020547014,0.0,0.12470669483244647,0.34998229086740335,0.2376559812218857,1.5600086242437742e-18,0.28765503307826457
2026-01-28,0.010472062210306646,0.0,0.12470669483244647,0.34998229086740335,0.2376559812218857,1.5600086242437742e-18,0.28765503307826457
2026-01-29,0.00041410212073641166,0.0,0.12470669483244647,0.34998229086740335,0.2376559812218857,1.5600086242437742e-18,0.28765503307826457
2026-01-30,-0.023722212059597004,0.0,0.12470669483244647,0.34998229086740335,0.2376559812218857,1.5600086242437742e-18,0.28765503307826457
2026-02-02,-0.008236257107503545,0.0012669921412225985,0.12343970269122383,0.34998229086740335,0.2376559812218857,3.034646272058335e-18,0.2889220252194871
2026-02-03,0.013188601083829962,0.0,0.12343970269122383,0.34998229086740335,0.2376559812218857,3.034646272058335e-18,0.2889220252194871
2026-02-04,9.589188016313451e-05,0.0,0.12343970269122383,0.34998229086740335,0.2376559812218857,3.034646272058335e-18,0.2889220252194871
2026-02-05,-0.005036065725280763,0.0,0.12343970269122383,0.34998229086740335,0.2376559812218857,3.034646272058335e-18,0.2889220252194871
2026-02-06,0.008746859166639627,0.0,0.12343970269122383,0.34998229086740335,0.2376559812218857,3.034646272058335e-18,0.2889220252194871
2026-02-09,0.004249362864461962,0.0,0.12343970269122383,0.34998229086740335,0.2376559812218857,3.034646272058335e-18,0.2889220252194871
2026-02-10,-0.001142090617889671,0.0,0.12343970269122383,0.34998229086740335,0.2376559812218857,3.034646272058335e-18,0.2889220252194871
2026-02-11,0.0020096130340430834,0.0,0.12343970269122383,0.34998229086740335,0.2376559812218857,3.034646272058335e-18,0.2889220252194871
2026-02-12,-0.008317259825638093,0.0,0.12343970269122383,0.34998229086740335,0.2376559812218857,3.034646272058335e-18,0.2889220252194871
2026-02-13,0.007272574086041583,0.0,0.12343970269122383,0.34998229086740335,0.2376559812218857,3.034646272058335e-18,0.2889220252194871
2026-02-17,-0.006466534388247623,0.0,0.12343970269122383,0.34998229086740335,0.2376559812218857,3.034646272058335e-18,0.2889220252194871
2026-02-18,0.0070694295450647445,0.0,0.12343970269122383,0.34998229086740335,0.2376559812218857,3.034646272058335e-18,0.2889220252194871
2026-02-19,0.0010650353088744703,0.0,0.12343970269122383,0.34998229086740335,0.2376559812218857,3.034646272058335e-18,0.2889220252194871
